ISO-10303-21;
HEADER;
FILE_DESCRIPTION(('KiCad electronic assembly'),'2;1');
FILE_NAME('br2_5v_interface_U_starter.step','2026-08-18T13:27:34',(
    'Pcbnew'),('Kicad'),'Open CASCADE STEP processor 7.6',
  'KiCad to STEP converter','Unknown');
FILE_SCHEMA(('AUTOMOTIVE_DESIGN { 1 0 10303 214 1 1 1 1 }'));
ENDSEC;
DATA;
#1 = APPLICATION_PROTOCOL_DEFINITION('international standard',
  'automotive_design',2000,#2);
#2 = APPLICATION_CONTEXT(
  'core data for automotive mechanical design processes');
#3 = SHAPE_DEFINITION_REPRESENTATION(#4,#10);
#4 = PRODUCT_DEFINITION_SHAPE('','',#5);
#5 = PRODUCT_DEFINITION('design','',#6,#9);
#6 = PRODUCT_DEFINITION_FORMATION('','',#7);
#7 = PRODUCT('br2_5v_interface_U_starter 1',
  'br2_5v_interface_U_starter 1','',(#8));
#8 = PRODUCT_CONTEXT('',#2,'mechanical');
#9 = PRODUCT_DEFINITION_CONTEXT('part definition',#2,'design');
#10 = SHAPE_REPRESENTATION('',(#11,#15),#19);
#11 = AXIS2_PLACEMENT_3D('',#12,#13,#14);
#12 = CARTESIAN_POINT('',(0.,0.,0.));
#13 = DIRECTION('',(0.,0.,1.));
#14 = DIRECTION('',(1.,0.,-0.));
#15 = AXIS2_PLACEMENT_3D('',#16,#17,#18);
#16 = CARTESIAN_POINT('',(0.,0.,0.));
#17 = DIRECTION('',(0.,0.,1.));
#18 = DIRECTION('',(1.,0.,-0.));
#19 = ( GEOMETRIC_REPRESENTATION_CONTEXT(3) 
GLOBAL_UNCERTAINTY_ASSIGNED_CONTEXT((#23)) GLOBAL_UNIT_ASSIGNED_CONTEXT(
(#20,#21,#22)) REPRESENTATION_CONTEXT('Context #1',
  '3D Context with UNIT and UNCERTAINTY') );
#20 = ( LENGTH_UNIT() NAMED_UNIT(*) SI_UNIT(.MILLI.,.METRE.) );
#21 = ( NAMED_UNIT(*) PLANE_ANGLE_UNIT() SI_UNIT($,.RADIAN.) );
#22 = ( NAMED_UNIT(*) SI_UNIT($,.STERADIAN.) SOLID_ANGLE_UNIT() );
#23 = UNCERTAINTY_MEASURE_WITH_UNIT(LENGTH_MEASURE(1.E-07),#20,
  'distance_accuracy_value','confusion accuracy');
#24 = PRODUCT_RELATED_PRODUCT_CATEGORY('part',$,(#7));
#25 = SHAPE_DEFINITION_REPRESENTATION(#26,#32);
#26 = PRODUCT_DEFINITION_SHAPE('','',#27);
#27 = PRODUCT_DEFINITION('design','',#28,#31);
#28 = PRODUCT_DEFINITION_FORMATION('','',#29);
#29 = PRODUCT('br2_5v_interface_U_starter PCB',
  'br2_5v_interface_U_starter PCB','',(#30));
#30 = PRODUCT_CONTEXT('',#2,'mechanical');
#31 = PRODUCT_DEFINITION_CONTEXT('part definition',#2,'design');
#32 = ADVANCED_BREP_SHAPE_REPRESENTATION('',(#11,#33),#16655);
#33 = MANIFOLD_SOLID_BREP('',#34);
#34 = CLOSED_SHELL('',(#35,#155,#231,#307,#6517,#11842,#11869,#11896,
    #11923,#11950,#11977,#12004,#12011,#12038,#12065,#12092,#12119,
    #12146,#12173,#12200,#12227,#12254,#12281,#12308,#12335,#12362,
    #12389,#12416,#12443,#12470,#12497,#12524,#12551,#12578,#12605,
    #12632,#12659,#12686,#12713,#12740,#12767,#12794,#12821,#12848,
    #12875,#12902,#12929,#12956,#12983,#13010,#13037,#13064,#13091,
    #13118,#13145,#13172,#13199,#13226,#13253,#13280,#13307,#13334,
    #13361,#13388,#13415,#13442,#13469,#13496,#13523,#13550,#13577,
    #13604,#13631,#13658,#13685,#13712,#13739,#13766,#13793,#13820,
    #13847,#13874,#13901,#13928,#13955,#13982,#14009,#14036,#14063,
    #14090,#14117,#14144,#14171,#14198,#14225,#14252,#14279,#14306,
    #14333,#14360,#14387,#14414,#14441,#14468,#14495,#14522,#14549,
    #14576,#14603,#14630,#14657,#14684,#14711,#14738,#14765,#14792,
    #14819,#14846,#14873,#14900,#14927,#14954,#14981,#15008,#15035,
    #15062,#15089,#15116,#15143,#15170,#15197,#15224,#15251,#15278,
    #15305,#15332,#15359,#15386,#15413,#15440,#15467,#15494,#15521,
    #15548,#15575,#15602,#15629,#15656,#15683,#15710,#15737,#15764,
    #15791,#15818,#15845,#15872,#15899,#15926,#15953,#15980,#16007,
    #16034,#16061,#16088,#16115,#16142,#16169,#16196,#16223,#16250,
    #16277,#16304,#16331,#16358,#16385,#16412,#16439,#16466,#16493,
    #16520,#16547,#16574,#16601,#16628));
#35 = ADVANCED_FACE('',(#36),#50,.T.);
#36 = FACE_BOUND('',#37,.T.);
#37 = EDGE_LOOP('',(#38,#73,#101,#129));
#38 = ORIENTED_EDGE('',*,*,#39,.T.);
#39 = EDGE_CURVE('',#40,#42,#44,.T.);
#40 = VERTEX_POINT('',#41);
#41 = CARTESIAN_POINT('',(187.96,-63.5,0.));
#42 = VERTEX_POINT('',#43);
#43 = CARTESIAN_POINT('',(187.96,-63.5,1.6));
#44 = SURFACE_CURVE('',#45,(#49,#61),.PCURVE_S1.);
#45 = LINE('',#46,#47);
#46 = CARTESIAN_POINT('',(187.96,-63.5,0.));
#47 = VECTOR('',#48,1.);
#48 = DIRECTION('',(0.,0.,1.));
#49 = PCURVE('',#50,#55);
#50 = PLANE('',#51);
#51 = AXIS2_PLACEMENT_3D('',#52,#53,#54);
#52 = CARTESIAN_POINT('',(187.96,-63.5,0.));
#53 = DIRECTION('',(1.,0.,-0.));
#54 = DIRECTION('',(0.,-1.,0.));
#55 = DEFINITIONAL_REPRESENTATION('',(#56),#60);
#56 = LINE('',#57,#58);
#57 = CARTESIAN_POINT('',(0.,0.));
#58 = VECTOR('',#59,1.);
#59 = DIRECTION('',(0.,-1.));
#60 = ( GEOMETRIC_REPRESENTATION_CONTEXT(2) 
PARAMETRIC_REPRESENTATION_CONTEXT() REPRESENTATION_CONTEXT('2D SPACE',''
  ) );
#61 = PCURVE('',#62,#67);
#62 = PLANE('',#63);
#63 = AXIS2_PLACEMENT_3D('',#64,#65,#66);
#64 = CARTESIAN_POINT('',(152.4,-48.26,0.));
#65 = DIRECTION('',(0.393919298579,0.919145030018,-0.));
#66 = DIRECTION('',(0.919145030018,-0.393919298579,0.));
#67 = DEFINITIONAL_REPRESENTATION('',(#68),#72);
#68 = LINE('',#69,#70);
#69 = CARTESIAN_POINT('',(38.688127377789,0.));
#70 = VECTOR('',#71,1.);
#71 = DIRECTION('',(0.,-1.));
#72 = ( GEOMETRIC_REPRESENTATION_CONTEXT(2) 
PARAMETRIC_REPRESENTATION_CONTEXT() REPRESENTATION_CONTEXT('2D SPACE',''
  ) );
#73 = ORIENTED_EDGE('',*,*,#74,.T.);
#74 = EDGE_CURVE('',#42,#75,#77,.T.);
#75 = VERTEX_POINT('',#76);
#76 = CARTESIAN_POINT('',(187.96,-109.22,1.6));
#77 = SURFACE_CURVE('',#78,(#82,#89),.PCURVE_S1.);
#78 = LINE('',#79,#80);
#79 = CARTESIAN_POINT('',(187.96,-63.5,1.6));
#80 = VECTOR('',#81,1.);
#81 = DIRECTION('',(0.,-1.,0.));
#82 = PCURVE('',#50,#83);
#83 = DEFINITIONAL_REPRESENTATION('',(#84),#88);
#84 = LINE('',#85,#86);
#85 = CARTESIAN_POINT('',(0.,-1.6));
#86 = VECTOR('',#87,1.);
#87 = DIRECTION('',(1.,0.));
#88 = ( GEOMETRIC_REPRESENTATION_CONTEXT(2) 
PARAMETRIC_REPRESENTATION_CONTEXT() REPRESENTATION_CONTEXT('2D SPACE',''
  ) );
#89 = PCURVE('',#90,#95);
#90 = PLANE('',#91);
#91 = AXIS2_PLACEMENT_3D('',#92,#93,#94);
#92 = CARTESIAN_POINT('',(143.77084337883,-88.36617503597,1.6));
#93 = DIRECTION('',(-0.,-0.,-1.));
#94 = DIRECTION('',(-1.,0.,0.));
#95 = DEFINITIONAL_REPRESENTATION('',(#96),#100);
#96 = LINE('',#97,#98);
#97 = CARTESIAN_POINT('',(-44.18915662116,24.866175035979));
#98 = VECTOR('',#99,1.);
#99 = DIRECTION('',(0.,-1.));
#100 = ( GEOMETRIC_REPRESENTATION_CONTEXT(2) 
PARAMETRIC_REPRESENTATION_CONTEXT() REPRESENTATION_CONTEXT('2D SPACE',''
  ) );
#101 = ORIENTED_EDGE('',*,*,#102,.F.);
#102 = EDGE_CURVE('',#103,#75,#105,.T.);
#103 = VERTEX_POINT('',#104);
#104 = CARTESIAN_POINT('',(187.96,-109.22,0.));
#105 = SURFACE_CURVE('',#106,(#110,#117),.PCURVE_S1.);
#106 = LINE('',#107,#108);
#107 = CARTESIAN_POINT('',(187.96,-109.22,0.));
#108 = VECTOR('',#109,1.);
#109 = DIRECTION('',(0.,0.,1.));
#110 = PCURVE('',#50,#111);
#111 = DEFINITIONAL_REPRESENTATION('',(#112),#116);
#112 = LINE('',#113,#114);
#113 = CARTESIAN_POINT('',(45.72,0.));
#114 = VECTOR('',#115,1.);
#115 = DIRECTION('',(0.,-1.));
#116 = ( GEOMETRIC_REPRESENTATION_CONTEXT(2) 
PARAMETRIC_REPRESENTATION_CONTEXT() REPRESENTATION_CONTEXT('2D SPACE',''
  ) );
#117 = PCURVE('',#118,#123);
#118 = PLANE('',#119);
#119 = AXIS2_PLACEMENT_3D('',#120,#121,#122);
#120 = CARTESIAN_POINT('',(187.96,-109.22,0.));
#121 = DIRECTION('',(0.393919298579,-0.919145030018,0.));
#122 = DIRECTION('',(-0.919145030018,-0.393919298579,0.));
#123 = DEFINITIONAL_REPRESENTATION('',(#124),#128);
#124 = LINE('',#125,#126);
#125 = CARTESIAN_POINT('',(0.,0.));
#126 = VECTOR('',#127,1.);
#127 = DIRECTION('',(0.,-1.));
#128 = ( GEOMETRIC_REPRESENTATION_CONTEXT(2) 
PARAMETRIC_REPRESENTATION_CONTEXT() REPRESENTATION_CONTEXT('2D SPACE',''
  ) );
#129 = ORIENTED_EDGE('',*,*,#130,.F.);
#130 = EDGE_CURVE('',#40,#103,#131,.T.);
#131 = SURFACE_CURVE('',#132,(#136,#143),.PCURVE_S1.);
#132 = LINE('',#133,#134);
#133 = CARTESIAN_POINT('',(187.96,-63.5,0.));
#134 = VECTOR('',#135,1.);
#135 = DIRECTION('',(0.,-1.,0.));
#136 = PCURVE('',#50,#137);
#137 = DEFINITIONAL_REPRESENTATION('',(#138),#142);
#138 = LINE('',#139,#140);
#139 = CARTESIAN_POINT('',(0.,0.));
#140 = VECTOR('',#141,1.);
#141 = DIRECTION('',(1.,0.));
#142 = ( GEOMETRIC_REPRESENTATION_CONTEXT(2) 
PARAMETRIC_REPRESENTATION_CONTEXT() REPRESENTATION_CONTEXT('2D SPACE',''
  ) );
#143 = PCURVE('',#144,#149);
#144 = PLANE('',#145);
#145 = AXIS2_PLACEMENT_3D('',#146,#147,#148);
#146 = CARTESIAN_POINT('',(143.77084337883,-88.36617503597,0.));
#147 = DIRECTION('',(-0.,-0.,-1.));
#148 = DIRECTION('',(-1.,0.,0.));
#149 = DEFINITIONAL_REPRESENTATION('',(#150),#154);
#150 = LINE('',#151,#152);
#151 = CARTESIAN_POINT('',(-44.18915662116,24.866175035979));
#152 = VECTOR('',#153,1.);
#153 = DIRECTION('',(0.,-1.));
#154 = ( GEOMETRIC_REPRESENTATION_CONTEXT(2) 
PARAMETRIC_REPRESENTATION_CONTEXT() REPRESENTATION_CONTEXT('2D SPACE',''
  ) );
#155 = ADVANCED_FACE('',(#156),#62,.T.);
#156 = FACE_BOUND('',#157,.T.);
#157 = EDGE_LOOP('',(#158,#188,#209,#210));
#158 = ORIENTED_EDGE('',*,*,#159,.T.);
#159 = EDGE_CURVE('',#160,#162,#164,.T.);
#160 = VERTEX_POINT('',#161);
#161 = CARTESIAN_POINT('',(152.4,-48.26,0.));
#162 = VERTEX_POINT('',#163);
#163 = CARTESIAN_POINT('',(152.4,-48.26,1.6));
#164 = SURFACE_CURVE('',#165,(#169,#176),.PCURVE_S1.);
#165 = LINE('',#166,#167);
#166 = CARTESIAN_POINT('',(152.4,-48.26,0.));
#167 = VECTOR('',#168,1.);
#168 = DIRECTION('',(0.,0.,1.));
#169 = PCURVE('',#62,#170);
#170 = DEFINITIONAL_REPRESENTATION('',(#171),#175);
#171 = LINE('',#172,#173);
#172 = CARTESIAN_POINT('',(0.,0.));
#173 = VECTOR('',#174,1.);
#174 = DIRECTION('',(0.,-1.));
#175 = ( GEOMETRIC_REPRESENTATION_CONTEXT(2) 
PARAMETRIC_REPRESENTATION_CONTEXT() REPRESENTATION_CONTEXT('2D SPACE',''
  ) );
#176 = PCURVE('',#177,#182);
#177 = PLANE('',#178);
#178 = AXIS2_PLACEMENT_3D('',#179,#180,#181);
#179 = CARTESIAN_POINT('',(111.76,-48.26,0.));
#180 = DIRECTION('',(0.,1.,0.));
#181 = DIRECTION('',(1.,0.,0.));
#182 = DEFINITIONAL_REPRESENTATION('',(#183),#187);
#183 = LINE('',#184,#185);
#184 = CARTESIAN_POINT('',(40.64,0.));
#185 = VECTOR('',#186,1.);
#186 = DIRECTION('',(0.,-1.));
#187 = ( GEOMETRIC_REPRESENTATION_CONTEXT(2) 
PARAMETRIC_REPRESENTATION_CONTEXT() REPRESENTATION_CONTEXT('2D SPACE',''
  ) );
#188 = ORIENTED_EDGE('',*,*,#189,.T.);
#189 = EDGE_CURVE('',#162,#42,#190,.T.);
#190 = SURFACE_CURVE('',#191,(#195,#202),.PCURVE_S1.);
#191 = LINE('',#192,#193);
#192 = CARTESIAN_POINT('',(152.4,-48.26,1.6));
#193 = VECTOR('',#194,1.);
#194 = DIRECTION('',(0.919145030018,-0.393919298579,0.));
#195 = PCURVE('',#62,#196);
#196 = DEFINITIONAL_REPRESENTATION('',(#197),#201);
#197 = LINE('',#198,#199);
#198 = CARTESIAN_POINT('',(0.,-1.6));
#199 = VECTOR('',#200,1.);
#200 = DIRECTION('',(1.,0.));
#201 = ( GEOMETRIC_REPRESENTATION_CONTEXT(2) 
PARAMETRIC_REPRESENTATION_CONTEXT() REPRESENTATION_CONTEXT('2D SPACE',''
  ) );
#202 = PCURVE('',#90,#203);
#203 = DEFINITIONAL_REPRESENTATION('',(#204),#208);
#204 = LINE('',#205,#206);
#205 = CARTESIAN_POINT('',(-8.629156621162,40.106175035979));
#206 = VECTOR('',#207,1.);
#207 = DIRECTION('',(-0.919145030018,-0.393919298579));
#208 = ( GEOMETRIC_REPRESENTATION_CONTEXT(2) 
PARAMETRIC_REPRESENTATION_CONTEXT() REPRESENTATION_CONTEXT('2D SPACE',''
  ) );
#209 = ORIENTED_EDGE('',*,*,#39,.F.);
#210 = ORIENTED_EDGE('',*,*,#211,.F.);
#211 = EDGE_CURVE('',#160,#40,#212,.T.);
#212 = SURFACE_CURVE('',#213,(#217,#224),.PCURVE_S1.);
#213 = LINE('',#214,#215);
#214 = CARTESIAN_POINT('',(152.4,-48.26,0.));
#215 = VECTOR('',#216,1.);
#216 = DIRECTION('',(0.919145030018,-0.393919298579,0.));
#217 = PCURVE('',#62,#218);
#218 = DEFINITIONAL_REPRESENTATION('',(#219),#223);
#219 = LINE('',#220,#221);
#220 = CARTESIAN_POINT('',(0.,0.));
#221 = VECTOR('',#222,1.);
#222 = DIRECTION('',(1.,0.));
#223 = ( GEOMETRIC_REPRESENTATION_CONTEXT(2) 
PARAMETRIC_REPRESENTATION_CONTEXT() REPRESENTATION_CONTEXT('2D SPACE',''
  ) );
#224 = PCURVE('',#144,#225);
#225 = DEFINITIONAL_REPRESENTATION('',(#226),#230);
#226 = LINE('',#227,#228);
#227 = CARTESIAN_POINT('',(-8.629156621162,40.106175035979));
#228 = VECTOR('',#229,1.);
#229 = DIRECTION('',(-0.919145030018,-0.393919298579));
#230 = ( GEOMETRIC_REPRESENTATION_CONTEXT(2) 
PARAMETRIC_REPRESENTATION_CONTEXT() REPRESENTATION_CONTEXT('2D SPACE',''
  ) );
#231 = ADVANCED_FACE('',(#232),#118,.T.);
#232 = FACE_BOUND('',#233,.T.);
#233 = EDGE_LOOP('',(#234,#235,#258,#286));
#234 = ORIENTED_EDGE('',*,*,#102,.T.);
#235 = ORIENTED_EDGE('',*,*,#236,.T.);
#236 = EDGE_CURVE('',#75,#237,#239,.T.);
#237 = VERTEX_POINT('',#238);
#238 = CARTESIAN_POINT('',(152.4,-124.46,1.6));
#239 = SURFACE_CURVE('',#240,(#244,#251),.PCURVE_S1.);
#240 = LINE('',#241,#242);
#241 = CARTESIAN_POINT('',(187.96,-109.22,1.6));
#242 = VECTOR('',#243,1.);
#243 = DIRECTION('',(-0.919145030018,-0.393919298579,0.));
#244 = PCURVE('',#118,#245);
#245 = DEFINITIONAL_REPRESENTATION('',(#246),#250);
#246 = LINE('',#247,#248);
#247 = CARTESIAN_POINT('',(0.,-1.6));
#248 = VECTOR('',#249,1.);
#249 = DIRECTION('',(1.,0.));
#250 = ( GEOMETRIC_REPRESENTATION_CONTEXT(2) 
PARAMETRIC_REPRESENTATION_CONTEXT() REPRESENTATION_CONTEXT('2D SPACE',''
  ) );
#251 = PCURVE('',#90,#252);
#252 = DEFINITIONAL_REPRESENTATION('',(#253),#257);
#253 = LINE('',#254,#255);
#254 = CARTESIAN_POINT('',(-44.18915662116,-20.85382496402));
#255 = VECTOR('',#256,1.);
#256 = DIRECTION('',(0.919145030018,-0.393919298579));
#257 = ( GEOMETRIC_REPRESENTATION_CONTEXT(2) 
PARAMETRIC_REPRESENTATION_CONTEXT() REPRESENTATION_CONTEXT('2D SPACE',''
  ) );
#258 = ORIENTED_EDGE('',*,*,#259,.F.);
#259 = EDGE_CURVE('',#260,#237,#262,.T.);
#260 = VERTEX_POINT('',#261);
#261 = CARTESIAN_POINT('',(152.4,-124.46,0.));
#262 = SURFACE_CURVE('',#263,(#267,#274),.PCURVE_S1.);
#263 = LINE('',#264,#265);
#264 = CARTESIAN_POINT('',(152.4,-124.46,0.));
#265 = VECTOR('',#266,1.);
#266 = DIRECTION('',(0.,0.,1.));
#267 = PCURVE('',#118,#268);
#268 = DEFINITIONAL_REPRESENTATION('',(#269),#273);
#269 = LINE('',#270,#271);
#270 = CARTESIAN_POINT('',(38.688127377789,0.));
#271 = VECTOR('',#272,1.);
#272 = DIRECTION('',(0.,-1.));
#273 = ( GEOMETRIC_REPRESENTATION_CONTEXT(2) 
PARAMETRIC_REPRESENTATION_CONTEXT() REPRESENTATION_CONTEXT('2D SPACE',''
  ) );
#274 = PCURVE('',#275,#280);
#275 = PLANE('',#276);
#276 = AXIS2_PLACEMENT_3D('',#277,#278,#279);
#277 = CARTESIAN_POINT('',(152.4,-124.46,0.));
#278 = DIRECTION('',(0.,-1.,0.));
#279 = DIRECTION('',(-1.,0.,0.));
#280 = DEFINITIONAL_REPRESENTATION('',(#281),#285);
#281 = LINE('',#282,#283);
#282 = CARTESIAN_POINT('',(0.,-0.));
#283 = VECTOR('',#284,1.);
#284 = DIRECTION('',(0.,-1.));
#285 = ( GEOMETRIC_REPRESENTATION_CONTEXT(2) 
PARAMETRIC_REPRESENTATION_CONTEXT() REPRESENTATION_CONTEXT('2D SPACE',''
  ) );
#286 = ORIENTED_EDGE('',*,*,#287,.F.);
#287 = EDGE_CURVE('',#103,#260,#288,.T.);
#288 = SURFACE_CURVE('',#289,(#293,#300),.PCURVE_S1.);
#289 = LINE('',#290,#291);
#290 = CARTESIAN_POINT('',(187.96,-109.22,0.));
#291 = VECTOR('',#292,1.);
#292 = DIRECTION('',(-0.919145030018,-0.393919298579,0.));
#293 = PCURVE('',#118,#294);
#294 = DEFINITIONAL_REPRESENTATION('',(#295),#299);
#295 = LINE('',#296,#297);
#296 = CARTESIAN_POINT('',(0.,0.));
#297 = VECTOR('',#298,1.);
#298 = DIRECTION('',(1.,0.));
#299 = ( GEOMETRIC_REPRESENTATION_CONTEXT(2) 
PARAMETRIC_REPRESENTATION_CONTEXT() REPRESENTATION_CONTEXT('2D SPACE',''
  ) );
#300 = PCURVE('',#144,#301);
#301 = DEFINITIONAL_REPRESENTATION('',(#302),#306);
#302 = LINE('',#303,#304);
#303 = CARTESIAN_POINT('',(-44.18915662116,-20.85382496402));
#304 = VECTOR('',#305,1.);
#305 = DIRECTION('',(0.919145030018,-0.393919298579));
#306 = ( GEOMETRIC_REPRESENTATION_CONTEXT(2) 
PARAMETRIC_REPRESENTATION_CONTEXT() REPRESENTATION_CONTEXT('2D SPACE',''
  ) );
#307 = ADVANCED_FACE('',(#308,#497,#532,#567,#602,#637,#672,#707,#742,
    #777,#812,#847,#882,#917,#952,#987,#1022,#1057,#1092,#1127,#1162,
    #1197,#1232,#1267,#1302,#1337,#1372,#1407,#1442,#1477,#1512,#1547,
    #1582,#1617,#1652,#1687,#1722,#1757,#1792,#1827,#1862,#1897,#1932,
    #1967,#2002,#2037,#2072,#2107,#2142,#2177,#2212,#2247,#2282,#2317,
    #2352,#2387,#2422,#2457,#2492,#2527,#2562,#2597,#2632,#2667,#2702,
    #2737,#2772,#2807,#2842,#2877,#2912,#2947,#2982,#3017,#3052,#3087,
    #3122,#3157,#3192,#3227,#3262,#3297,#3332,#3367,#3402,#3437,#3472,
    #3507,#3542,#3577,#3612,#3647,#3682,#3717,#3752,#3787,#3822,#3857,
    #3892,#3927,#3962,#3997,#4032,#4067,#4102,#4137,#4172,#4207,#4242,
    #4277,#4312,#4347,#4382,#4417,#4452,#4487,#4522,#4557,#4592,#4627,
    #4662,#4697,#4732,#4767,#4802,#4837,#4872,#4907,#4942,#4977,#5012,
    #5047,#5082,#5117,#5152,#5187,#5222,#5257,#5292,#5327,#5362,#5397,
    #5432,#5467,#5502,#5537,#5572,#5607,#5642,#5677,#5712,#5747,#5782,
    #5817,#5852,#5887,#5922,#5957,#5992,#6027,#6062,#6097,#6132,#6167,
    #6202,#6237,#6272,#6307,#6342,#6377,#6412,#6447,#6482),#144,.T.);
#308 = FACE_BOUND('',#309,.T.);
#309 = EDGE_LOOP('',(#310,#311,#312,#335,#363,#391,#419,#447,#475,#496)
  );
#310 = ORIENTED_EDGE('',*,*,#130,.T.);
#311 = ORIENTED_EDGE('',*,*,#287,.T.);
#312 = ORIENTED_EDGE('',*,*,#313,.T.);
#313 = EDGE_CURVE('',#260,#314,#316,.T.);
#314 = VERTEX_POINT('',#315);
#315 = CARTESIAN_POINT('',(96.52,-124.46,0.));
#316 = SURFACE_CURVE('',#317,(#321,#328),.PCURVE_S1.);
#317 = LINE('',#318,#319);
#318 = CARTESIAN_POINT('',(152.4,-124.46,0.));
#319 = VECTOR('',#320,1.);
#320 = DIRECTION('',(-1.,0.,0.));
#321 = PCURVE('',#144,#322);
#322 = DEFINITIONAL_REPRESENTATION('',(#323),#327);
#323 = LINE('',#324,#325);
#324 = CARTESIAN_POINT('',(-8.629156621162,-36.09382496402));
#325 = VECTOR('',#326,1.);
#326 = DIRECTION('',(1.,0.));
#327 = ( GEOMETRIC_REPRESENTATION_CONTEXT(2) 
PARAMETRIC_REPRESENTATION_CONTEXT() REPRESENTATION_CONTEXT('2D SPACE',''
  ) );
#328 = PCURVE('',#275,#329);
#329 = DEFINITIONAL_REPRESENTATION('',(#330),#334);
#330 = LINE('',#331,#332);
#331 = CARTESIAN_POINT('',(0.,-0.));
#332 = VECTOR('',#333,1.);
#333 = DIRECTION('',(1.,0.));
#334 = ( GEOMETRIC_REPRESENTATION_CONTEXT(2) 
PARAMETRIC_REPRESENTATION_CONTEXT() REPRESENTATION_CONTEXT('2D SPACE',''
  ) );
#335 = ORIENTED_EDGE('',*,*,#336,.T.);
#336 = EDGE_CURVE('',#314,#337,#339,.T.);
#337 = VERTEX_POINT('',#338);
#338 = CARTESIAN_POINT('',(96.52,-106.68,0.));
#339 = SURFACE_CURVE('',#340,(#344,#351),.PCURVE_S1.);
#340 = LINE('',#341,#342);
#341 = CARTESIAN_POINT('',(96.52,-124.46,0.));
#342 = VECTOR('',#343,1.);
#343 = DIRECTION('',(0.,1.,0.));
#344 = PCURVE('',#144,#345);
#345 = DEFINITIONAL_REPRESENTATION('',(#346),#350);
#346 = LINE('',#347,#348);
#347 = CARTESIAN_POINT('',(47.250843378838,-36.09382496402));
#348 = VECTOR('',#349,1.);
#349 = DIRECTION('',(0.,1.));
#350 = ( GEOMETRIC_REPRESENTATION_CONTEXT(2) 
PARAMETRIC_REPRESENTATION_CONTEXT() REPRESENTATION_CONTEXT('2D SPACE',''
  ) );
#351 = PCURVE('',#352,#357);
#352 = PLANE('',#353);
#353 = AXIS2_PLACEMENT_3D('',#354,#355,#356);
#354 = CARTESIAN_POINT('',(96.52,-124.46,0.));
#355 = DIRECTION('',(-1.,0.,0.));
#356 = DIRECTION('',(0.,1.,0.));
#357 = DEFINITIONAL_REPRESENTATION('',(#358),#362);
#358 = LINE('',#359,#360);
#359 = CARTESIAN_POINT('',(0.,0.));
#360 = VECTOR('',#361,1.);
#361 = DIRECTION('',(1.,0.));
#362 = ( GEOMETRIC_REPRESENTATION_CONTEXT(2) 
PARAMETRIC_REPRESENTATION_CONTEXT() REPRESENTATION_CONTEXT('2D SPACE',''
  ) );
#363 = ORIENTED_EDGE('',*,*,#364,.T.);
#364 = EDGE_CURVE('',#337,#365,#367,.T.);
#365 = VERTEX_POINT('',#366);
#366 = CARTESIAN_POINT('',(152.4,-106.68,0.));
#367 = SURFACE_CURVE('',#368,(#372,#379),.PCURVE_S1.);
#368 = LINE('',#369,#370);
#369 = CARTESIAN_POINT('',(96.52,-106.68,0.));
#370 = VECTOR('',#371,1.);
#371 = DIRECTION('',(1.,0.,0.));
#372 = PCURVE('',#144,#373);
#373 = DEFINITIONAL_REPRESENTATION('',(#374),#378);
#374 = LINE('',#375,#376);
#375 = CARTESIAN_POINT('',(47.250843378838,-18.31382496402));
#376 = VECTOR('',#377,1.);
#377 = DIRECTION('',(-1.,0.));
#378 = ( GEOMETRIC_REPRESENTATION_CONTEXT(2) 
PARAMETRIC_REPRESENTATION_CONTEXT() REPRESENTATION_CONTEXT('2D SPACE',''
  ) );
#379 = PCURVE('',#380,#385);
#380 = PLANE('',#381);
#381 = AXIS2_PLACEMENT_3D('',#382,#383,#384);
#382 = CARTESIAN_POINT('',(96.52,-106.68,0.));
#383 = DIRECTION('',(0.,1.,0.));
#384 = DIRECTION('',(1.,0.,0.));
#385 = DEFINITIONAL_REPRESENTATION('',(#386),#390);
#386 = LINE('',#387,#388);
#387 = CARTESIAN_POINT('',(0.,0.));
#388 = VECTOR('',#389,1.);
#389 = DIRECTION('',(1.,0.));
#390 = ( GEOMETRIC_REPRESENTATION_CONTEXT(2) 
PARAMETRIC_REPRESENTATION_CONTEXT() REPRESENTATION_CONTEXT('2D SPACE',''
  ) );
#391 = ORIENTED_EDGE('',*,*,#392,.T.);
#392 = EDGE_CURVE('',#365,#393,#395,.T.);
#393 = VERTEX_POINT('',#394);
#394 = CARTESIAN_POINT('',(152.4,-63.5,0.));
#395 = SURFACE_CURVE('',#396,(#400,#407),.PCURVE_S1.);
#396 = LINE('',#397,#398);
#397 = CARTESIAN_POINT('',(152.4,-106.68,0.));
#398 = VECTOR('',#399,1.);
#399 = DIRECTION('',(0.,1.,0.));
#400 = PCURVE('',#144,#401);
#401 = DEFINITIONAL_REPRESENTATION('',(#402),#406);
#402 = LINE('',#403,#404);
#403 = CARTESIAN_POINT('',(-8.629156621162,-18.31382496402));
#404 = VECTOR('',#405,1.);
#405 = DIRECTION('',(0.,1.));
#406 = ( GEOMETRIC_REPRESENTATION_CONTEXT(2) 
PARAMETRIC_REPRESENTATION_CONTEXT() REPRESENTATION_CONTEXT('2D SPACE',''
  ) );
#407 = PCURVE('',#408,#413);
#408 = PLANE('',#409);
#409 = AXIS2_PLACEMENT_3D('',#410,#411,#412);
#410 = CARTESIAN_POINT('',(152.4,-106.68,0.));
#411 = DIRECTION('',(-1.,0.,0.));
#412 = DIRECTION('',(0.,1.,0.));
#413 = DEFINITIONAL_REPRESENTATION('',(#414),#418);
#414 = LINE('',#415,#416);
#415 = CARTESIAN_POINT('',(0.,0.));
#416 = VECTOR('',#417,1.);
#417 = DIRECTION('',(1.,0.));
#418 = ( GEOMETRIC_REPRESENTATION_CONTEXT(2) 
PARAMETRIC_REPRESENTATION_CONTEXT() REPRESENTATION_CONTEXT('2D SPACE',''
  ) );
#419 = ORIENTED_EDGE('',*,*,#420,.T.);
#420 = EDGE_CURVE('',#393,#421,#423,.T.);
#421 = VERTEX_POINT('',#422);
#422 = CARTESIAN_POINT('',(111.76,-63.5,0.));
#423 = SURFACE_CURVE('',#424,(#428,#435),.PCURVE_S1.);
#424 = LINE('',#425,#426);
#425 = CARTESIAN_POINT('',(152.4,-63.5,0.));
#426 = VECTOR('',#427,1.);
#427 = DIRECTION('',(-1.,0.,0.));
#428 = PCURVE('',#144,#429);
#429 = DEFINITIONAL_REPRESENTATION('',(#430),#434);
#430 = LINE('',#431,#432);
#431 = CARTESIAN_POINT('',(-8.629156621162,24.866175035979));
#432 = VECTOR('',#433,1.);
#433 = DIRECTION('',(1.,0.));
#434 = ( GEOMETRIC_REPRESENTATION_CONTEXT(2) 
PARAMETRIC_REPRESENTATION_CONTEXT() REPRESENTATION_CONTEXT('2D SPACE',''
  ) );
#435 = PCURVE('',#436,#441);
#436 = PLANE('',#437);
#437 = AXIS2_PLACEMENT_3D('',#438,#439,#440);
#438 = CARTESIAN_POINT('',(152.4,-63.5,0.));
#439 = DIRECTION('',(0.,-1.,0.));
#440 = DIRECTION('',(-1.,0.,0.));
#441 = DEFINITIONAL_REPRESENTATION('',(#442),#446);
#442 = LINE('',#443,#444);
#443 = CARTESIAN_POINT('',(0.,-0.));
#444 = VECTOR('',#445,1.);
#445 = DIRECTION('',(1.,0.));
#446 = ( GEOMETRIC_REPRESENTATION_CONTEXT(2) 
PARAMETRIC_REPRESENTATION_CONTEXT() REPRESENTATION_CONTEXT('2D SPACE',''
  ) );
#447 = ORIENTED_EDGE('',*,*,#448,.T.);
#448 = EDGE_CURVE('',#421,#449,#451,.T.);
#449 = VERTEX_POINT('',#450);
#450 = CARTESIAN_POINT('',(111.76,-48.26,0.));
#451 = SURFACE_CURVE('',#452,(#456,#463),.PCURVE_S1.);
#452 = LINE('',#453,#454);
#453 = CARTESIAN_POINT('',(111.76,-63.5,0.));
#454 = VECTOR('',#455,1.);
#455 = DIRECTION('',(0.,1.,0.));
#456 = PCURVE('',#144,#457);
#457 = DEFINITIONAL_REPRESENTATION('',(#458),#462);
#458 = LINE('',#459,#460);
#459 = CARTESIAN_POINT('',(32.010843378838,24.866175035979));
#460 = VECTOR('',#461,1.);
#461 = DIRECTION('',(0.,1.));
#462 = ( GEOMETRIC_REPRESENTATION_CONTEXT(2) 
PARAMETRIC_REPRESENTATION_CONTEXT() REPRESENTATION_CONTEXT('2D SPACE',''
  ) );
#463 = PCURVE('',#464,#469);
#464 = PLANE('',#465);
#465 = AXIS2_PLACEMENT_3D('',#466,#467,#468);
#466 = CARTESIAN_POINT('',(111.76,-63.5,0.));
#467 = DIRECTION('',(-1.,0.,0.));
#468 = DIRECTION('',(0.,1.,0.));
#469 = DEFINITIONAL_REPRESENTATION('',(#470),#474);
#470 = LINE('',#471,#472);
#471 = CARTESIAN_POINT('',(0.,0.));
#472 = VECTOR('',#473,1.);
#473 = DIRECTION('',(1.,0.));
#474 = ( GEOMETRIC_REPRESENTATION_CONTEXT(2) 
PARAMETRIC_REPRESENTATION_CONTEXT() REPRESENTATION_CONTEXT('2D SPACE',''
  ) );
#475 = ORIENTED_EDGE('',*,*,#476,.T.);
#476 = EDGE_CURVE('',#449,#160,#477,.T.);
#477 = SURFACE_CURVE('',#478,(#482,#489),.PCURVE_S1.);
#478 = LINE('',#479,#480);
#479 = CARTESIAN_POINT('',(111.76,-48.26,0.));
#480 = VECTOR('',#481,1.);
#481 = DIRECTION('',(1.,0.,0.));
#482 = PCURVE('',#144,#483);
#483 = DEFINITIONAL_REPRESENTATION('',(#484),#488);
#484 = LINE('',#485,#486);
#485 = CARTESIAN_POINT('',(32.010843378838,40.106175035979));
#486 = VECTOR('',#487,1.);
#487 = DIRECTION('',(-1.,0.));
#488 = ( GEOMETRIC_REPRESENTATION_CONTEXT(2) 
PARAMETRIC_REPRESENTATION_CONTEXT() REPRESENTATION_CONTEXT('2D SPACE',''
  ) );
#489 = PCURVE('',#177,#490);
#490 = DEFINITIONAL_REPRESENTATION('',(#491),#495);
#491 = LINE('',#492,#493);
#492 = CARTESIAN_POINT('',(0.,0.));
#493 = VECTOR('',#494,1.);
#494 = DIRECTION('',(1.,0.));
#495 = ( GEOMETRIC_REPRESENTATION_CONTEXT(2) 
PARAMETRIC_REPRESENTATION_CONTEXT() REPRESENTATION_CONTEXT('2D SPACE',''
  ) );
#496 = ORIENTED_EDGE('',*,*,#211,.T.);
#497 = FACE_BOUND('',#498,.T.);
#498 = EDGE_LOOP('',(#499));
#499 = ORIENTED_EDGE('',*,*,#500,.T.);
#500 = EDGE_CURVE('',#501,#501,#503,.T.);
#501 = VERTEX_POINT('',#502);
#502 = CARTESIAN_POINT('',(165.52,-116.68,0.));
#503 = SURFACE_CURVE('',#504,(#509,#520),.PCURVE_S1.);
#504 = CIRCLE('',#505,0.5);
#505 = AXIS2_PLACEMENT_3D('',#506,#507,#508);
#506 = CARTESIAN_POINT('',(165.02,-116.68,0.));
#507 = DIRECTION('',(0.,0.,1.));
#508 = DIRECTION('',(1.,0.,-0.));
#509 = PCURVE('',#144,#510);
#510 = DEFINITIONAL_REPRESENTATION('',(#511),#519);
#511 = ( BOUNDED_CURVE() B_SPLINE_CURVE(2,(#512,#513,#514,#515,#516,#517
,#518),.UNSPECIFIED.,.T.,.F.) B_SPLINE_CURVE_WITH_KNOTS((1,2,2,2,2,1),(
    -2.094395102393,0.,2.094395102393,4.188790204786,6.28318530718,
8.377580409573),.UNSPECIFIED.) CURVE() GEOMETRIC_REPRESENTATION_ITEM() 
RATIONAL_B_SPLINE_CURVE((1.,0.5,1.,0.5,1.,0.5,1.)) REPRESENTATION_ITEM(
  '') );
#512 = CARTESIAN_POINT('',(-21.74915662116,-28.31382496402));
#513 = CARTESIAN_POINT('',(-21.74915662116,-27.44779956023));
#514 = CARTESIAN_POINT('',(-20.99915662116,-27.88081226212));
#515 = CARTESIAN_POINT('',(-20.24915662116,-28.31382496402));
#516 = CARTESIAN_POINT('',(-20.99915662116,-28.74683766591));
#517 = CARTESIAN_POINT('',(-21.74915662116,-29.1798503678));
#518 = CARTESIAN_POINT('',(-21.74915662116,-28.31382496402));
#519 = ( GEOMETRIC_REPRESENTATION_CONTEXT(2) 
PARAMETRIC_REPRESENTATION_CONTEXT() REPRESENTATION_CONTEXT('2D SPACE',''
  ) );
#520 = PCURVE('',#521,#526);
#521 = CYLINDRICAL_SURFACE('',#522,0.5);
#522 = AXIS2_PLACEMENT_3D('',#523,#524,#525);
#523 = CARTESIAN_POINT('',(165.02,-116.68,-1.E-02));
#524 = DIRECTION('',(0.,0.,1.));
#525 = DIRECTION('',(1.,0.,-0.));
#526 = DEFINITIONAL_REPRESENTATION('',(#527),#531);
#527 = LINE('',#528,#529);
#528 = CARTESIAN_POINT('',(0.,1.E-02));
#529 = VECTOR('',#530,1.);
#530 = DIRECTION('',(1.,0.));
#531 = ( GEOMETRIC_REPRESENTATION_CONTEXT(2) 
PARAMETRIC_REPRESENTATION_CONTEXT() REPRESENTATION_CONTEXT('2D SPACE',''
  ) );
#532 = FACE_BOUND('',#533,.T.);
#533 = EDGE_LOOP('',(#534));
#534 = ORIENTED_EDGE('',*,*,#535,.T.);
#535 = EDGE_CURVE('',#536,#536,#538,.T.);
#536 = VERTEX_POINT('',#537);
#537 = CARTESIAN_POINT('',(170.68,-111.68,0.));
#538 = SURFACE_CURVE('',#539,(#544,#555),.PCURVE_S1.);
#539 = CIRCLE('',#540,0.5);
#540 = AXIS2_PLACEMENT_3D('',#541,#542,#543);
#541 = CARTESIAN_POINT('',(170.18,-111.68,0.));
#542 = DIRECTION('',(0.,0.,1.));
#543 = DIRECTION('',(1.,0.,-0.));
#544 = PCURVE('',#144,#545);
#545 = DEFINITIONAL_REPRESENTATION('',(#546),#554);
#546 = ( BOUNDED_CURVE() B_SPLINE_CURVE(2,(#547,#548,#549,#550,#551,#552
,#553),.UNSPECIFIED.,.T.,.F.) B_SPLINE_CURVE_WITH_KNOTS((1,2,2,2,2,1),(
    -2.094395102393,0.,2.094395102393,4.188790204786,6.28318530718,
8.377580409573),.UNSPECIFIED.) CURVE() GEOMETRIC_REPRESENTATION_ITEM() 
RATIONAL_B_SPLINE_CURVE((1.,0.5,1.,0.5,1.,0.5,1.)) REPRESENTATION_ITEM(
  '') );
#547 = CARTESIAN_POINT('',(-26.90915662116,-23.31382496402));
#548 = CARTESIAN_POINT('',(-26.90915662116,-22.44779956023));
#549 = CARTESIAN_POINT('',(-26.15915662116,-22.88081226212));
#550 = CARTESIAN_POINT('',(-25.40915662116,-23.31382496402));
#551 = CARTESIAN_POINT('',(-26.15915662116,-23.74683766591));
#552 = CARTESIAN_POINT('',(-26.90915662116,-24.1798503678));
#553 = CARTESIAN_POINT('',(-26.90915662116,-23.31382496402));
#554 = ( GEOMETRIC_REPRESENTATION_CONTEXT(2) 
PARAMETRIC_REPRESENTATION_CONTEXT() REPRESENTATION_CONTEXT('2D SPACE',''
  ) );
#555 = PCURVE('',#556,#561);
#556 = CYLINDRICAL_SURFACE('',#557,0.5);
#557 = AXIS2_PLACEMENT_3D('',#558,#559,#560);
#558 = CARTESIAN_POINT('',(170.18,-111.68,-1.E-02));
#559 = DIRECTION('',(0.,0.,1.));
#560 = DIRECTION('',(1.,0.,-0.));
#561 = DEFINITIONAL_REPRESENTATION('',(#562),#566);
#562 = LINE('',#563,#564);
#563 = CARTESIAN_POINT('',(0.,1.E-02));
#564 = VECTOR('',#565,1.);
#565 = DIRECTION('',(1.,0.));
#566 = ( GEOMETRIC_REPRESENTATION_CONTEXT(2) 
PARAMETRIC_REPRESENTATION_CONTEXT() REPRESENTATION_CONTEXT('2D SPACE',''
  ) );
#567 = FACE_BOUND('',#568,.T.);
#568 = EDGE_LOOP('',(#569));
#569 = ORIENTED_EDGE('',*,*,#570,.T.);
#570 = EDGE_CURVE('',#571,#571,#573,.T.);
#571 = VERTEX_POINT('',#572);
#572 = CARTESIAN_POINT('',(170.68,-106.68,0.));
#573 = SURFACE_CURVE('',#574,(#579,#590),.PCURVE_S1.);
#574 = CIRCLE('',#575,0.5);
#575 = AXIS2_PLACEMENT_3D('',#576,#577,#578);
#576 = CARTESIAN_POINT('',(170.18,-106.68,0.));
#577 = DIRECTION('',(0.,0.,1.));
#578 = DIRECTION('',(1.,0.,-0.));
#579 = PCURVE('',#144,#580);
#580 = DEFINITIONAL_REPRESENTATION('',(#581),#589);
#581 = ( BOUNDED_CURVE() B_SPLINE_CURVE(2,(#582,#583,#584,#585,#586,#587
,#588),.UNSPECIFIED.,.T.,.F.) B_SPLINE_CURVE_WITH_KNOTS((1,2,2,2,2,1),(
    -2.094395102393,0.,2.094395102393,4.188790204786,6.28318530718,
8.377580409573),.UNSPECIFIED.) CURVE() GEOMETRIC_REPRESENTATION_ITEM() 
RATIONAL_B_SPLINE_CURVE((1.,0.5,1.,0.5,1.,0.5,1.)) REPRESENTATION_ITEM(
  '') );
#582 = CARTESIAN_POINT('',(-26.90915662116,-18.31382496402));
#583 = CARTESIAN_POINT('',(-26.90915662116,-17.44779956023));
#584 = CARTESIAN_POINT('',(-26.15915662116,-17.88081226212));
#585 = CARTESIAN_POINT('',(-25.40915662116,-18.31382496402));
#586 = CARTESIAN_POINT('',(-26.15915662116,-18.74683766591));
#587 = CARTESIAN_POINT('',(-26.90915662116,-19.1798503678));
#588 = CARTESIAN_POINT('',(-26.90915662116,-18.31382496402));
#589 = ( GEOMETRIC_REPRESENTATION_CONTEXT(2) 
PARAMETRIC_REPRESENTATION_CONTEXT() REPRESENTATION_CONTEXT('2D SPACE',''
  ) );
#590 = PCURVE('',#591,#596);
#591 = CYLINDRICAL_SURFACE('',#592,0.5);
#592 = AXIS2_PLACEMENT_3D('',#593,#594,#595);
#593 = CARTESIAN_POINT('',(170.18,-106.68,-1.E-02));
#594 = DIRECTION('',(0.,0.,1.));
#595 = DIRECTION('',(1.,0.,-0.));
#596 = DEFINITIONAL_REPRESENTATION('',(#597),#601);
#597 = LINE('',#598,#599);
#598 = CARTESIAN_POINT('',(0.,1.E-02));
#599 = VECTOR('',#600,1.);
#600 = DIRECTION('',(1.,0.));
#601 = ( GEOMETRIC_REPRESENTATION_CONTEXT(2) 
PARAMETRIC_REPRESENTATION_CONTEXT() REPRESENTATION_CONTEXT('2D SPACE',''
  ) );
#602 = FACE_BOUND('',#603,.T.);
#603 = EDGE_LOOP('',(#604));
#604 = ORIENTED_EDGE('',*,*,#605,.T.);
#605 = EDGE_CURVE('',#606,#606,#608,.T.);
#606 = VERTEX_POINT('',#607);
#607 = CARTESIAN_POINT('',(160.52,-116.68,0.));
#608 = SURFACE_CURVE('',#609,(#614,#625),.PCURVE_S1.);
#609 = CIRCLE('',#610,0.5);
#610 = AXIS2_PLACEMENT_3D('',#611,#612,#613);
#611 = CARTESIAN_POINT('',(160.02,-116.68,0.));
#612 = DIRECTION('',(0.,0.,1.));
#613 = DIRECTION('',(1.,0.,-0.));
#614 = PCURVE('',#144,#615);
#615 = DEFINITIONAL_REPRESENTATION('',(#616),#624);
#616 = ( BOUNDED_CURVE() B_SPLINE_CURVE(2,(#617,#618,#619,#620,#621,#622
,#623),.UNSPECIFIED.,.T.,.F.) B_SPLINE_CURVE_WITH_KNOTS((1,2,2,2,2,1),(
    -2.094395102393,0.,2.094395102393,4.188790204786,6.28318530718,
8.377580409573),.UNSPECIFIED.) CURVE() GEOMETRIC_REPRESENTATION_ITEM() 
RATIONAL_B_SPLINE_CURVE((1.,0.5,1.,0.5,1.,0.5,1.)) REPRESENTATION_ITEM(
  '') );
#617 = CARTESIAN_POINT('',(-16.74915662116,-28.31382496402));
#618 = CARTESIAN_POINT('',(-16.74915662116,-27.44779956023));
#619 = CARTESIAN_POINT('',(-15.99915662116,-27.88081226212));
#620 = CARTESIAN_POINT('',(-15.24915662116,-28.31382496402));
#621 = CARTESIAN_POINT('',(-15.99915662116,-28.74683766591));
#622 = CARTESIAN_POINT('',(-16.74915662116,-29.1798503678));
#623 = CARTESIAN_POINT('',(-16.74915662116,-28.31382496402));
#624 = ( GEOMETRIC_REPRESENTATION_CONTEXT(2) 
PARAMETRIC_REPRESENTATION_CONTEXT() REPRESENTATION_CONTEXT('2D SPACE',''
  ) );
#625 = PCURVE('',#626,#631);
#626 = CYLINDRICAL_SURFACE('',#627,0.5);
#627 = AXIS2_PLACEMENT_3D('',#628,#629,#630);
#628 = CARTESIAN_POINT('',(160.02,-116.68,-1.E-02));
#629 = DIRECTION('',(0.,0.,1.));
#630 = DIRECTION('',(1.,0.,-0.));
#631 = DEFINITIONAL_REPRESENTATION('',(#632),#636);
#632 = LINE('',#633,#634);
#633 = CARTESIAN_POINT('',(0.,1.E-02));
#634 = VECTOR('',#635,1.);
#635 = DIRECTION('',(1.,0.));
#636 = ( GEOMETRIC_REPRESENTATION_CONTEXT(2) 
PARAMETRIC_REPRESENTATION_CONTEXT() REPRESENTATION_CONTEXT('2D SPACE',''
  ) );
#637 = FACE_BOUND('',#638,.T.);
#638 = EDGE_LOOP('',(#639));
#639 = ORIENTED_EDGE('',*,*,#640,.T.);
#640 = EDGE_CURVE('',#641,#641,#643,.T.);
#641 = VERTEX_POINT('',#642);
#642 = CARTESIAN_POINT('',(160.52,-111.68,0.));
#643 = SURFACE_CURVE('',#644,(#649,#660),.PCURVE_S1.);
#644 = CIRCLE('',#645,0.5);
#645 = AXIS2_PLACEMENT_3D('',#646,#647,#648);
#646 = CARTESIAN_POINT('',(160.02,-111.68,0.));
#647 = DIRECTION('',(0.,0.,1.));
#648 = DIRECTION('',(1.,0.,-0.));
#649 = PCURVE('',#144,#650);
#650 = DEFINITIONAL_REPRESENTATION('',(#651),#659);
#651 = ( BOUNDED_CURVE() B_SPLINE_CURVE(2,(#652,#653,#654,#655,#656,#657
,#658),.UNSPECIFIED.,.T.,.F.) B_SPLINE_CURVE_WITH_KNOTS((1,2,2,2,2,1),(
    -2.094395102393,0.,2.094395102393,4.188790204786,6.28318530718,
8.377580409573),.UNSPECIFIED.) CURVE() GEOMETRIC_REPRESENTATION_ITEM() 
RATIONAL_B_SPLINE_CURVE((1.,0.5,1.,0.5,1.,0.5,1.)) REPRESENTATION_ITEM(
  '') );
#652 = CARTESIAN_POINT('',(-16.74915662116,-23.31382496402));
#653 = CARTESIAN_POINT('',(-16.74915662116,-22.44779956023));
#654 = CARTESIAN_POINT('',(-15.99915662116,-22.88081226212));
#655 = CARTESIAN_POINT('',(-15.24915662116,-23.31382496402));
#656 = CARTESIAN_POINT('',(-15.99915662116,-23.74683766591));
#657 = CARTESIAN_POINT('',(-16.74915662116,-24.1798503678));
#658 = CARTESIAN_POINT('',(-16.74915662116,-23.31382496402));
#659 = ( GEOMETRIC_REPRESENTATION_CONTEXT(2) 
PARAMETRIC_REPRESENTATION_CONTEXT() REPRESENTATION_CONTEXT('2D SPACE',''
  ) );
#660 = PCURVE('',#661,#666);
#661 = CYLINDRICAL_SURFACE('',#662,0.5);
#662 = AXIS2_PLACEMENT_3D('',#663,#664,#665);
#663 = CARTESIAN_POINT('',(160.02,-111.68,-1.E-02));
#664 = DIRECTION('',(0.,0.,1.));
#665 = DIRECTION('',(1.,0.,-0.));
#666 = DEFINITIONAL_REPRESENTATION('',(#667),#671);
#667 = LINE('',#668,#669);
#668 = CARTESIAN_POINT('',(0.,1.E-02));
#669 = VECTOR('',#670,1.);
#670 = DIRECTION('',(1.,0.));
#671 = ( GEOMETRIC_REPRESENTATION_CONTEXT(2) 
PARAMETRIC_REPRESENTATION_CONTEXT() REPRESENTATION_CONTEXT('2D SPACE',''
  ) );
#672 = FACE_BOUND('',#673,.T.);
#673 = EDGE_LOOP('',(#674));
#674 = ORIENTED_EDGE('',*,*,#675,.T.);
#675 = EDGE_CURVE('',#676,#676,#678,.T.);
#676 = VERTEX_POINT('',#677);
#677 = CARTESIAN_POINT('',(150.08,-119.16,0.));
#678 = SURFACE_CURVE('',#679,(#684,#695),.PCURVE_S1.);
#679 = CIRCLE('',#680,0.5);
#680 = AXIS2_PLACEMENT_3D('',#681,#682,#683);
#681 = CARTESIAN_POINT('',(149.58,-119.16,0.));
#682 = DIRECTION('',(0.,0.,1.));
#683 = DIRECTION('',(1.,0.,-0.));
#684 = PCURVE('',#144,#685);
#685 = DEFINITIONAL_REPRESENTATION('',(#686),#694);
#686 = ( BOUNDED_CURVE() B_SPLINE_CURVE(2,(#687,#688,#689,#690,#691,#692
,#693),.UNSPECIFIED.,.T.,.F.) B_SPLINE_CURVE_WITH_KNOTS((1,2,2,2,2,1),(
    -2.094395102393,0.,2.094395102393,4.188790204786,6.28318530718,
8.377580409573),.UNSPECIFIED.) CURVE() GEOMETRIC_REPRESENTATION_ITEM() 
RATIONAL_B_SPLINE_CURVE((1.,0.5,1.,0.5,1.,0.5,1.)) REPRESENTATION_ITEM(
  '') );
#687 = CARTESIAN_POINT('',(-6.309156621162,-30.79382496402));
#688 = CARTESIAN_POINT('',(-6.309156621162,-29.92779956023));
#689 = CARTESIAN_POINT('',(-5.559156621162,-30.36081226212));
#690 = CARTESIAN_POINT('',(-4.809156621162,-30.79382496402));
#691 = CARTESIAN_POINT('',(-5.559156621162,-31.22683766591));
#692 = CARTESIAN_POINT('',(-6.309156621162,-31.6598503678));
#693 = CARTESIAN_POINT('',(-6.309156621162,-30.79382496402));
#694 = ( GEOMETRIC_REPRESENTATION_CONTEXT(2) 
PARAMETRIC_REPRESENTATION_CONTEXT() REPRESENTATION_CONTEXT('2D SPACE',''
  ) );
#695 = PCURVE('',#696,#701);
#696 = CYLINDRICAL_SURFACE('',#697,0.5);
#697 = AXIS2_PLACEMENT_3D('',#698,#699,#700);
#698 = CARTESIAN_POINT('',(149.58,-119.16,-1.E-02));
#699 = DIRECTION('',(0.,0.,1.));
#700 = DIRECTION('',(1.,0.,-0.));
#701 = DEFINITIONAL_REPRESENTATION('',(#702),#706);
#702 = LINE('',#703,#704);
#703 = CARTESIAN_POINT('',(0.,1.E-02));
#704 = VECTOR('',#705,1.);
#705 = DIRECTION('',(1.,0.));
#706 = ( GEOMETRIC_REPRESENTATION_CONTEXT(2) 
PARAMETRIC_REPRESENTATION_CONTEXT() REPRESENTATION_CONTEXT('2D SPACE',''
  ) );
#707 = FACE_BOUND('',#708,.T.);
#708 = EDGE_LOOP('',(#709));
#709 = ORIENTED_EDGE('',*,*,#710,.T.);
#710 = EDGE_CURVE('',#711,#711,#713,.T.);
#711 = VERTEX_POINT('',#712);
#712 = CARTESIAN_POINT('',(147.54,-119.16,0.));
#713 = SURFACE_CURVE('',#714,(#719,#730),.PCURVE_S1.);
#714 = CIRCLE('',#715,0.5);
#715 = AXIS2_PLACEMENT_3D('',#716,#717,#718);
#716 = CARTESIAN_POINT('',(147.04,-119.16,0.));
#717 = DIRECTION('',(0.,0.,1.));
#718 = DIRECTION('',(1.,0.,-0.));
#719 = PCURVE('',#144,#720);
#720 = DEFINITIONAL_REPRESENTATION('',(#721),#729);
#721 = ( BOUNDED_CURVE() B_SPLINE_CURVE(2,(#722,#723,#724,#725,#726,#727
,#728),.UNSPECIFIED.,.T.,.F.) B_SPLINE_CURVE_WITH_KNOTS((1,2,2,2,2,1),(
    -2.094395102393,0.,2.094395102393,4.188790204786,6.28318530718,
8.377580409573),.UNSPECIFIED.) CURVE() GEOMETRIC_REPRESENTATION_ITEM() 
RATIONAL_B_SPLINE_CURVE((1.,0.5,1.,0.5,1.,0.5,1.)) REPRESENTATION_ITEM(
  '') );
#722 = CARTESIAN_POINT('',(-3.769156621162,-30.79382496402));
#723 = CARTESIAN_POINT('',(-3.769156621162,-29.92779956023));
#724 = CARTESIAN_POINT('',(-3.019156621162,-30.36081226212));
#725 = CARTESIAN_POINT('',(-2.269156621162,-30.79382496402));
#726 = CARTESIAN_POINT('',(-3.019156621162,-31.22683766591));
#727 = CARTESIAN_POINT('',(-3.769156621162,-31.6598503678));
#728 = CARTESIAN_POINT('',(-3.769156621162,-30.79382496402));
#729 = ( GEOMETRIC_REPRESENTATION_CONTEXT(2) 
PARAMETRIC_REPRESENTATION_CONTEXT() REPRESENTATION_CONTEXT('2D SPACE',''
  ) );
#730 = PCURVE('',#731,#736);
#731 = CYLINDRICAL_SURFACE('',#732,0.5);
#732 = AXIS2_PLACEMENT_3D('',#733,#734,#735);
#733 = CARTESIAN_POINT('',(147.04,-119.16,-1.E-02));
#734 = DIRECTION('',(0.,0.,1.));
#735 = DIRECTION('',(1.,0.,-0.));
#736 = DEFINITIONAL_REPRESENTATION('',(#737),#741);
#737 = LINE('',#738,#739);
#738 = CARTESIAN_POINT('',(0.,1.E-02));
#739 = VECTOR('',#740,1.);
#740 = DIRECTION('',(1.,0.));
#741 = ( GEOMETRIC_REPRESENTATION_CONTEXT(2) 
PARAMETRIC_REPRESENTATION_CONTEXT() REPRESENTATION_CONTEXT('2D SPACE',''
  ) );
#742 = FACE_BOUND('',#743,.T.);
#743 = EDGE_LOOP('',(#744));
#744 = ORIENTED_EDGE('',*,*,#745,.T.);
#745 = EDGE_CURVE('',#746,#746,#748,.T.);
#746 = VERTEX_POINT('',#747);
#747 = CARTESIAN_POINT('',(150.08,-116.6,0.));
#748 = SURFACE_CURVE('',#749,(#754,#765),.PCURVE_S1.);
#749 = CIRCLE('',#750,0.5);
#750 = AXIS2_PLACEMENT_3D('',#751,#752,#753);
#751 = CARTESIAN_POINT('',(149.58,-116.6,0.));
#752 = DIRECTION('',(0.,0.,1.));
#753 = DIRECTION('',(1.,0.,-0.));
#754 = PCURVE('',#144,#755);
#755 = DEFINITIONAL_REPRESENTATION('',(#756),#764);
#756 = ( BOUNDED_CURVE() B_SPLINE_CURVE(2,(#757,#758,#759,#760,#761,#762
,#763),.UNSPECIFIED.,.T.,.F.) B_SPLINE_CURVE_WITH_KNOTS((1,2,2,2,2,1),(
    -2.094395102393,0.,2.094395102393,4.188790204786,6.28318530718,
8.377580409573),.UNSPECIFIED.) CURVE() GEOMETRIC_REPRESENTATION_ITEM() 
RATIONAL_B_SPLINE_CURVE((1.,0.5,1.,0.5,1.,0.5,1.)) REPRESENTATION_ITEM(
  '') );
#757 = CARTESIAN_POINT('',(-6.309156621162,-28.23382496402));
#758 = CARTESIAN_POINT('',(-6.309156621162,-27.36779956023));
#759 = CARTESIAN_POINT('',(-5.559156621162,-27.80081226212));
#760 = CARTESIAN_POINT('',(-4.809156621162,-28.23382496402));
#761 = CARTESIAN_POINT('',(-5.559156621162,-28.66683766591));
#762 = CARTESIAN_POINT('',(-6.309156621162,-29.0998503678));
#763 = CARTESIAN_POINT('',(-6.309156621162,-28.23382496402));
#764 = ( GEOMETRIC_REPRESENTATION_CONTEXT(2) 
PARAMETRIC_REPRESENTATION_CONTEXT() REPRESENTATION_CONTEXT('2D SPACE',''
  ) );
#765 = PCURVE('',#766,#771);
#766 = CYLINDRICAL_SURFACE('',#767,0.5);
#767 = AXIS2_PLACEMENT_3D('',#768,#769,#770);
#768 = CARTESIAN_POINT('',(149.58,-116.6,-1.E-02));
#769 = DIRECTION('',(0.,0.,1.));
#770 = DIRECTION('',(1.,0.,-0.));
#771 = DEFINITIONAL_REPRESENTATION('',(#772),#776);
#772 = LINE('',#773,#774);
#773 = CARTESIAN_POINT('',(0.,1.E-02));
#774 = VECTOR('',#775,1.);
#775 = DIRECTION('',(1.,0.));
#776 = ( GEOMETRIC_REPRESENTATION_CONTEXT(2) 
PARAMETRIC_REPRESENTATION_CONTEXT() REPRESENTATION_CONTEXT('2D SPACE',''
  ) );
#777 = FACE_BOUND('',#778,.T.);
#778 = EDGE_LOOP('',(#779));
#779 = ORIENTED_EDGE('',*,*,#780,.T.);
#780 = EDGE_CURVE('',#781,#781,#783,.T.);
#781 = VERTEX_POINT('',#782);
#782 = CARTESIAN_POINT('',(147.54,-116.6,0.));
#783 = SURFACE_CURVE('',#784,(#789,#800),.PCURVE_S1.);
#784 = CIRCLE('',#785,0.5);
#785 = AXIS2_PLACEMENT_3D('',#786,#787,#788);
#786 = CARTESIAN_POINT('',(147.04,-116.6,0.));
#787 = DIRECTION('',(0.,0.,1.));
#788 = DIRECTION('',(1.,0.,-0.));
#789 = PCURVE('',#144,#790);
#790 = DEFINITIONAL_REPRESENTATION('',(#791),#799);
#791 = ( BOUNDED_CURVE() B_SPLINE_CURVE(2,(#792,#793,#794,#795,#796,#797
,#798),.UNSPECIFIED.,.T.,.F.) B_SPLINE_CURVE_WITH_KNOTS((1,2,2,2,2,1),(
    -2.094395102393,0.,2.094395102393,4.188790204786,6.28318530718,
8.377580409573),.UNSPECIFIED.) CURVE() GEOMETRIC_REPRESENTATION_ITEM() 
RATIONAL_B_SPLINE_CURVE((1.,0.5,1.,0.5,1.,0.5,1.)) REPRESENTATION_ITEM(
  '') );
#792 = CARTESIAN_POINT('',(-3.769156621162,-28.23382496402));
#793 = CARTESIAN_POINT('',(-3.769156621162,-27.36779956023));
#794 = CARTESIAN_POINT('',(-3.019156621162,-27.80081226212));
#795 = CARTESIAN_POINT('',(-2.269156621162,-28.23382496402));
#796 = CARTESIAN_POINT('',(-3.019156621162,-28.66683766591));
#797 = CARTESIAN_POINT('',(-3.769156621162,-29.0998503678));
#798 = CARTESIAN_POINT('',(-3.769156621162,-28.23382496402));
#799 = ( GEOMETRIC_REPRESENTATION_CONTEXT(2) 
PARAMETRIC_REPRESENTATION_CONTEXT() REPRESENTATION_CONTEXT('2D SPACE',''
  ) );
#800 = PCURVE('',#801,#806);
#801 = CYLINDRICAL_SURFACE('',#802,0.5);
#802 = AXIS2_PLACEMENT_3D('',#803,#804,#805);
#803 = CARTESIAN_POINT('',(147.04,-116.6,-1.E-02));
#804 = DIRECTION('',(0.,0.,1.));
#805 = DIRECTION('',(1.,0.,-0.));
#806 = DEFINITIONAL_REPRESENTATION('',(#807),#811);
#807 = LINE('',#808,#809);
#808 = CARTESIAN_POINT('',(0.,1.E-02));
#809 = VECTOR('',#810,1.);
#810 = DIRECTION('',(1.,0.));
#811 = ( GEOMETRIC_REPRESENTATION_CONTEXT(2) 
PARAMETRIC_REPRESENTATION_CONTEXT() REPRESENTATION_CONTEXT('2D SPACE',''
  ) );
#812 = FACE_BOUND('',#813,.T.);
#813 = EDGE_LOOP('',(#814));
#814 = ORIENTED_EDGE('',*,*,#815,.T.);
#815 = EDGE_CURVE('',#816,#816,#818,.T.);
#816 = VERTEX_POINT('',#817);
#817 = CARTESIAN_POINT('',(145.,-119.16,0.));
#818 = SURFACE_CURVE('',#819,(#824,#835),.PCURVE_S1.);
#819 = CIRCLE('',#820,0.5);
#820 = AXIS2_PLACEMENT_3D('',#821,#822,#823);
#821 = CARTESIAN_POINT('',(144.5,-119.16,0.));
#822 = DIRECTION('',(0.,0.,1.));
#823 = DIRECTION('',(1.,0.,-0.));
#824 = PCURVE('',#144,#825);
#825 = DEFINITIONAL_REPRESENTATION('',(#826),#834);
#826 = ( BOUNDED_CURVE() B_SPLINE_CURVE(2,(#827,#828,#829,#830,#831,#832
,#833),.UNSPECIFIED.,.T.,.F.) B_SPLINE_CURVE_WITH_KNOTS((1,2,2,2,2,1),(
    -2.094395102393,0.,2.094395102393,4.188790204786,6.28318530718,
8.377580409573),.UNSPECIFIED.) CURVE() GEOMETRIC_REPRESENTATION_ITEM() 
RATIONAL_B_SPLINE_CURVE((1.,0.5,1.,0.5,1.,0.5,1.)) REPRESENTATION_ITEM(
  '') );
#827 = CARTESIAN_POINT('',(-1.229156621162,-30.79382496402));
#828 = CARTESIAN_POINT('',(-1.229156621162,-29.92779956023));
#829 = CARTESIAN_POINT('',(-0.479156621162,-30.36081226212));
#830 = CARTESIAN_POINT('',(0.270843378838,-30.79382496402));
#831 = CARTESIAN_POINT('',(-0.479156621162,-31.22683766591));
#832 = CARTESIAN_POINT('',(-1.229156621162,-31.6598503678));
#833 = CARTESIAN_POINT('',(-1.229156621162,-30.79382496402));
#834 = ( GEOMETRIC_REPRESENTATION_CONTEXT(2) 
PARAMETRIC_REPRESENTATION_CONTEXT() REPRESENTATION_CONTEXT('2D SPACE',''
  ) );
#835 = PCURVE('',#836,#841);
#836 = CYLINDRICAL_SURFACE('',#837,0.5);
#837 = AXIS2_PLACEMENT_3D('',#838,#839,#840);
#838 = CARTESIAN_POINT('',(144.5,-119.16,-1.E-02));
#839 = DIRECTION('',(0.,0.,1.));
#840 = DIRECTION('',(1.,0.,-0.));
#841 = DEFINITIONAL_REPRESENTATION('',(#842),#846);
#842 = LINE('',#843,#844);
#843 = CARTESIAN_POINT('',(0.,1.E-02));
#844 = VECTOR('',#845,1.);
#845 = DIRECTION('',(1.,0.));
#846 = ( GEOMETRIC_REPRESENTATION_CONTEXT(2) 
PARAMETRIC_REPRESENTATION_CONTEXT() REPRESENTATION_CONTEXT('2D SPACE',''
  ) );
#847 = FACE_BOUND('',#848,.T.);
#848 = EDGE_LOOP('',(#849));
#849 = ORIENTED_EDGE('',*,*,#850,.T.);
#850 = EDGE_CURVE('',#851,#851,#853,.T.);
#851 = VERTEX_POINT('',#852);
#852 = CARTESIAN_POINT('',(142.46,-119.16,0.));
#853 = SURFACE_CURVE('',#854,(#859,#870),.PCURVE_S1.);
#854 = CIRCLE('',#855,0.5);
#855 = AXIS2_PLACEMENT_3D('',#856,#857,#858);
#856 = CARTESIAN_POINT('',(141.96,-119.16,0.));
#857 = DIRECTION('',(0.,0.,1.));
#858 = DIRECTION('',(1.,0.,-0.));
#859 = PCURVE('',#144,#860);
#860 = DEFINITIONAL_REPRESENTATION('',(#861),#869);
#861 = ( BOUNDED_CURVE() B_SPLINE_CURVE(2,(#862,#863,#864,#865,#866,#867
,#868),.UNSPECIFIED.,.T.,.F.) B_SPLINE_CURVE_WITH_KNOTS((1,2,2,2,2,1),(
    -2.094395102393,0.,2.094395102393,4.188790204786,6.28318530718,
8.377580409573),.UNSPECIFIED.) CURVE() GEOMETRIC_REPRESENTATION_ITEM() 
RATIONAL_B_SPLINE_CURVE((1.,0.5,1.,0.5,1.,0.5,1.)) REPRESENTATION_ITEM(
  '') );
#862 = CARTESIAN_POINT('',(1.310843378838,-30.79382496402));
#863 = CARTESIAN_POINT('',(1.310843378838,-29.92779956023));
#864 = CARTESIAN_POINT('',(2.060843378838,-30.36081226212));
#865 = CARTESIAN_POINT('',(2.810843378838,-30.79382496402));
#866 = CARTESIAN_POINT('',(2.060843378838,-31.22683766591));
#867 = CARTESIAN_POINT('',(1.310843378838,-31.6598503678));
#868 = CARTESIAN_POINT('',(1.310843378838,-30.79382496402));
#869 = ( GEOMETRIC_REPRESENTATION_CONTEXT(2) 
PARAMETRIC_REPRESENTATION_CONTEXT() REPRESENTATION_CONTEXT('2D SPACE',''
  ) );
#870 = PCURVE('',#871,#876);
#871 = CYLINDRICAL_SURFACE('',#872,0.5);
#872 = AXIS2_PLACEMENT_3D('',#873,#874,#875);
#873 = CARTESIAN_POINT('',(141.96,-119.16,-1.E-02));
#874 = DIRECTION('',(0.,0.,1.));
#875 = DIRECTION('',(1.,0.,-0.));
#876 = DEFINITIONAL_REPRESENTATION('',(#877),#881);
#877 = LINE('',#878,#879);
#878 = CARTESIAN_POINT('',(0.,1.E-02));
#879 = VECTOR('',#880,1.);
#880 = DIRECTION('',(1.,0.));
#881 = ( GEOMETRIC_REPRESENTATION_CONTEXT(2) 
PARAMETRIC_REPRESENTATION_CONTEXT() REPRESENTATION_CONTEXT('2D SPACE',''
  ) );
#882 = FACE_BOUND('',#883,.T.);
#883 = EDGE_LOOP('',(#884));
#884 = ORIENTED_EDGE('',*,*,#885,.T.);
#885 = EDGE_CURVE('',#886,#886,#888,.T.);
#886 = VERTEX_POINT('',#887);
#887 = CARTESIAN_POINT('',(145.,-116.6,0.));
#888 = SURFACE_CURVE('',#889,(#894,#905),.PCURVE_S1.);
#889 = CIRCLE('',#890,0.5);
#890 = AXIS2_PLACEMENT_3D('',#891,#892,#893);
#891 = CARTESIAN_POINT('',(144.5,-116.6,0.));
#892 = DIRECTION('',(0.,0.,1.));
#893 = DIRECTION('',(1.,0.,-0.));
#894 = PCURVE('',#144,#895);
#895 = DEFINITIONAL_REPRESENTATION('',(#896),#904);
#896 = ( BOUNDED_CURVE() B_SPLINE_CURVE(2,(#897,#898,#899,#900,#901,#902
,#903),.UNSPECIFIED.,.T.,.F.) B_SPLINE_CURVE_WITH_KNOTS((1,2,2,2,2,1),(
    -2.094395102393,0.,2.094395102393,4.188790204786,6.28318530718,
8.377580409573),.UNSPECIFIED.) CURVE() GEOMETRIC_REPRESENTATION_ITEM() 
RATIONAL_B_SPLINE_CURVE((1.,0.5,1.,0.5,1.,0.5,1.)) REPRESENTATION_ITEM(
  '') );
#897 = CARTESIAN_POINT('',(-1.229156621162,-28.23382496402));
#898 = CARTESIAN_POINT('',(-1.229156621162,-27.36779956023));
#899 = CARTESIAN_POINT('',(-0.479156621162,-27.80081226212));
#900 = CARTESIAN_POINT('',(0.270843378838,-28.23382496402));
#901 = CARTESIAN_POINT('',(-0.479156621162,-28.66683766591));
#902 = CARTESIAN_POINT('',(-1.229156621162,-29.0998503678));
#903 = CARTESIAN_POINT('',(-1.229156621162,-28.23382496402));
#904 = ( GEOMETRIC_REPRESENTATION_CONTEXT(2) 
PARAMETRIC_REPRESENTATION_CONTEXT() REPRESENTATION_CONTEXT('2D SPACE',''
  ) );
#905 = PCURVE('',#906,#911);
#906 = CYLINDRICAL_SURFACE('',#907,0.5);
#907 = AXIS2_PLACEMENT_3D('',#908,#909,#910);
#908 = CARTESIAN_POINT('',(144.5,-116.6,-1.E-02));
#909 = DIRECTION('',(0.,0.,1.));
#910 = DIRECTION('',(1.,0.,-0.));
#911 = DEFINITIONAL_REPRESENTATION('',(#912),#916);
#912 = LINE('',#913,#914);
#913 = CARTESIAN_POINT('',(0.,1.E-02));
#914 = VECTOR('',#915,1.);
#915 = DIRECTION('',(1.,0.));
#916 = ( GEOMETRIC_REPRESENTATION_CONTEXT(2) 
PARAMETRIC_REPRESENTATION_CONTEXT() REPRESENTATION_CONTEXT('2D SPACE',''
  ) );
#917 = FACE_BOUND('',#918,.T.);
#918 = EDGE_LOOP('',(#919));
#919 = ORIENTED_EDGE('',*,*,#920,.T.);
#920 = EDGE_CURVE('',#921,#921,#923,.T.);
#921 = VERTEX_POINT('',#922);
#922 = CARTESIAN_POINT('',(142.46,-116.6,0.));
#923 = SURFACE_CURVE('',#924,(#929,#940),.PCURVE_S1.);
#924 = CIRCLE('',#925,0.5);
#925 = AXIS2_PLACEMENT_3D('',#926,#927,#928);
#926 = CARTESIAN_POINT('',(141.96,-116.6,0.));
#927 = DIRECTION('',(0.,0.,1.));
#928 = DIRECTION('',(1.,0.,-0.));
#929 = PCURVE('',#144,#930);
#930 = DEFINITIONAL_REPRESENTATION('',(#931),#939);
#931 = ( BOUNDED_CURVE() B_SPLINE_CURVE(2,(#932,#933,#934,#935,#936,#937
,#938),.UNSPECIFIED.,.T.,.F.) B_SPLINE_CURVE_WITH_KNOTS((1,2,2,2,2,1),(
    -2.094395102393,0.,2.094395102393,4.188790204786,6.28318530718,
8.377580409573),.UNSPECIFIED.) CURVE() GEOMETRIC_REPRESENTATION_ITEM() 
RATIONAL_B_SPLINE_CURVE((1.,0.5,1.,0.5,1.,0.5,1.)) REPRESENTATION_ITEM(
  '') );
#932 = CARTESIAN_POINT('',(1.310843378838,-28.23382496402));
#933 = CARTESIAN_POINT('',(1.310843378838,-27.36779956023));
#934 = CARTESIAN_POINT('',(2.060843378838,-27.80081226212));
#935 = CARTESIAN_POINT('',(2.810843378838,-28.23382496402));
#936 = CARTESIAN_POINT('',(2.060843378838,-28.66683766591));
#937 = CARTESIAN_POINT('',(1.310843378838,-29.0998503678));
#938 = CARTESIAN_POINT('',(1.310843378838,-28.23382496402));
#939 = ( GEOMETRIC_REPRESENTATION_CONTEXT(2) 
PARAMETRIC_REPRESENTATION_CONTEXT() REPRESENTATION_CONTEXT('2D SPACE',''
  ) );
#940 = PCURVE('',#941,#946);
#941 = CYLINDRICAL_SURFACE('',#942,0.5);
#942 = AXIS2_PLACEMENT_3D('',#943,#944,#945);
#943 = CARTESIAN_POINT('',(141.96,-116.6,-1.E-02));
#944 = DIRECTION('',(0.,0.,1.));
#945 = DIRECTION('',(1.,0.,-0.));
#946 = DEFINITIONAL_REPRESENTATION('',(#947),#951);
#947 = LINE('',#948,#949);
#948 = CARTESIAN_POINT('',(0.,1.E-02));
#949 = VECTOR('',#950,1.);
#950 = DIRECTION('',(1.,0.));
#951 = ( GEOMETRIC_REPRESENTATION_CONTEXT(2) 
PARAMETRIC_REPRESENTATION_CONTEXT() REPRESENTATION_CONTEXT('2D SPACE',''
  ) );
#952 = FACE_BOUND('',#953,.T.);
#953 = EDGE_LOOP('',(#954));
#954 = ORIENTED_EDGE('',*,*,#955,.T.);
#955 = EDGE_CURVE('',#956,#956,#958,.T.);
#956 = VERTEX_POINT('',#957);
#957 = CARTESIAN_POINT('',(150.08,-114.04,0.));
#958 = SURFACE_CURVE('',#959,(#964,#975),.PCURVE_S1.);
#959 = CIRCLE('',#960,0.5);
#960 = AXIS2_PLACEMENT_3D('',#961,#962,#963);
#961 = CARTESIAN_POINT('',(149.58,-114.04,0.));
#962 = DIRECTION('',(0.,0.,1.));
#963 = DIRECTION('',(1.,0.,-0.));
#964 = PCURVE('',#144,#965);
#965 = DEFINITIONAL_REPRESENTATION('',(#966),#974);
#966 = ( BOUNDED_CURVE() B_SPLINE_CURVE(2,(#967,#968,#969,#970,#971,#972
,#973),.UNSPECIFIED.,.T.,.F.) B_SPLINE_CURVE_WITH_KNOTS((1,2,2,2,2,1),(
    -2.094395102393,0.,2.094395102393,4.188790204786,6.28318530718,
8.377580409573),.UNSPECIFIED.) CURVE() GEOMETRIC_REPRESENTATION_ITEM() 
RATIONAL_B_SPLINE_CURVE((1.,0.5,1.,0.5,1.,0.5,1.)) REPRESENTATION_ITEM(
  '') );
#967 = CARTESIAN_POINT('',(-6.309156621162,-25.67382496402));
#968 = CARTESIAN_POINT('',(-6.309156621162,-24.80779956023));
#969 = CARTESIAN_POINT('',(-5.559156621162,-25.24081226212));
#970 = CARTESIAN_POINT('',(-4.809156621162,-25.67382496402));
#971 = CARTESIAN_POINT('',(-5.559156621162,-26.10683766591));
#972 = CARTESIAN_POINT('',(-6.309156621162,-26.5398503678));
#973 = CARTESIAN_POINT('',(-6.309156621162,-25.67382496402));
#974 = ( GEOMETRIC_REPRESENTATION_CONTEXT(2) 
PARAMETRIC_REPRESENTATION_CONTEXT() REPRESENTATION_CONTEXT('2D SPACE',''
  ) );
#975 = PCURVE('',#976,#981);
#976 = CYLINDRICAL_SURFACE('',#977,0.5);
#977 = AXIS2_PLACEMENT_3D('',#978,#979,#980);
#978 = CARTESIAN_POINT('',(149.58,-114.04,-1.E-02));
#979 = DIRECTION('',(0.,0.,1.));
#980 = DIRECTION('',(1.,0.,-0.));
#981 = DEFINITIONAL_REPRESENTATION('',(#982),#986);
#982 = LINE('',#983,#984);
#983 = CARTESIAN_POINT('',(0.,1.E-02));
#984 = VECTOR('',#985,1.);
#985 = DIRECTION('',(1.,0.));
#986 = ( GEOMETRIC_REPRESENTATION_CONTEXT(2) 
PARAMETRIC_REPRESENTATION_CONTEXT() REPRESENTATION_CONTEXT('2D SPACE',''
  ) );
#987 = FACE_BOUND('',#988,.T.);
#988 = EDGE_LOOP('',(#989));
#989 = ORIENTED_EDGE('',*,*,#990,.T.);
#990 = EDGE_CURVE('',#991,#991,#993,.T.);
#991 = VERTEX_POINT('',#992);
#992 = CARTESIAN_POINT('',(147.54,-114.04,0.));
#993 = SURFACE_CURVE('',#994,(#999,#1010),.PCURVE_S1.);
#994 = CIRCLE('',#995,0.5);
#995 = AXIS2_PLACEMENT_3D('',#996,#997,#998);
#996 = CARTESIAN_POINT('',(147.04,-114.04,0.));
#997 = DIRECTION('',(0.,0.,1.));
#998 = DIRECTION('',(1.,0.,-0.));
#999 = PCURVE('',#144,#1000);
#1000 = DEFINITIONAL_REPRESENTATION('',(#1001),#1009);
#1001 = ( BOUNDED_CURVE() B_SPLINE_CURVE(2,(#1002,#1003,#1004,#1005,
#1006,#1007,#1008),.UNSPECIFIED.,.T.,.F.) B_SPLINE_CURVE_WITH_KNOTS((1,2
    ,2,2,2,1),(-2.094395102393,0.,2.094395102393,4.188790204786,
6.28318530718,8.377580409573),.UNSPECIFIED.) CURVE() 
GEOMETRIC_REPRESENTATION_ITEM() RATIONAL_B_SPLINE_CURVE((1.,0.5,1.,0.5,
1.,0.5,1.)) REPRESENTATION_ITEM('') );
#1002 = CARTESIAN_POINT('',(-3.769156621162,-25.67382496402));
#1003 = CARTESIAN_POINT('',(-3.769156621162,-24.80779956023));
#1004 = CARTESIAN_POINT('',(-3.019156621162,-25.24081226212));
#1005 = CARTESIAN_POINT('',(-2.269156621162,-25.67382496402));
#1006 = CARTESIAN_POINT('',(-3.019156621162,-26.10683766591));
#1007 = CARTESIAN_POINT('',(-3.769156621162,-26.5398503678));
#1008 = CARTESIAN_POINT('',(-3.769156621162,-25.67382496402));
#1009 = ( GEOMETRIC_REPRESENTATION_CONTEXT(2) 
PARAMETRIC_REPRESENTATION_CONTEXT() REPRESENTATION_CONTEXT('2D SPACE',''
  ) );
#1010 = PCURVE('',#1011,#1016);
#1011 = CYLINDRICAL_SURFACE('',#1012,0.5);
#1012 = AXIS2_PLACEMENT_3D('',#1013,#1014,#1015);
#1013 = CARTESIAN_POINT('',(147.04,-114.04,-1.E-02));
#1014 = DIRECTION('',(0.,0.,1.));
#1015 = DIRECTION('',(1.,0.,-0.));
#1016 = DEFINITIONAL_REPRESENTATION('',(#1017),#1021);
#1017 = LINE('',#1018,#1019);
#1018 = CARTESIAN_POINT('',(0.,1.E-02));
#1019 = VECTOR('',#1020,1.);
#1020 = DIRECTION('',(1.,0.));
#1021 = ( GEOMETRIC_REPRESENTATION_CONTEXT(2) 
PARAMETRIC_REPRESENTATION_CONTEXT() REPRESENTATION_CONTEXT('2D SPACE',''
  ) );
#1022 = FACE_BOUND('',#1023,.T.);
#1023 = EDGE_LOOP('',(#1024));
#1024 = ORIENTED_EDGE('',*,*,#1025,.T.);
#1025 = EDGE_CURVE('',#1026,#1026,#1028,.T.);
#1026 = VERTEX_POINT('',#1027);
#1027 = CARTESIAN_POINT('',(150.08,-111.48,0.));
#1028 = SURFACE_CURVE('',#1029,(#1034,#1045),.PCURVE_S1.);
#1029 = CIRCLE('',#1030,0.5);
#1030 = AXIS2_PLACEMENT_3D('',#1031,#1032,#1033);
#1031 = CARTESIAN_POINT('',(149.58,-111.48,0.));
#1032 = DIRECTION('',(0.,0.,1.));
#1033 = DIRECTION('',(1.,0.,-0.));
#1034 = PCURVE('',#144,#1035);
#1035 = DEFINITIONAL_REPRESENTATION('',(#1036),#1044);
#1036 = ( BOUNDED_CURVE() B_SPLINE_CURVE(2,(#1037,#1038,#1039,#1040,
#1041,#1042,#1043),.UNSPECIFIED.,.T.,.F.) B_SPLINE_CURVE_WITH_KNOTS((1,2
    ,2,2,2,1),(-2.094395102393,0.,2.094395102393,4.188790204786,
6.28318530718,8.377580409573),.UNSPECIFIED.) CURVE() 
GEOMETRIC_REPRESENTATION_ITEM() RATIONAL_B_SPLINE_CURVE((1.,0.5,1.,0.5,
1.,0.5,1.)) REPRESENTATION_ITEM('') );
#1037 = CARTESIAN_POINT('',(-6.309156621162,-23.11382496402));
#1038 = CARTESIAN_POINT('',(-6.309156621162,-22.24779956023));
#1039 = CARTESIAN_POINT('',(-5.559156621162,-22.68081226212));
#1040 = CARTESIAN_POINT('',(-4.809156621162,-23.11382496402));
#1041 = CARTESIAN_POINT('',(-5.559156621162,-23.54683766591));
#1042 = CARTESIAN_POINT('',(-6.309156621162,-23.9798503678));
#1043 = CARTESIAN_POINT('',(-6.309156621162,-23.11382496402));
#1044 = ( GEOMETRIC_REPRESENTATION_CONTEXT(2) 
PARAMETRIC_REPRESENTATION_CONTEXT() REPRESENTATION_CONTEXT('2D SPACE',''
  ) );
#1045 = PCURVE('',#1046,#1051);
#1046 = CYLINDRICAL_SURFACE('',#1047,0.5);
#1047 = AXIS2_PLACEMENT_3D('',#1048,#1049,#1050);
#1048 = CARTESIAN_POINT('',(149.58,-111.48,-1.E-02));
#1049 = DIRECTION('',(0.,0.,1.));
#1050 = DIRECTION('',(1.,0.,-0.));
#1051 = DEFINITIONAL_REPRESENTATION('',(#1052),#1056);
#1052 = LINE('',#1053,#1054);
#1053 = CARTESIAN_POINT('',(0.,1.E-02));
#1054 = VECTOR('',#1055,1.);
#1055 = DIRECTION('',(1.,0.));
#1056 = ( GEOMETRIC_REPRESENTATION_CONTEXT(2) 
PARAMETRIC_REPRESENTATION_CONTEXT() REPRESENTATION_CONTEXT('2D SPACE',''
  ) );
#1057 = FACE_BOUND('',#1058,.T.);
#1058 = EDGE_LOOP('',(#1059));
#1059 = ORIENTED_EDGE('',*,*,#1060,.T.);
#1060 = EDGE_CURVE('',#1061,#1061,#1063,.T.);
#1061 = VERTEX_POINT('',#1062);
#1062 = CARTESIAN_POINT('',(147.54,-111.48,0.));
#1063 = SURFACE_CURVE('',#1064,(#1069,#1080),.PCURVE_S1.);
#1064 = CIRCLE('',#1065,0.5);
#1065 = AXIS2_PLACEMENT_3D('',#1066,#1067,#1068);
#1066 = CARTESIAN_POINT('',(147.04,-111.48,0.));
#1067 = DIRECTION('',(0.,0.,1.));
#1068 = DIRECTION('',(1.,0.,-0.));
#1069 = PCURVE('',#144,#1070);
#1070 = DEFINITIONAL_REPRESENTATION('',(#1071),#1079);
#1071 = ( BOUNDED_CURVE() B_SPLINE_CURVE(2,(#1072,#1073,#1074,#1075,
#1076,#1077,#1078),.UNSPECIFIED.,.T.,.F.) B_SPLINE_CURVE_WITH_KNOTS((1,2
    ,2,2,2,1),(-2.094395102393,0.,2.094395102393,4.188790204786,
6.28318530718,8.377580409573),.UNSPECIFIED.) CURVE() 
GEOMETRIC_REPRESENTATION_ITEM() RATIONAL_B_SPLINE_CURVE((1.,0.5,1.,0.5,
1.,0.5,1.)) REPRESENTATION_ITEM('') );
#1072 = CARTESIAN_POINT('',(-3.769156621162,-23.11382496402));
#1073 = CARTESIAN_POINT('',(-3.769156621162,-22.24779956023));
#1074 = CARTESIAN_POINT('',(-3.019156621162,-22.68081226212));
#1075 = CARTESIAN_POINT('',(-2.269156621162,-23.11382496402));
#1076 = CARTESIAN_POINT('',(-3.019156621162,-23.54683766591));
#1077 = CARTESIAN_POINT('',(-3.769156621162,-23.9798503678));
#1078 = CARTESIAN_POINT('',(-3.769156621162,-23.11382496402));
#1079 = ( GEOMETRIC_REPRESENTATION_CONTEXT(2) 
PARAMETRIC_REPRESENTATION_CONTEXT() REPRESENTATION_CONTEXT('2D SPACE',''
  ) );
#1080 = PCURVE('',#1081,#1086);
#1081 = CYLINDRICAL_SURFACE('',#1082,0.5);
#1082 = AXIS2_PLACEMENT_3D('',#1083,#1084,#1085);
#1083 = CARTESIAN_POINT('',(147.04,-111.48,-1.E-02));
#1084 = DIRECTION('',(0.,0.,1.));
#1085 = DIRECTION('',(1.,0.,-0.));
#1086 = DEFINITIONAL_REPRESENTATION('',(#1087),#1091);
#1087 = LINE('',#1088,#1089);
#1088 = CARTESIAN_POINT('',(0.,1.E-02));
#1089 = VECTOR('',#1090,1.);
#1090 = DIRECTION('',(1.,0.));
#1091 = ( GEOMETRIC_REPRESENTATION_CONTEXT(2) 
PARAMETRIC_REPRESENTATION_CONTEXT() REPRESENTATION_CONTEXT('2D SPACE',''
  ) );
#1092 = FACE_BOUND('',#1093,.T.);
#1093 = EDGE_LOOP('',(#1094));
#1094 = ORIENTED_EDGE('',*,*,#1095,.T.);
#1095 = EDGE_CURVE('',#1096,#1096,#1098,.T.);
#1096 = VERTEX_POINT('',#1097);
#1097 = CARTESIAN_POINT('',(145.,-114.04,0.));
#1098 = SURFACE_CURVE('',#1099,(#1104,#1115),.PCURVE_S1.);
#1099 = CIRCLE('',#1100,0.5);
#1100 = AXIS2_PLACEMENT_3D('',#1101,#1102,#1103);
#1101 = CARTESIAN_POINT('',(144.5,-114.04,0.));
#1102 = DIRECTION('',(0.,0.,1.));
#1103 = DIRECTION('',(1.,0.,-0.));
#1104 = PCURVE('',#144,#1105);
#1105 = DEFINITIONAL_REPRESENTATION('',(#1106),#1114);
#1106 = ( BOUNDED_CURVE() B_SPLINE_CURVE(2,(#1107,#1108,#1109,#1110,
#1111,#1112,#1113),.UNSPECIFIED.,.T.,.F.) B_SPLINE_CURVE_WITH_KNOTS((1,2
    ,2,2,2,1),(-2.094395102393,0.,2.094395102393,4.188790204786,
6.28318530718,8.377580409573),.UNSPECIFIED.) CURVE() 
GEOMETRIC_REPRESENTATION_ITEM() RATIONAL_B_SPLINE_CURVE((1.,0.5,1.,0.5,
1.,0.5,1.)) REPRESENTATION_ITEM('') );
#1107 = CARTESIAN_POINT('',(-1.229156621162,-25.67382496402));
#1108 = CARTESIAN_POINT('',(-1.229156621162,-24.80779956023));
#1109 = CARTESIAN_POINT('',(-0.479156621162,-25.24081226212));
#1110 = CARTESIAN_POINT('',(0.270843378838,-25.67382496402));
#1111 = CARTESIAN_POINT('',(-0.479156621162,-26.10683766591));
#1112 = CARTESIAN_POINT('',(-1.229156621162,-26.5398503678));
#1113 = CARTESIAN_POINT('',(-1.229156621162,-25.67382496402));
#1114 = ( GEOMETRIC_REPRESENTATION_CONTEXT(2) 
PARAMETRIC_REPRESENTATION_CONTEXT() REPRESENTATION_CONTEXT('2D SPACE',''
  ) );
#1115 = PCURVE('',#1116,#1121);
#1116 = CYLINDRICAL_SURFACE('',#1117,0.5);
#1117 = AXIS2_PLACEMENT_3D('',#1118,#1119,#1120);
#1118 = CARTESIAN_POINT('',(144.5,-114.04,-1.E-02));
#1119 = DIRECTION('',(0.,0.,1.));
#1120 = DIRECTION('',(1.,0.,-0.));
#1121 = DEFINITIONAL_REPRESENTATION('',(#1122),#1126);
#1122 = LINE('',#1123,#1124);
#1123 = CARTESIAN_POINT('',(0.,1.E-02));
#1124 = VECTOR('',#1125,1.);
#1125 = DIRECTION('',(1.,0.));
#1126 = ( GEOMETRIC_REPRESENTATION_CONTEXT(2) 
PARAMETRIC_REPRESENTATION_CONTEXT() REPRESENTATION_CONTEXT('2D SPACE',''
  ) );
#1127 = FACE_BOUND('',#1128,.T.);
#1128 = EDGE_LOOP('',(#1129));
#1129 = ORIENTED_EDGE('',*,*,#1130,.T.);
#1130 = EDGE_CURVE('',#1131,#1131,#1133,.T.);
#1131 = VERTEX_POINT('',#1132);
#1132 = CARTESIAN_POINT('',(142.46,-114.04,0.));
#1133 = SURFACE_CURVE('',#1134,(#1139,#1150),.PCURVE_S1.);
#1134 = CIRCLE('',#1135,0.5);
#1135 = AXIS2_PLACEMENT_3D('',#1136,#1137,#1138);
#1136 = CARTESIAN_POINT('',(141.96,-114.04,0.));
#1137 = DIRECTION('',(0.,0.,1.));
#1138 = DIRECTION('',(1.,0.,-0.));
#1139 = PCURVE('',#144,#1140);
#1140 = DEFINITIONAL_REPRESENTATION('',(#1141),#1149);
#1141 = ( BOUNDED_CURVE() B_SPLINE_CURVE(2,(#1142,#1143,#1144,#1145,
#1146,#1147,#1148),.UNSPECIFIED.,.T.,.F.) B_SPLINE_CURVE_WITH_KNOTS((1,2
    ,2,2,2,1),(-2.094395102393,0.,2.094395102393,4.188790204786,
6.28318530718,8.377580409573),.UNSPECIFIED.) CURVE() 
GEOMETRIC_REPRESENTATION_ITEM() RATIONAL_B_SPLINE_CURVE((1.,0.5,1.,0.5,
1.,0.5,1.)) REPRESENTATION_ITEM('') );
#1142 = CARTESIAN_POINT('',(1.310843378838,-25.67382496402));
#1143 = CARTESIAN_POINT('',(1.310843378838,-24.80779956023));
#1144 = CARTESIAN_POINT('',(2.060843378838,-25.24081226212));
#1145 = CARTESIAN_POINT('',(2.810843378838,-25.67382496402));
#1146 = CARTESIAN_POINT('',(2.060843378838,-26.10683766591));
#1147 = CARTESIAN_POINT('',(1.310843378838,-26.5398503678));
#1148 = CARTESIAN_POINT('',(1.310843378838,-25.67382496402));
#1149 = ( GEOMETRIC_REPRESENTATION_CONTEXT(2) 
PARAMETRIC_REPRESENTATION_CONTEXT() REPRESENTATION_CONTEXT('2D SPACE',''
  ) );
#1150 = PCURVE('',#1151,#1156);
#1151 = CYLINDRICAL_SURFACE('',#1152,0.5);
#1152 = AXIS2_PLACEMENT_3D('',#1153,#1154,#1155);
#1153 = CARTESIAN_POINT('',(141.96,-114.04,-1.E-02));
#1154 = DIRECTION('',(0.,0.,1.));
#1155 = DIRECTION('',(1.,0.,-0.));
#1156 = DEFINITIONAL_REPRESENTATION('',(#1157),#1161);
#1157 = LINE('',#1158,#1159);
#1158 = CARTESIAN_POINT('',(0.,1.E-02));
#1159 = VECTOR('',#1160,1.);
#1160 = DIRECTION('',(1.,0.));
#1161 = ( GEOMETRIC_REPRESENTATION_CONTEXT(2) 
PARAMETRIC_REPRESENTATION_CONTEXT() REPRESENTATION_CONTEXT('2D SPACE',''
  ) );
#1162 = FACE_BOUND('',#1163,.T.);
#1163 = EDGE_LOOP('',(#1164));
#1164 = ORIENTED_EDGE('',*,*,#1165,.T.);
#1165 = EDGE_CURVE('',#1166,#1166,#1168,.T.);
#1166 = VERTEX_POINT('',#1167);
#1167 = CARTESIAN_POINT('',(145.,-111.48,0.));
#1168 = SURFACE_CURVE('',#1169,(#1174,#1185),.PCURVE_S1.);
#1169 = CIRCLE('',#1170,0.5);
#1170 = AXIS2_PLACEMENT_3D('',#1171,#1172,#1173);
#1171 = CARTESIAN_POINT('',(144.5,-111.48,0.));
#1172 = DIRECTION('',(0.,0.,1.));
#1173 = DIRECTION('',(1.,0.,-0.));
#1174 = PCURVE('',#144,#1175);
#1175 = DEFINITIONAL_REPRESENTATION('',(#1176),#1184);
#1176 = ( BOUNDED_CURVE() B_SPLINE_CURVE(2,(#1177,#1178,#1179,#1180,
#1181,#1182,#1183),.UNSPECIFIED.,.T.,.F.) B_SPLINE_CURVE_WITH_KNOTS((1,2
    ,2,2,2,1),(-2.094395102393,0.,2.094395102393,4.188790204786,
6.28318530718,8.377580409573),.UNSPECIFIED.) CURVE() 
GEOMETRIC_REPRESENTATION_ITEM() RATIONAL_B_SPLINE_CURVE((1.,0.5,1.,0.5,
1.,0.5,1.)) REPRESENTATION_ITEM('') );
#1177 = CARTESIAN_POINT('',(-1.229156621162,-23.11382496402));
#1178 = CARTESIAN_POINT('',(-1.229156621162,-22.24779956023));
#1179 = CARTESIAN_POINT('',(-0.479156621162,-22.68081226212));
#1180 = CARTESIAN_POINT('',(0.270843378838,-23.11382496402));
#1181 = CARTESIAN_POINT('',(-0.479156621162,-23.54683766591));
#1182 = CARTESIAN_POINT('',(-1.229156621162,-23.9798503678));
#1183 = CARTESIAN_POINT('',(-1.229156621162,-23.11382496402));
#1184 = ( GEOMETRIC_REPRESENTATION_CONTEXT(2) 
PARAMETRIC_REPRESENTATION_CONTEXT() REPRESENTATION_CONTEXT('2D SPACE',''
  ) );
#1185 = PCURVE('',#1186,#1191);
#1186 = CYLINDRICAL_SURFACE('',#1187,0.5);
#1187 = AXIS2_PLACEMENT_3D('',#1188,#1189,#1190);
#1188 = CARTESIAN_POINT('',(144.5,-111.48,-1.E-02));
#1189 = DIRECTION('',(0.,0.,1.));
#1190 = DIRECTION('',(1.,0.,-0.));
#1191 = DEFINITIONAL_REPRESENTATION('',(#1192),#1196);
#1192 = LINE('',#1193,#1194);
#1193 = CARTESIAN_POINT('',(0.,1.E-02));
#1194 = VECTOR('',#1195,1.);
#1195 = DIRECTION('',(1.,0.));
#1196 = ( GEOMETRIC_REPRESENTATION_CONTEXT(2) 
PARAMETRIC_REPRESENTATION_CONTEXT() REPRESENTATION_CONTEXT('2D SPACE',''
  ) );
#1197 = FACE_BOUND('',#1198,.T.);
#1198 = EDGE_LOOP('',(#1199));
#1199 = ORIENTED_EDGE('',*,*,#1200,.T.);
#1200 = EDGE_CURVE('',#1201,#1201,#1203,.T.);
#1201 = VERTEX_POINT('',#1202);
#1202 = CARTESIAN_POINT('',(142.46,-111.48,0.));
#1203 = SURFACE_CURVE('',#1204,(#1209,#1220),.PCURVE_S1.);
#1204 = CIRCLE('',#1205,0.5);
#1205 = AXIS2_PLACEMENT_3D('',#1206,#1207,#1208);
#1206 = CARTESIAN_POINT('',(141.96,-111.48,0.));
#1207 = DIRECTION('',(0.,0.,1.));
#1208 = DIRECTION('',(1.,0.,-0.));
#1209 = PCURVE('',#144,#1210);
#1210 = DEFINITIONAL_REPRESENTATION('',(#1211),#1219);
#1211 = ( BOUNDED_CURVE() B_SPLINE_CURVE(2,(#1212,#1213,#1214,#1215,
#1216,#1217,#1218),.UNSPECIFIED.,.T.,.F.) B_SPLINE_CURVE_WITH_KNOTS((1,2
    ,2,2,2,1),(-2.094395102393,0.,2.094395102393,4.188790204786,
6.28318530718,8.377580409573),.UNSPECIFIED.) CURVE() 
GEOMETRIC_REPRESENTATION_ITEM() RATIONAL_B_SPLINE_CURVE((1.,0.5,1.,0.5,
1.,0.5,1.)) REPRESENTATION_ITEM('') );
#1212 = CARTESIAN_POINT('',(1.310843378838,-23.11382496402));
#1213 = CARTESIAN_POINT('',(1.310843378838,-22.24779956023));
#1214 = CARTESIAN_POINT('',(2.060843378838,-22.68081226212));
#1215 = CARTESIAN_POINT('',(2.810843378838,-23.11382496402));
#1216 = CARTESIAN_POINT('',(2.060843378838,-23.54683766591));
#1217 = CARTESIAN_POINT('',(1.310843378838,-23.9798503678));
#1218 = CARTESIAN_POINT('',(1.310843378838,-23.11382496402));
#1219 = ( GEOMETRIC_REPRESENTATION_CONTEXT(2) 
PARAMETRIC_REPRESENTATION_CONTEXT() REPRESENTATION_CONTEXT('2D SPACE',''
  ) );
#1220 = PCURVE('',#1221,#1226);
#1221 = CYLINDRICAL_SURFACE('',#1222,0.5);
#1222 = AXIS2_PLACEMENT_3D('',#1223,#1224,#1225);
#1223 = CARTESIAN_POINT('',(141.96,-111.48,-1.E-02));
#1224 = DIRECTION('',(0.,0.,1.));
#1225 = DIRECTION('',(1.,0.,-0.));
#1226 = DEFINITIONAL_REPRESENTATION('',(#1227),#1231);
#1227 = LINE('',#1228,#1229);
#1228 = CARTESIAN_POINT('',(0.,1.E-02));
#1229 = VECTOR('',#1230,1.);
#1230 = DIRECTION('',(1.,0.));
#1231 = ( GEOMETRIC_REPRESENTATION_CONTEXT(2) 
PARAMETRIC_REPRESENTATION_CONTEXT() REPRESENTATION_CONTEXT('2D SPACE',''
  ) );
#1232 = FACE_BOUND('',#1233,.T.);
#1233 = EDGE_LOOP('',(#1234));
#1234 = ORIENTED_EDGE('',*,*,#1235,.T.);
#1235 = EDGE_CURVE('',#1236,#1236,#1238,.T.);
#1236 = VERTEX_POINT('',#1237);
#1237 = CARTESIAN_POINT('',(160.52,-106.68,0.));
#1238 = SURFACE_CURVE('',#1239,(#1244,#1255),.PCURVE_S1.);
#1239 = CIRCLE('',#1240,0.5);
#1240 = AXIS2_PLACEMENT_3D('',#1241,#1242,#1243);
#1241 = CARTESIAN_POINT('',(160.02,-106.68,0.));
#1242 = DIRECTION('',(0.,0.,1.));
#1243 = DIRECTION('',(1.,0.,-0.));
#1244 = PCURVE('',#144,#1245);
#1245 = DEFINITIONAL_REPRESENTATION('',(#1246),#1254);
#1246 = ( BOUNDED_CURVE() B_SPLINE_CURVE(2,(#1247,#1248,#1249,#1250,
#1251,#1252,#1253),.UNSPECIFIED.,.T.,.F.) B_SPLINE_CURVE_WITH_KNOTS((1,2
    ,2,2,2,1),(-2.094395102393,0.,2.094395102393,4.188790204786,
6.28318530718,8.377580409573),.UNSPECIFIED.) CURVE() 
GEOMETRIC_REPRESENTATION_ITEM() RATIONAL_B_SPLINE_CURVE((1.,0.5,1.,0.5,
1.,0.5,1.)) REPRESENTATION_ITEM('') );
#1247 = CARTESIAN_POINT('',(-16.74915662116,-18.31382496402));
#1248 = CARTESIAN_POINT('',(-16.74915662116,-17.44779956023));
#1249 = CARTESIAN_POINT('',(-15.99915662116,-17.88081226212));
#1250 = CARTESIAN_POINT('',(-15.24915662116,-18.31382496402));
#1251 = CARTESIAN_POINT('',(-15.99915662116,-18.74683766591));
#1252 = CARTESIAN_POINT('',(-16.74915662116,-19.1798503678));
#1253 = CARTESIAN_POINT('',(-16.74915662116,-18.31382496402));
#1254 = ( GEOMETRIC_REPRESENTATION_CONTEXT(2) 
PARAMETRIC_REPRESENTATION_CONTEXT() REPRESENTATION_CONTEXT('2D SPACE',''
  ) );
#1255 = PCURVE('',#1256,#1261);
#1256 = CYLINDRICAL_SURFACE('',#1257,0.5);
#1257 = AXIS2_PLACEMENT_3D('',#1258,#1259,#1260);
#1258 = CARTESIAN_POINT('',(160.02,-106.68,-1.E-02));
#1259 = DIRECTION('',(0.,0.,1.));
#1260 = DIRECTION('',(1.,0.,-0.));
#1261 = DEFINITIONAL_REPRESENTATION('',(#1262),#1266);
#1262 = LINE('',#1263,#1264);
#1263 = CARTESIAN_POINT('',(0.,1.E-02));
#1264 = VECTOR('',#1265,1.);
#1265 = DIRECTION('',(1.,0.));
#1266 = ( GEOMETRIC_REPRESENTATION_CONTEXT(2) 
PARAMETRIC_REPRESENTATION_CONTEXT() REPRESENTATION_CONTEXT('2D SPACE',''
  ) );
#1267 = FACE_BOUND('',#1268,.T.);
#1268 = EDGE_LOOP('',(#1269));
#1269 = ORIENTED_EDGE('',*,*,#1270,.T.);
#1270 = EDGE_CURVE('',#1271,#1271,#1273,.T.);
#1271 = VERTEX_POINT('',#1272);
#1272 = CARTESIAN_POINT('',(170.68,-101.68,0.));
#1273 = SURFACE_CURVE('',#1274,(#1279,#1290),.PCURVE_S1.);
#1274 = CIRCLE('',#1275,0.5);
#1275 = AXIS2_PLACEMENT_3D('',#1276,#1277,#1278);
#1276 = CARTESIAN_POINT('',(170.18,-101.68,0.));
#1277 = DIRECTION('',(0.,0.,1.));
#1278 = DIRECTION('',(1.,0.,-0.));
#1279 = PCURVE('',#144,#1280);
#1280 = DEFINITIONAL_REPRESENTATION('',(#1281),#1289);
#1281 = ( BOUNDED_CURVE() B_SPLINE_CURVE(2,(#1282,#1283,#1284,#1285,
#1286,#1287,#1288),.UNSPECIFIED.,.T.,.F.) B_SPLINE_CURVE_WITH_KNOTS((1,2
    ,2,2,2,1),(-2.094395102393,0.,2.094395102393,4.188790204786,
6.28318530718,8.377580409573),.UNSPECIFIED.) CURVE() 
GEOMETRIC_REPRESENTATION_ITEM() RATIONAL_B_SPLINE_CURVE((1.,0.5,1.,0.5,
1.,0.5,1.)) REPRESENTATION_ITEM('') );
#1282 = CARTESIAN_POINT('',(-26.90915662116,-13.31382496402));
#1283 = CARTESIAN_POINT('',(-26.90915662116,-12.44779956023));
#1284 = CARTESIAN_POINT('',(-26.15915662116,-12.88081226212));
#1285 = CARTESIAN_POINT('',(-25.40915662116,-13.31382496402));
#1286 = CARTESIAN_POINT('',(-26.15915662116,-13.74683766591));
#1287 = CARTESIAN_POINT('',(-26.90915662116,-14.1798503678));
#1288 = CARTESIAN_POINT('',(-26.90915662116,-13.31382496402));
#1289 = ( GEOMETRIC_REPRESENTATION_CONTEXT(2) 
PARAMETRIC_REPRESENTATION_CONTEXT() REPRESENTATION_CONTEXT('2D SPACE',''
  ) );
#1290 = PCURVE('',#1291,#1296);
#1291 = CYLINDRICAL_SURFACE('',#1292,0.5);
#1292 = AXIS2_PLACEMENT_3D('',#1293,#1294,#1295);
#1293 = CARTESIAN_POINT('',(170.18,-101.68,-1.E-02));
#1294 = DIRECTION('',(0.,0.,1.));
#1295 = DIRECTION('',(1.,0.,-0.));
#1296 = DEFINITIONAL_REPRESENTATION('',(#1297),#1301);
#1297 = LINE('',#1298,#1299);
#1298 = CARTESIAN_POINT('',(0.,1.E-02));
#1299 = VECTOR('',#1300,1.);
#1300 = DIRECTION('',(1.,0.));
#1301 = ( GEOMETRIC_REPRESENTATION_CONTEXT(2) 
PARAMETRIC_REPRESENTATION_CONTEXT() REPRESENTATION_CONTEXT('2D SPACE',''
  ) );
#1302 = FACE_BOUND('',#1303,.T.);
#1303 = EDGE_LOOP('',(#1304));
#1304 = ORIENTED_EDGE('',*,*,#1305,.T.);
#1305 = EDGE_CURVE('',#1306,#1306,#1308,.T.);
#1306 = VERTEX_POINT('',#1307);
#1307 = CARTESIAN_POINT('',(169.41,-95.25,0.));
#1308 = SURFACE_CURVE('',#1309,(#1314,#1325),.PCURVE_S1.);
#1309 = CIRCLE('',#1310,0.5);
#1310 = AXIS2_PLACEMENT_3D('',#1311,#1312,#1313);
#1311 = CARTESIAN_POINT('',(168.91,-95.25,0.));
#1312 = DIRECTION('',(0.,0.,1.));
#1313 = DIRECTION('',(1.,0.,-0.));
#1314 = PCURVE('',#144,#1315);
#1315 = DEFINITIONAL_REPRESENTATION('',(#1316),#1324);
#1316 = ( BOUNDED_CURVE() B_SPLINE_CURVE(2,(#1317,#1318,#1319,#1320,
#1321,#1322,#1323),.UNSPECIFIED.,.T.,.F.) B_SPLINE_CURVE_WITH_KNOTS((1,2
    ,2,2,2,1),(-2.094395102393,0.,2.094395102393,4.188790204786,
6.28318530718,8.377580409573),.UNSPECIFIED.) CURVE() 
GEOMETRIC_REPRESENTATION_ITEM() RATIONAL_B_SPLINE_CURVE((1.,0.5,1.,0.5,
1.,0.5,1.)) REPRESENTATION_ITEM('') );
#1317 = CARTESIAN_POINT('',(-25.63915662116,-6.883824964021));
#1318 = CARTESIAN_POINT('',(-25.63915662116,-6.017799560237));
#1319 = CARTESIAN_POINT('',(-24.88915662116,-6.450812262129));
#1320 = CARTESIAN_POINT('',(-24.13915662116,-6.883824964021));
#1321 = CARTESIAN_POINT('',(-24.88915662116,-7.316837665914));
#1322 = CARTESIAN_POINT('',(-25.63915662116,-7.749850367806));
#1323 = CARTESIAN_POINT('',(-25.63915662116,-6.883824964021));
#1324 = ( GEOMETRIC_REPRESENTATION_CONTEXT(2) 
PARAMETRIC_REPRESENTATION_CONTEXT() REPRESENTATION_CONTEXT('2D SPACE',''
  ) );
#1325 = PCURVE('',#1326,#1331);
#1326 = CYLINDRICAL_SURFACE('',#1327,0.5);
#1327 = AXIS2_PLACEMENT_3D('',#1328,#1329,#1330);
#1328 = CARTESIAN_POINT('',(168.91,-95.25,-1.E-02));
#1329 = DIRECTION('',(0.,0.,1.));
#1330 = DIRECTION('',(1.,0.,-0.));
#1331 = DEFINITIONAL_REPRESENTATION('',(#1332),#1336);
#1332 = LINE('',#1333,#1334);
#1333 = CARTESIAN_POINT('',(0.,1.E-02));
#1334 = VECTOR('',#1335,1.);
#1335 = DIRECTION('',(1.,0.));
#1336 = ( GEOMETRIC_REPRESENTATION_CONTEXT(2) 
PARAMETRIC_REPRESENTATION_CONTEXT() REPRESENTATION_CONTEXT('2D SPACE',''
  ) );
#1337 = FACE_BOUND('',#1338,.T.);
#1338 = EDGE_LOOP('',(#1339));
#1339 = ORIENTED_EDGE('',*,*,#1340,.T.);
#1340 = EDGE_CURVE('',#1341,#1341,#1343,.T.);
#1341 = VERTEX_POINT('',#1342);
#1342 = CARTESIAN_POINT('',(183.38,-93.98,0.));
#1343 = SURFACE_CURVE('',#1344,(#1349,#1360),.PCURVE_S1.);
#1344 = CIRCLE('',#1345,0.5);
#1345 = AXIS2_PLACEMENT_3D('',#1346,#1347,#1348);
#1346 = CARTESIAN_POINT('',(182.88,-93.98,0.));
#1347 = DIRECTION('',(0.,0.,1.));
#1348 = DIRECTION('',(1.,0.,-0.));
#1349 = PCURVE('',#144,#1350);
#1350 = DEFINITIONAL_REPRESENTATION('',(#1351),#1359);
#1351 = ( BOUNDED_CURVE() B_SPLINE_CURVE(2,(#1352,#1353,#1354,#1355,
#1356,#1357,#1358),.UNSPECIFIED.,.T.,.F.) B_SPLINE_CURVE_WITH_KNOTS((1,2
    ,2,2,2,1),(-2.094395102393,0.,2.094395102393,4.188790204786,
6.28318530718,8.377580409573),.UNSPECIFIED.) CURVE() 
GEOMETRIC_REPRESENTATION_ITEM() RATIONAL_B_SPLINE_CURVE((1.,0.5,1.,0.5,
1.,0.5,1.)) REPRESENTATION_ITEM('') );
#1352 = CARTESIAN_POINT('',(-39.60915662116,-5.613824964021));
#1353 = CARTESIAN_POINT('',(-39.60915662116,-4.747799560237));
#1354 = CARTESIAN_POINT('',(-38.85915662116,-5.180812262129));
#1355 = CARTESIAN_POINT('',(-38.10915662116,-5.613824964021));
#1356 = CARTESIAN_POINT('',(-38.85915662116,-6.046837665914));
#1357 = CARTESIAN_POINT('',(-39.60915662116,-6.479850367806));
#1358 = CARTESIAN_POINT('',(-39.60915662116,-5.613824964021));
#1359 = ( GEOMETRIC_REPRESENTATION_CONTEXT(2) 
PARAMETRIC_REPRESENTATION_CONTEXT() REPRESENTATION_CONTEXT('2D SPACE',''
  ) );
#1360 = PCURVE('',#1361,#1366);
#1361 = CYLINDRICAL_SURFACE('',#1362,0.5);
#1362 = AXIS2_PLACEMENT_3D('',#1363,#1364,#1365);
#1363 = CARTESIAN_POINT('',(182.88,-93.98,-1.E-02));
#1364 = DIRECTION('',(0.,0.,1.));
#1365 = DIRECTION('',(1.,0.,-0.));
#1366 = DEFINITIONAL_REPRESENTATION('',(#1367),#1371);
#1367 = LINE('',#1368,#1369);
#1368 = CARTESIAN_POINT('',(0.,1.E-02));
#1369 = VECTOR('',#1370,1.);
#1370 = DIRECTION('',(1.,0.));
#1371 = ( GEOMETRIC_REPRESENTATION_CONTEXT(2) 
PARAMETRIC_REPRESENTATION_CONTEXT() REPRESENTATION_CONTEXT('2D SPACE',''
  ) );
#1372 = FACE_BOUND('',#1373,.T.);
#1373 = EDGE_LOOP('',(#1374));
#1374 = ORIENTED_EDGE('',*,*,#1375,.T.);
#1375 = EDGE_CURVE('',#1376,#1376,#1378,.T.);
#1376 = VERTEX_POINT('',#1377);
#1377 = CARTESIAN_POINT('',(183.38,-91.44,0.));
#1378 = SURFACE_CURVE('',#1379,(#1384,#1395),.PCURVE_S1.);
#1379 = CIRCLE('',#1380,0.5);
#1380 = AXIS2_PLACEMENT_3D('',#1381,#1382,#1383);
#1381 = CARTESIAN_POINT('',(182.88,-91.44,0.));
#1382 = DIRECTION('',(0.,0.,1.));
#1383 = DIRECTION('',(1.,0.,-0.));
#1384 = PCURVE('',#144,#1385);
#1385 = DEFINITIONAL_REPRESENTATION('',(#1386),#1394);
#1386 = ( BOUNDED_CURVE() B_SPLINE_CURVE(2,(#1387,#1388,#1389,#1390,
#1391,#1392,#1393),.UNSPECIFIED.,.T.,.F.) B_SPLINE_CURVE_WITH_KNOTS((1,2
    ,2,2,2,1),(-2.094395102393,0.,2.094395102393,4.188790204786,
6.28318530718,8.377580409573),.UNSPECIFIED.) CURVE() 
GEOMETRIC_REPRESENTATION_ITEM() RATIONAL_B_SPLINE_CURVE((1.,0.5,1.,0.5,
1.,0.5,1.)) REPRESENTATION_ITEM('') );
#1387 = CARTESIAN_POINT('',(-39.60915662116,-3.073824964021));
#1388 = CARTESIAN_POINT('',(-39.60915662116,-2.207799560237));
#1389 = CARTESIAN_POINT('',(-38.85915662116,-2.640812262129));
#1390 = CARTESIAN_POINT('',(-38.10915662116,-3.073824964021));
#1391 = CARTESIAN_POINT('',(-38.85915662116,-3.506837665914));
#1392 = CARTESIAN_POINT('',(-39.60915662116,-3.939850367806));
#1393 = CARTESIAN_POINT('',(-39.60915662116,-3.073824964021));
#1394 = ( GEOMETRIC_REPRESENTATION_CONTEXT(2) 
PARAMETRIC_REPRESENTATION_CONTEXT() REPRESENTATION_CONTEXT('2D SPACE',''
  ) );
#1395 = PCURVE('',#1396,#1401);
#1396 = CYLINDRICAL_SURFACE('',#1397,0.5);
#1397 = AXIS2_PLACEMENT_3D('',#1398,#1399,#1400);
#1398 = CARTESIAN_POINT('',(182.88,-91.44,-1.E-02));
#1399 = DIRECTION('',(0.,0.,1.));
#1400 = DIRECTION('',(1.,0.,-0.));
#1401 = DEFINITIONAL_REPRESENTATION('',(#1402),#1406);
#1402 = LINE('',#1403,#1404);
#1403 = CARTESIAN_POINT('',(0.,1.E-02));
#1404 = VECTOR('',#1405,1.);
#1405 = DIRECTION('',(1.,0.));
#1406 = ( GEOMETRIC_REPRESENTATION_CONTEXT(2) 
PARAMETRIC_REPRESENTATION_CONTEXT() REPRESENTATION_CONTEXT('2D SPACE',''
  ) );
#1407 = FACE_BOUND('',#1408,.T.);
#1408 = EDGE_LOOP('',(#1409));
#1409 = ORIENTED_EDGE('',*,*,#1410,.T.);
#1410 = EDGE_CURVE('',#1411,#1411,#1413,.T.);
#1411 = VERTEX_POINT('',#1412);
#1412 = CARTESIAN_POINT('',(183.38,-88.9,0.));
#1413 = SURFACE_CURVE('',#1414,(#1419,#1430),.PCURVE_S1.);
#1414 = CIRCLE('',#1415,0.5);
#1415 = AXIS2_PLACEMENT_3D('',#1416,#1417,#1418);
#1416 = CARTESIAN_POINT('',(182.88,-88.9,0.));
#1417 = DIRECTION('',(0.,0.,1.));
#1418 = DIRECTION('',(1.,0.,-0.));
#1419 = PCURVE('',#144,#1420);
#1420 = DEFINITIONAL_REPRESENTATION('',(#1421),#1429);
#1421 = ( BOUNDED_CURVE() B_SPLINE_CURVE(2,(#1422,#1423,#1424,#1425,
#1426,#1427,#1428),.UNSPECIFIED.,.T.,.F.) B_SPLINE_CURVE_WITH_KNOTS((1,2
    ,2,2,2,1),(-2.094395102393,0.,2.094395102393,4.188790204786,
6.28318530718,8.377580409573),.UNSPECIFIED.) CURVE() 
GEOMETRIC_REPRESENTATION_ITEM() RATIONAL_B_SPLINE_CURVE((1.,0.5,1.,0.5,
1.,0.5,1.)) REPRESENTATION_ITEM('') );
#1422 = CARTESIAN_POINT('',(-39.60915662116,-0.533824964021));
#1423 = CARTESIAN_POINT('',(-39.60915662116,0.332200439763));
#1424 = CARTESIAN_POINT('',(-38.85915662116,-0.100812262129));
#1425 = CARTESIAN_POINT('',(-38.10915662116,-0.533824964021));
#1426 = CARTESIAN_POINT('',(-38.85915662116,-0.966837665914));
#1427 = CARTESIAN_POINT('',(-39.60915662116,-1.399850367806));
#1428 = CARTESIAN_POINT('',(-39.60915662116,-0.533824964021));
#1429 = ( GEOMETRIC_REPRESENTATION_CONTEXT(2) 
PARAMETRIC_REPRESENTATION_CONTEXT() REPRESENTATION_CONTEXT('2D SPACE',''
  ) );
#1430 = PCURVE('',#1431,#1436);
#1431 = CYLINDRICAL_SURFACE('',#1432,0.5);
#1432 = AXIS2_PLACEMENT_3D('',#1433,#1434,#1435);
#1433 = CARTESIAN_POINT('',(182.88,-88.9,-1.E-02));
#1434 = DIRECTION('',(0.,0.,1.));
#1435 = DIRECTION('',(1.,0.,-0.));
#1436 = DEFINITIONAL_REPRESENTATION('',(#1437),#1441);
#1437 = LINE('',#1438,#1439);
#1438 = CARTESIAN_POINT('',(0.,1.E-02));
#1439 = VECTOR('',#1440,1.);
#1440 = DIRECTION('',(1.,0.));
#1441 = ( GEOMETRIC_REPRESENTATION_CONTEXT(2) 
PARAMETRIC_REPRESENTATION_CONTEXT() REPRESENTATION_CONTEXT('2D SPACE',''
  ) );
#1442 = FACE_BOUND('',#1443,.T.);
#1443 = EDGE_LOOP('',(#1444));
#1444 = ORIENTED_EDGE('',*,*,#1445,.T.);
#1445 = EDGE_CURVE('',#1446,#1446,#1448,.T.);
#1446 = VERTEX_POINT('',#1447);
#1447 = CARTESIAN_POINT('',(183.38,-86.36,0.));
#1448 = SURFACE_CURVE('',#1449,(#1454,#1465),.PCURVE_S1.);
#1449 = CIRCLE('',#1450,0.5);
#1450 = AXIS2_PLACEMENT_3D('',#1451,#1452,#1453);
#1451 = CARTESIAN_POINT('',(182.88,-86.36,0.));
#1452 = DIRECTION('',(0.,0.,1.));
#1453 = DIRECTION('',(1.,0.,-0.));
#1454 = PCURVE('',#144,#1455);
#1455 = DEFINITIONAL_REPRESENTATION('',(#1456),#1464);
#1456 = ( BOUNDED_CURVE() B_SPLINE_CURVE(2,(#1457,#1458,#1459,#1460,
#1461,#1462,#1463),.UNSPECIFIED.,.T.,.F.) B_SPLINE_CURVE_WITH_KNOTS((1,2
    ,2,2,2,1),(-2.094395102393,0.,2.094395102393,4.188790204786,
6.28318530718,8.377580409573),.UNSPECIFIED.) CURVE() 
GEOMETRIC_REPRESENTATION_ITEM() RATIONAL_B_SPLINE_CURVE((1.,0.5,1.,0.5,
1.,0.5,1.)) REPRESENTATION_ITEM('') );
#1457 = CARTESIAN_POINT('',(-39.60915662116,2.006175035979));
#1458 = CARTESIAN_POINT('',(-39.60915662116,2.872200439763));
#1459 = CARTESIAN_POINT('',(-38.85915662116,2.439187737871));
#1460 = CARTESIAN_POINT('',(-38.10915662116,2.006175035979));
#1461 = CARTESIAN_POINT('',(-38.85915662116,1.573162334086));
#1462 = CARTESIAN_POINT('',(-39.60915662116,1.140149632194));
#1463 = CARTESIAN_POINT('',(-39.60915662116,2.006175035979));
#1464 = ( GEOMETRIC_REPRESENTATION_CONTEXT(2) 
PARAMETRIC_REPRESENTATION_CONTEXT() REPRESENTATION_CONTEXT('2D SPACE',''
  ) );
#1465 = PCURVE('',#1466,#1471);
#1466 = CYLINDRICAL_SURFACE('',#1467,0.5);
#1467 = AXIS2_PLACEMENT_3D('',#1468,#1469,#1470);
#1468 = CARTESIAN_POINT('',(182.88,-86.36,-1.E-02));
#1469 = DIRECTION('',(0.,0.,1.));
#1470 = DIRECTION('',(1.,0.,-0.));
#1471 = DEFINITIONAL_REPRESENTATION('',(#1472),#1476);
#1472 = LINE('',#1473,#1474);
#1473 = CARTESIAN_POINT('',(0.,1.E-02));
#1474 = VECTOR('',#1475,1.);
#1475 = DIRECTION('',(1.,0.));
#1476 = ( GEOMETRIC_REPRESENTATION_CONTEXT(2) 
PARAMETRIC_REPRESENTATION_CONTEXT() REPRESENTATION_CONTEXT('2D SPACE',''
  ) );
#1477 = FACE_BOUND('',#1478,.T.);
#1478 = EDGE_LOOP('',(#1479));
#1479 = ORIENTED_EDGE('',*,*,#1480,.T.);
#1480 = EDGE_CURVE('',#1481,#1481,#1483,.T.);
#1481 = VERTEX_POINT('',#1482);
#1482 = CARTESIAN_POINT('',(169.41,-92.71,0.));
#1483 = SURFACE_CURVE('',#1484,(#1489,#1500),.PCURVE_S1.);
#1484 = CIRCLE('',#1485,0.5);
#1485 = AXIS2_PLACEMENT_3D('',#1486,#1487,#1488);
#1486 = CARTESIAN_POINT('',(168.91,-92.71,0.));
#1487 = DIRECTION('',(0.,0.,1.));
#1488 = DIRECTION('',(1.,0.,-0.));
#1489 = PCURVE('',#144,#1490);
#1490 = DEFINITIONAL_REPRESENTATION('',(#1491),#1499);
#1491 = ( BOUNDED_CURVE() B_SPLINE_CURVE(2,(#1492,#1493,#1494,#1495,
#1496,#1497,#1498),.UNSPECIFIED.,.T.,.F.) B_SPLINE_CURVE_WITH_KNOTS((1,2
    ,2,2,2,1),(-2.094395102393,0.,2.094395102393,4.188790204786,
6.28318530718,8.377580409573),.UNSPECIFIED.) CURVE() 
GEOMETRIC_REPRESENTATION_ITEM() RATIONAL_B_SPLINE_CURVE((1.,0.5,1.,0.5,
1.,0.5,1.)) REPRESENTATION_ITEM('') );
#1492 = CARTESIAN_POINT('',(-25.63915662116,-4.343824964021));
#1493 = CARTESIAN_POINT('',(-25.63915662116,-3.477799560237));
#1494 = CARTESIAN_POINT('',(-24.88915662116,-3.910812262129));
#1495 = CARTESIAN_POINT('',(-24.13915662116,-4.343824964021));
#1496 = CARTESIAN_POINT('',(-24.88915662116,-4.776837665914));
#1497 = CARTESIAN_POINT('',(-25.63915662116,-5.209850367806));
#1498 = CARTESIAN_POINT('',(-25.63915662116,-4.343824964021));
#1499 = ( GEOMETRIC_REPRESENTATION_CONTEXT(2) 
PARAMETRIC_REPRESENTATION_CONTEXT() REPRESENTATION_CONTEXT('2D SPACE',''
  ) );
#1500 = PCURVE('',#1501,#1506);
#1501 = CYLINDRICAL_SURFACE('',#1502,0.5);
#1502 = AXIS2_PLACEMENT_3D('',#1503,#1504,#1505);
#1503 = CARTESIAN_POINT('',(168.91,-92.71,-1.E-02));
#1504 = DIRECTION('',(0.,0.,1.));
#1505 = DIRECTION('',(1.,0.,-0.));
#1506 = DEFINITIONAL_REPRESENTATION('',(#1507),#1511);
#1507 = LINE('',#1508,#1509);
#1508 = CARTESIAN_POINT('',(0.,1.E-02));
#1509 = VECTOR('',#1510,1.);
#1510 = DIRECTION('',(1.,0.));
#1511 = ( GEOMETRIC_REPRESENTATION_CONTEXT(2) 
PARAMETRIC_REPRESENTATION_CONTEXT() REPRESENTATION_CONTEXT('2D SPACE',''
  ) );
#1512 = FACE_BOUND('',#1513,.T.);
#1513 = EDGE_LOOP('',(#1514));
#1514 = ORIENTED_EDGE('',*,*,#1515,.T.);
#1515 = EDGE_CURVE('',#1516,#1516,#1518,.T.);
#1516 = VERTEX_POINT('',#1517);
#1517 = CARTESIAN_POINT('',(169.41,-90.17,0.));
#1518 = SURFACE_CURVE('',#1519,(#1524,#1535),.PCURVE_S1.);
#1519 = CIRCLE('',#1520,0.5);
#1520 = AXIS2_PLACEMENT_3D('',#1521,#1522,#1523);
#1521 = CARTESIAN_POINT('',(168.91,-90.17,0.));
#1522 = DIRECTION('',(0.,0.,1.));
#1523 = DIRECTION('',(1.,0.,-0.));
#1524 = PCURVE('',#144,#1525);
#1525 = DEFINITIONAL_REPRESENTATION('',(#1526),#1534);
#1526 = ( BOUNDED_CURVE() B_SPLINE_CURVE(2,(#1527,#1528,#1529,#1530,
#1531,#1532,#1533),.UNSPECIFIED.,.T.,.F.) B_SPLINE_CURVE_WITH_KNOTS((1,2
    ,2,2,2,1),(-2.094395102393,0.,2.094395102393,4.188790204786,
6.28318530718,8.377580409573),.UNSPECIFIED.) CURVE() 
GEOMETRIC_REPRESENTATION_ITEM() RATIONAL_B_SPLINE_CURVE((1.,0.5,1.,0.5,
1.,0.5,1.)) REPRESENTATION_ITEM('') );
#1527 = CARTESIAN_POINT('',(-25.63915662116,-1.803824964021));
#1528 = CARTESIAN_POINT('',(-25.63915662116,-0.937799560237));
#1529 = CARTESIAN_POINT('',(-24.88915662116,-1.370812262129));
#1530 = CARTESIAN_POINT('',(-24.13915662116,-1.803824964021));
#1531 = CARTESIAN_POINT('',(-24.88915662116,-2.236837665914));
#1532 = CARTESIAN_POINT('',(-25.63915662116,-2.669850367806));
#1533 = CARTESIAN_POINT('',(-25.63915662116,-1.803824964021));
#1534 = ( GEOMETRIC_REPRESENTATION_CONTEXT(2) 
PARAMETRIC_REPRESENTATION_CONTEXT() REPRESENTATION_CONTEXT('2D SPACE',''
  ) );
#1535 = PCURVE('',#1536,#1541);
#1536 = CYLINDRICAL_SURFACE('',#1537,0.5);
#1537 = AXIS2_PLACEMENT_3D('',#1538,#1539,#1540);
#1538 = CARTESIAN_POINT('',(168.91,-90.17,-1.E-02));
#1539 = DIRECTION('',(0.,0.,1.));
#1540 = DIRECTION('',(1.,0.,-0.));
#1541 = DEFINITIONAL_REPRESENTATION('',(#1542),#1546);
#1542 = LINE('',#1543,#1544);
#1543 = CARTESIAN_POINT('',(0.,1.E-02));
#1544 = VECTOR('',#1545,1.);
#1545 = DIRECTION('',(1.,0.));
#1546 = ( GEOMETRIC_REPRESENTATION_CONTEXT(2) 
PARAMETRIC_REPRESENTATION_CONTEXT() REPRESENTATION_CONTEXT('2D SPACE',''
  ) );
#1547 = FACE_BOUND('',#1548,.T.);
#1548 = EDGE_LOOP('',(#1549));
#1549 = ORIENTED_EDGE('',*,*,#1550,.T.);
#1550 = EDGE_CURVE('',#1551,#1551,#1553,.T.);
#1551 = VERTEX_POINT('',#1552);
#1552 = CARTESIAN_POINT('',(169.41,-87.63,0.));
#1553 = SURFACE_CURVE('',#1554,(#1559,#1570),.PCURVE_S1.);
#1554 = CIRCLE('',#1555,0.5);
#1555 = AXIS2_PLACEMENT_3D('',#1556,#1557,#1558);
#1556 = CARTESIAN_POINT('',(168.91,-87.63,0.));
#1557 = DIRECTION('',(0.,0.,1.));
#1558 = DIRECTION('',(1.,0.,-0.));
#1559 = PCURVE('',#144,#1560);
#1560 = DEFINITIONAL_REPRESENTATION('',(#1561),#1569);
#1561 = ( BOUNDED_CURVE() B_SPLINE_CURVE(2,(#1562,#1563,#1564,#1565,
#1566,#1567,#1568),.UNSPECIFIED.,.T.,.F.) B_SPLINE_CURVE_WITH_KNOTS((1,2
    ,2,2,2,1),(-2.094395102393,0.,2.094395102393,4.188790204786,
6.28318530718,8.377580409573),.UNSPECIFIED.) CURVE() 
GEOMETRIC_REPRESENTATION_ITEM() RATIONAL_B_SPLINE_CURVE((1.,0.5,1.,0.5,
1.,0.5,1.)) REPRESENTATION_ITEM('') );
#1562 = CARTESIAN_POINT('',(-25.63915662116,0.736175035979));
#1563 = CARTESIAN_POINT('',(-25.63915662116,1.602200439763));
#1564 = CARTESIAN_POINT('',(-24.88915662116,1.169187737871));
#1565 = CARTESIAN_POINT('',(-24.13915662116,0.736175035979));
#1566 = CARTESIAN_POINT('',(-24.88915662116,0.303162334086));
#1567 = CARTESIAN_POINT('',(-25.63915662116,-0.129850367806));
#1568 = CARTESIAN_POINT('',(-25.63915662116,0.736175035979));
#1569 = ( GEOMETRIC_REPRESENTATION_CONTEXT(2) 
PARAMETRIC_REPRESENTATION_CONTEXT() REPRESENTATION_CONTEXT('2D SPACE',''
  ) );
#1570 = PCURVE('',#1571,#1576);
#1571 = CYLINDRICAL_SURFACE('',#1572,0.5);
#1572 = AXIS2_PLACEMENT_3D('',#1573,#1574,#1575);
#1573 = CARTESIAN_POINT('',(168.91,-87.63,-1.E-02));
#1574 = DIRECTION('',(0.,0.,1.));
#1575 = DIRECTION('',(1.,0.,-0.));
#1576 = DEFINITIONAL_REPRESENTATION('',(#1577),#1581);
#1577 = LINE('',#1578,#1579);
#1578 = CARTESIAN_POINT('',(0.,1.E-02));
#1579 = VECTOR('',#1580,1.);
#1580 = DIRECTION('',(1.,0.));
#1581 = ( GEOMETRIC_REPRESENTATION_CONTEXT(2) 
PARAMETRIC_REPRESENTATION_CONTEXT() REPRESENTATION_CONTEXT('2D SPACE',''
  ) );
#1582 = FACE_BOUND('',#1583,.T.);
#1583 = EDGE_LOOP('',(#1584));
#1584 = ORIENTED_EDGE('',*,*,#1585,.T.);
#1585 = EDGE_CURVE('',#1586,#1586,#1588,.T.);
#1586 = VERTEX_POINT('',#1587);
#1587 = CARTESIAN_POINT('',(160.52,-101.68,0.));
#1588 = SURFACE_CURVE('',#1589,(#1594,#1605),.PCURVE_S1.);
#1589 = CIRCLE('',#1590,0.5);
#1590 = AXIS2_PLACEMENT_3D('',#1591,#1592,#1593);
#1591 = CARTESIAN_POINT('',(160.02,-101.68,0.));
#1592 = DIRECTION('',(0.,0.,1.));
#1593 = DIRECTION('',(1.,0.,-0.));
#1594 = PCURVE('',#144,#1595);
#1595 = DEFINITIONAL_REPRESENTATION('',(#1596),#1604);
#1596 = ( BOUNDED_CURVE() B_SPLINE_CURVE(2,(#1597,#1598,#1599,#1600,
#1601,#1602,#1603),.UNSPECIFIED.,.T.,.F.) B_SPLINE_CURVE_WITH_KNOTS((1,2
    ,2,2,2,1),(-2.094395102393,0.,2.094395102393,4.188790204786,
6.28318530718,8.377580409573),.UNSPECIFIED.) CURVE() 
GEOMETRIC_REPRESENTATION_ITEM() RATIONAL_B_SPLINE_CURVE((1.,0.5,1.,0.5,
1.,0.5,1.)) REPRESENTATION_ITEM('') );
#1597 = CARTESIAN_POINT('',(-16.74915662116,-13.31382496402));
#1598 = CARTESIAN_POINT('',(-16.74915662116,-12.44779956023));
#1599 = CARTESIAN_POINT('',(-15.99915662116,-12.88081226212));
#1600 = CARTESIAN_POINT('',(-15.24915662116,-13.31382496402));
#1601 = CARTESIAN_POINT('',(-15.99915662116,-13.74683766591));
#1602 = CARTESIAN_POINT('',(-16.74915662116,-14.1798503678));
#1603 = CARTESIAN_POINT('',(-16.74915662116,-13.31382496402));
#1604 = ( GEOMETRIC_REPRESENTATION_CONTEXT(2) 
PARAMETRIC_REPRESENTATION_CONTEXT() REPRESENTATION_CONTEXT('2D SPACE',''
  ) );
#1605 = PCURVE('',#1606,#1611);
#1606 = CYLINDRICAL_SURFACE('',#1607,0.5);
#1607 = AXIS2_PLACEMENT_3D('',#1608,#1609,#1610);
#1608 = CARTESIAN_POINT('',(160.02,-101.68,-1.E-02));
#1609 = DIRECTION('',(0.,0.,1.));
#1610 = DIRECTION('',(1.,0.,-0.));
#1611 = DEFINITIONAL_REPRESENTATION('',(#1612),#1616);
#1612 = LINE('',#1613,#1614);
#1613 = CARTESIAN_POINT('',(0.,1.E-02));
#1614 = VECTOR('',#1615,1.);
#1615 = DIRECTION('',(1.,0.));
#1616 = ( GEOMETRIC_REPRESENTATION_CONTEXT(2) 
PARAMETRIC_REPRESENTATION_CONTEXT() REPRESENTATION_CONTEXT('2D SPACE',''
  ) );
#1617 = FACE_BOUND('',#1618,.T.);
#1618 = EDGE_LOOP('',(#1619));
#1619 = ORIENTED_EDGE('',*,*,#1620,.T.);
#1620 = EDGE_CURVE('',#1621,#1621,#1623,.T.);
#1621 = VERTEX_POINT('',#1622);
#1622 = CARTESIAN_POINT('',(161.79,-95.25,0.));
#1623 = SURFACE_CURVE('',#1624,(#1629,#1640),.PCURVE_S1.);
#1624 = CIRCLE('',#1625,0.5);
#1625 = AXIS2_PLACEMENT_3D('',#1626,#1627,#1628);
#1626 = CARTESIAN_POINT('',(161.29,-95.25,0.));
#1627 = DIRECTION('',(0.,0.,1.));
#1628 = DIRECTION('',(1.,0.,-0.));
#1629 = PCURVE('',#144,#1630);
#1630 = DEFINITIONAL_REPRESENTATION('',(#1631),#1639);
#1631 = ( BOUNDED_CURVE() B_SPLINE_CURVE(2,(#1632,#1633,#1634,#1635,
#1636,#1637,#1638),.UNSPECIFIED.,.T.,.F.) B_SPLINE_CURVE_WITH_KNOTS((1,2
    ,2,2,2,1),(-2.094395102393,0.,2.094395102393,4.188790204786,
6.28318530718,8.377580409573),.UNSPECIFIED.) CURVE() 
GEOMETRIC_REPRESENTATION_ITEM() RATIONAL_B_SPLINE_CURVE((1.,0.5,1.,0.5,
1.,0.5,1.)) REPRESENTATION_ITEM('') );
#1632 = CARTESIAN_POINT('',(-18.01915662116,-6.883824964021));
#1633 = CARTESIAN_POINT('',(-18.01915662116,-6.017799560237));
#1634 = CARTESIAN_POINT('',(-17.26915662116,-6.450812262129));
#1635 = CARTESIAN_POINT('',(-16.51915662116,-6.883824964021));
#1636 = CARTESIAN_POINT('',(-17.26915662116,-7.316837665914));
#1637 = CARTESIAN_POINT('',(-18.01915662116,-7.749850367806));
#1638 = CARTESIAN_POINT('',(-18.01915662116,-6.883824964021));
#1639 = ( GEOMETRIC_REPRESENTATION_CONTEXT(2) 
PARAMETRIC_REPRESENTATION_CONTEXT() REPRESENTATION_CONTEXT('2D SPACE',''
  ) );
#1640 = PCURVE('',#1641,#1646);
#1641 = CYLINDRICAL_SURFACE('',#1642,0.5);
#1642 = AXIS2_PLACEMENT_3D('',#1643,#1644,#1645);
#1643 = CARTESIAN_POINT('',(161.29,-95.25,-1.E-02));
#1644 = DIRECTION('',(0.,0.,1.));
#1645 = DIRECTION('',(1.,0.,-0.));
#1646 = DEFINITIONAL_REPRESENTATION('',(#1647),#1651);
#1647 = LINE('',#1648,#1649);
#1648 = CARTESIAN_POINT('',(0.,1.E-02));
#1649 = VECTOR('',#1650,1.);
#1650 = DIRECTION('',(1.,0.));
#1651 = ( GEOMETRIC_REPRESENTATION_CONTEXT(2) 
PARAMETRIC_REPRESENTATION_CONTEXT() REPRESENTATION_CONTEXT('2D SPACE',''
  ) );
#1652 = FACE_BOUND('',#1653,.T.);
#1653 = EDGE_LOOP('',(#1654));
#1654 = ORIENTED_EDGE('',*,*,#1655,.T.);
#1655 = EDGE_CURVE('',#1656,#1656,#1658,.T.);
#1656 = VERTEX_POINT('',#1657);
#1657 = CARTESIAN_POINT('',(161.79,-92.71,0.));
#1658 = SURFACE_CURVE('',#1659,(#1664,#1675),.PCURVE_S1.);
#1659 = CIRCLE('',#1660,0.5);
#1660 = AXIS2_PLACEMENT_3D('',#1661,#1662,#1663);
#1661 = CARTESIAN_POINT('',(161.29,-92.71,0.));
#1662 = DIRECTION('',(0.,0.,1.));
#1663 = DIRECTION('',(1.,0.,-0.));
#1664 = PCURVE('',#144,#1665);
#1665 = DEFINITIONAL_REPRESENTATION('',(#1666),#1674);
#1666 = ( BOUNDED_CURVE() B_SPLINE_CURVE(2,(#1667,#1668,#1669,#1670,
#1671,#1672,#1673),.UNSPECIFIED.,.T.,.F.) B_SPLINE_CURVE_WITH_KNOTS((1,2
    ,2,2,2,1),(-2.094395102393,0.,2.094395102393,4.188790204786,
6.28318530718,8.377580409573),.UNSPECIFIED.) CURVE() 
GEOMETRIC_REPRESENTATION_ITEM() RATIONAL_B_SPLINE_CURVE((1.,0.5,1.,0.5,
1.,0.5,1.)) REPRESENTATION_ITEM('') );
#1667 = CARTESIAN_POINT('',(-18.01915662116,-4.343824964021));
#1668 = CARTESIAN_POINT('',(-18.01915662116,-3.477799560237));
#1669 = CARTESIAN_POINT('',(-17.26915662116,-3.910812262129));
#1670 = CARTESIAN_POINT('',(-16.51915662116,-4.343824964021));
#1671 = CARTESIAN_POINT('',(-17.26915662116,-4.776837665914));
#1672 = CARTESIAN_POINT('',(-18.01915662116,-5.209850367806));
#1673 = CARTESIAN_POINT('',(-18.01915662116,-4.343824964021));
#1674 = ( GEOMETRIC_REPRESENTATION_CONTEXT(2) 
PARAMETRIC_REPRESENTATION_CONTEXT() REPRESENTATION_CONTEXT('2D SPACE',''
  ) );
#1675 = PCURVE('',#1676,#1681);
#1676 = CYLINDRICAL_SURFACE('',#1677,0.5);
#1677 = AXIS2_PLACEMENT_3D('',#1678,#1679,#1680);
#1678 = CARTESIAN_POINT('',(161.29,-92.71,-1.E-02));
#1679 = DIRECTION('',(0.,0.,1.));
#1680 = DIRECTION('',(1.,0.,-0.));
#1681 = DEFINITIONAL_REPRESENTATION('',(#1682),#1686);
#1682 = LINE('',#1683,#1684);
#1683 = CARTESIAN_POINT('',(0.,1.E-02));
#1684 = VECTOR('',#1685,1.);
#1685 = DIRECTION('',(1.,0.));
#1686 = ( GEOMETRIC_REPRESENTATION_CONTEXT(2) 
PARAMETRIC_REPRESENTATION_CONTEXT() REPRESENTATION_CONTEXT('2D SPACE',''
  ) );
#1687 = FACE_BOUND('',#1688,.T.);
#1688 = EDGE_LOOP('',(#1689));
#1689 = ORIENTED_EDGE('',*,*,#1690,.T.);
#1690 = EDGE_CURVE('',#1691,#1691,#1693,.T.);
#1691 = VERTEX_POINT('',#1692);
#1692 = CARTESIAN_POINT('',(161.79,-90.17,0.));
#1693 = SURFACE_CURVE('',#1694,(#1699,#1710),.PCURVE_S1.);
#1694 = CIRCLE('',#1695,0.5);
#1695 = AXIS2_PLACEMENT_3D('',#1696,#1697,#1698);
#1696 = CARTESIAN_POINT('',(161.29,-90.17,0.));
#1697 = DIRECTION('',(0.,0.,1.));
#1698 = DIRECTION('',(1.,0.,-0.));
#1699 = PCURVE('',#144,#1700);
#1700 = DEFINITIONAL_REPRESENTATION('',(#1701),#1709);
#1701 = ( BOUNDED_CURVE() B_SPLINE_CURVE(2,(#1702,#1703,#1704,#1705,
#1706,#1707,#1708),.UNSPECIFIED.,.T.,.F.) B_SPLINE_CURVE_WITH_KNOTS((1,2
    ,2,2,2,1),(-2.094395102393,0.,2.094395102393,4.188790204786,
6.28318530718,8.377580409573),.UNSPECIFIED.) CURVE() 
GEOMETRIC_REPRESENTATION_ITEM() RATIONAL_B_SPLINE_CURVE((1.,0.5,1.,0.5,
1.,0.5,1.)) REPRESENTATION_ITEM('') );
#1702 = CARTESIAN_POINT('',(-18.01915662116,-1.803824964021));
#1703 = CARTESIAN_POINT('',(-18.01915662116,-0.937799560237));
#1704 = CARTESIAN_POINT('',(-17.26915662116,-1.370812262129));
#1705 = CARTESIAN_POINT('',(-16.51915662116,-1.803824964021));
#1706 = CARTESIAN_POINT('',(-17.26915662116,-2.236837665914));
#1707 = CARTESIAN_POINT('',(-18.01915662116,-2.669850367806));
#1708 = CARTESIAN_POINT('',(-18.01915662116,-1.803824964021));
#1709 = ( GEOMETRIC_REPRESENTATION_CONTEXT(2) 
PARAMETRIC_REPRESENTATION_CONTEXT() REPRESENTATION_CONTEXT('2D SPACE',''
  ) );
#1710 = PCURVE('',#1711,#1716);
#1711 = CYLINDRICAL_SURFACE('',#1712,0.5);
#1712 = AXIS2_PLACEMENT_3D('',#1713,#1714,#1715);
#1713 = CARTESIAN_POINT('',(161.29,-90.17,-1.E-02));
#1714 = DIRECTION('',(0.,0.,1.));
#1715 = DIRECTION('',(1.,0.,-0.));
#1716 = DEFINITIONAL_REPRESENTATION('',(#1717),#1721);
#1717 = LINE('',#1718,#1719);
#1718 = CARTESIAN_POINT('',(0.,1.E-02));
#1719 = VECTOR('',#1720,1.);
#1720 = DIRECTION('',(1.,0.));
#1721 = ( GEOMETRIC_REPRESENTATION_CONTEXT(2) 
PARAMETRIC_REPRESENTATION_CONTEXT() REPRESENTATION_CONTEXT('2D SPACE',''
  ) );
#1722 = FACE_BOUND('',#1723,.T.);
#1723 = EDGE_LOOP('',(#1724));
#1724 = ORIENTED_EDGE('',*,*,#1725,.T.);
#1725 = EDGE_CURVE('',#1726,#1726,#1728,.T.);
#1726 = VERTEX_POINT('',#1727);
#1727 = CARTESIAN_POINT('',(161.79,-87.63,0.));
#1728 = SURFACE_CURVE('',#1729,(#1734,#1745),.PCURVE_S1.);
#1729 = CIRCLE('',#1730,0.5);
#1730 = AXIS2_PLACEMENT_3D('',#1731,#1732,#1733);
#1731 = CARTESIAN_POINT('',(161.29,-87.63,0.));
#1732 = DIRECTION('',(0.,0.,1.));
#1733 = DIRECTION('',(1.,0.,-0.));
#1734 = PCURVE('',#144,#1735);
#1735 = DEFINITIONAL_REPRESENTATION('',(#1736),#1744);
#1736 = ( BOUNDED_CURVE() B_SPLINE_CURVE(2,(#1737,#1738,#1739,#1740,
#1741,#1742,#1743),.UNSPECIFIED.,.T.,.F.) B_SPLINE_CURVE_WITH_KNOTS((1,2
    ,2,2,2,1),(-2.094395102393,0.,2.094395102393,4.188790204786,
6.28318530718,8.377580409573),.UNSPECIFIED.) CURVE() 
GEOMETRIC_REPRESENTATION_ITEM() RATIONAL_B_SPLINE_CURVE((1.,0.5,1.,0.5,
1.,0.5,1.)) REPRESENTATION_ITEM('') );
#1737 = CARTESIAN_POINT('',(-18.01915662116,0.736175035979));
#1738 = CARTESIAN_POINT('',(-18.01915662116,1.602200439763));
#1739 = CARTESIAN_POINT('',(-17.26915662116,1.169187737871));
#1740 = CARTESIAN_POINT('',(-16.51915662116,0.736175035979));
#1741 = CARTESIAN_POINT('',(-17.26915662116,0.303162334086));
#1742 = CARTESIAN_POINT('',(-18.01915662116,-0.129850367806));
#1743 = CARTESIAN_POINT('',(-18.01915662116,0.736175035979));
#1744 = ( GEOMETRIC_REPRESENTATION_CONTEXT(2) 
PARAMETRIC_REPRESENTATION_CONTEXT() REPRESENTATION_CONTEXT('2D SPACE',''
  ) );
#1745 = PCURVE('',#1746,#1751);
#1746 = CYLINDRICAL_SURFACE('',#1747,0.5);
#1747 = AXIS2_PLACEMENT_3D('',#1748,#1749,#1750);
#1748 = CARTESIAN_POINT('',(161.29,-87.63,-1.E-02));
#1749 = DIRECTION('',(0.,0.,1.));
#1750 = DIRECTION('',(1.,0.,-0.));
#1751 = DEFINITIONAL_REPRESENTATION('',(#1752),#1756);
#1752 = LINE('',#1753,#1754);
#1753 = CARTESIAN_POINT('',(0.,1.E-02));
#1754 = VECTOR('',#1755,1.);
#1755 = DIRECTION('',(1.,0.));
#1756 = ( GEOMETRIC_REPRESENTATION_CONTEXT(2) 
PARAMETRIC_REPRESENTATION_CONTEXT() REPRESENTATION_CONTEXT('2D SPACE',''
  ) );
#1757 = FACE_BOUND('',#1758,.T.);
#1758 = EDGE_LOOP('',(#1759));
#1759 = ORIENTED_EDGE('',*,*,#1760,.T.);
#1760 = EDGE_CURVE('',#1761,#1761,#1763,.T.);
#1761 = VERTEX_POINT('',#1762);
#1762 = CARTESIAN_POINT('',(139.92,-119.16,0.));
#1763 = SURFACE_CURVE('',#1764,(#1769,#1780),.PCURVE_S1.);
#1764 = CIRCLE('',#1765,0.5);
#1765 = AXIS2_PLACEMENT_3D('',#1766,#1767,#1768);
#1766 = CARTESIAN_POINT('',(139.42,-119.16,0.));
#1767 = DIRECTION('',(0.,0.,1.));
#1768 = DIRECTION('',(1.,0.,-0.));
#1769 = PCURVE('',#144,#1770);
#1770 = DEFINITIONAL_REPRESENTATION('',(#1771),#1779);
#1771 = ( BOUNDED_CURVE() B_SPLINE_CURVE(2,(#1772,#1773,#1774,#1775,
#1776,#1777,#1778),.UNSPECIFIED.,.T.,.F.) B_SPLINE_CURVE_WITH_KNOTS((1,2
    ,2,2,2,1),(-2.094395102393,0.,2.094395102393,4.188790204786,
6.28318530718,8.377580409573),.UNSPECIFIED.) CURVE() 
GEOMETRIC_REPRESENTATION_ITEM() RATIONAL_B_SPLINE_CURVE((1.,0.5,1.,0.5,
1.,0.5,1.)) REPRESENTATION_ITEM('') );
#1772 = CARTESIAN_POINT('',(3.850843378838,-30.79382496402));
#1773 = CARTESIAN_POINT('',(3.850843378838,-29.92779956023));
#1774 = CARTESIAN_POINT('',(4.600843378838,-30.36081226212));
#1775 = CARTESIAN_POINT('',(5.350843378838,-30.79382496402));
#1776 = CARTESIAN_POINT('',(4.600843378838,-31.22683766591));
#1777 = CARTESIAN_POINT('',(3.850843378838,-31.6598503678));
#1778 = CARTESIAN_POINT('',(3.850843378838,-30.79382496402));
#1779 = ( GEOMETRIC_REPRESENTATION_CONTEXT(2) 
PARAMETRIC_REPRESENTATION_CONTEXT() REPRESENTATION_CONTEXT('2D SPACE',''
  ) );
#1780 = PCURVE('',#1781,#1786);
#1781 = CYLINDRICAL_SURFACE('',#1782,0.5);
#1782 = AXIS2_PLACEMENT_3D('',#1783,#1784,#1785);
#1783 = CARTESIAN_POINT('',(139.42,-119.16,-1.E-02));
#1784 = DIRECTION('',(0.,0.,1.));
#1785 = DIRECTION('',(1.,0.,-0.));
#1786 = DEFINITIONAL_REPRESENTATION('',(#1787),#1791);
#1787 = LINE('',#1788,#1789);
#1788 = CARTESIAN_POINT('',(0.,1.E-02));
#1789 = VECTOR('',#1790,1.);
#1790 = DIRECTION('',(1.,0.));
#1791 = ( GEOMETRIC_REPRESENTATION_CONTEXT(2) 
PARAMETRIC_REPRESENTATION_CONTEXT() REPRESENTATION_CONTEXT('2D SPACE',''
  ) );
#1792 = FACE_BOUND('',#1793,.T.);
#1793 = EDGE_LOOP('',(#1794));
#1794 = ORIENTED_EDGE('',*,*,#1795,.T.);
#1795 = EDGE_CURVE('',#1796,#1796,#1798,.T.);
#1796 = VERTEX_POINT('',#1797);
#1797 = CARTESIAN_POINT('',(137.38,-119.16,0.));
#1798 = SURFACE_CURVE('',#1799,(#1804,#1815),.PCURVE_S1.);
#1799 = CIRCLE('',#1800,0.5);
#1800 = AXIS2_PLACEMENT_3D('',#1801,#1802,#1803);
#1801 = CARTESIAN_POINT('',(136.88,-119.16,0.));
#1802 = DIRECTION('',(0.,0.,1.));
#1803 = DIRECTION('',(1.,0.,-0.));
#1804 = PCURVE('',#144,#1805);
#1805 = DEFINITIONAL_REPRESENTATION('',(#1806),#1814);
#1806 = ( BOUNDED_CURVE() B_SPLINE_CURVE(2,(#1807,#1808,#1809,#1810,
#1811,#1812,#1813),.UNSPECIFIED.,.T.,.F.) B_SPLINE_CURVE_WITH_KNOTS((1,2
    ,2,2,2,1),(-2.094395102393,0.,2.094395102393,4.188790204786,
6.28318530718,8.377580409573),.UNSPECIFIED.) CURVE() 
GEOMETRIC_REPRESENTATION_ITEM() RATIONAL_B_SPLINE_CURVE((1.,0.5,1.,0.5,
1.,0.5,1.)) REPRESENTATION_ITEM('') );
#1807 = CARTESIAN_POINT('',(6.390843378838,-30.79382496402));
#1808 = CARTESIAN_POINT('',(6.390843378838,-29.92779956023));
#1809 = CARTESIAN_POINT('',(7.140843378838,-30.36081226212));
#1810 = CARTESIAN_POINT('',(7.890843378838,-30.79382496402));
#1811 = CARTESIAN_POINT('',(7.140843378838,-31.22683766591));
#1812 = CARTESIAN_POINT('',(6.390843378838,-31.6598503678));
#1813 = CARTESIAN_POINT('',(6.390843378838,-30.79382496402));
#1814 = ( GEOMETRIC_REPRESENTATION_CONTEXT(2) 
PARAMETRIC_REPRESENTATION_CONTEXT() REPRESENTATION_CONTEXT('2D SPACE',''
  ) );
#1815 = PCURVE('',#1816,#1821);
#1816 = CYLINDRICAL_SURFACE('',#1817,0.5);
#1817 = AXIS2_PLACEMENT_3D('',#1818,#1819,#1820);
#1818 = CARTESIAN_POINT('',(136.88,-119.16,-1.E-02));
#1819 = DIRECTION('',(0.,0.,1.));
#1820 = DIRECTION('',(1.,0.,-0.));
#1821 = DEFINITIONAL_REPRESENTATION('',(#1822),#1826);
#1822 = LINE('',#1823,#1824);
#1823 = CARTESIAN_POINT('',(0.,1.E-02));
#1824 = VECTOR('',#1825,1.);
#1825 = DIRECTION('',(1.,0.));
#1826 = ( GEOMETRIC_REPRESENTATION_CONTEXT(2) 
PARAMETRIC_REPRESENTATION_CONTEXT() REPRESENTATION_CONTEXT('2D SPACE',''
  ) );
#1827 = FACE_BOUND('',#1828,.T.);
#1828 = EDGE_LOOP('',(#1829));
#1829 = ORIENTED_EDGE('',*,*,#1830,.T.);
#1830 = EDGE_CURVE('',#1831,#1831,#1833,.T.);
#1831 = VERTEX_POINT('',#1832);
#1832 = CARTESIAN_POINT('',(139.92,-116.6,0.));
#1833 = SURFACE_CURVE('',#1834,(#1839,#1850),.PCURVE_S1.);
#1834 = CIRCLE('',#1835,0.5);
#1835 = AXIS2_PLACEMENT_3D('',#1836,#1837,#1838);
#1836 = CARTESIAN_POINT('',(139.42,-116.6,0.));
#1837 = DIRECTION('',(0.,0.,1.));
#1838 = DIRECTION('',(1.,0.,-0.));
#1839 = PCURVE('',#144,#1840);
#1840 = DEFINITIONAL_REPRESENTATION('',(#1841),#1849);
#1841 = ( BOUNDED_CURVE() B_SPLINE_CURVE(2,(#1842,#1843,#1844,#1845,
#1846,#1847,#1848),.UNSPECIFIED.,.T.,.F.) B_SPLINE_CURVE_WITH_KNOTS((1,2
    ,2,2,2,1),(-2.094395102393,0.,2.094395102393,4.188790204786,
6.28318530718,8.377580409573),.UNSPECIFIED.) CURVE() 
GEOMETRIC_REPRESENTATION_ITEM() RATIONAL_B_SPLINE_CURVE((1.,0.5,1.,0.5,
1.,0.5,1.)) REPRESENTATION_ITEM('') );
#1842 = CARTESIAN_POINT('',(3.850843378838,-28.23382496402));
#1843 = CARTESIAN_POINT('',(3.850843378838,-27.36779956023));
#1844 = CARTESIAN_POINT('',(4.600843378838,-27.80081226212));
#1845 = CARTESIAN_POINT('',(5.350843378838,-28.23382496402));
#1846 = CARTESIAN_POINT('',(4.600843378838,-28.66683766591));
#1847 = CARTESIAN_POINT('',(3.850843378838,-29.0998503678));
#1848 = CARTESIAN_POINT('',(3.850843378838,-28.23382496402));
#1849 = ( GEOMETRIC_REPRESENTATION_CONTEXT(2) 
PARAMETRIC_REPRESENTATION_CONTEXT() REPRESENTATION_CONTEXT('2D SPACE',''
  ) );
#1850 = PCURVE('',#1851,#1856);
#1851 = CYLINDRICAL_SURFACE('',#1852,0.5);
#1852 = AXIS2_PLACEMENT_3D('',#1853,#1854,#1855);
#1853 = CARTESIAN_POINT('',(139.42,-116.6,-1.E-02));
#1854 = DIRECTION('',(0.,0.,1.));
#1855 = DIRECTION('',(1.,0.,-0.));
#1856 = DEFINITIONAL_REPRESENTATION('',(#1857),#1861);
#1857 = LINE('',#1858,#1859);
#1858 = CARTESIAN_POINT('',(0.,1.E-02));
#1859 = VECTOR('',#1860,1.);
#1860 = DIRECTION('',(1.,0.));
#1861 = ( GEOMETRIC_REPRESENTATION_CONTEXT(2) 
PARAMETRIC_REPRESENTATION_CONTEXT() REPRESENTATION_CONTEXT('2D SPACE',''
  ) );
#1862 = FACE_BOUND('',#1863,.T.);
#1863 = EDGE_LOOP('',(#1864));
#1864 = ORIENTED_EDGE('',*,*,#1865,.T.);
#1865 = EDGE_CURVE('',#1866,#1866,#1868,.T.);
#1866 = VERTEX_POINT('',#1867);
#1867 = CARTESIAN_POINT('',(137.38,-116.6,0.));
#1868 = SURFACE_CURVE('',#1869,(#1874,#1885),.PCURVE_S1.);
#1869 = CIRCLE('',#1870,0.5);
#1870 = AXIS2_PLACEMENT_3D('',#1871,#1872,#1873);
#1871 = CARTESIAN_POINT('',(136.88,-116.6,0.));
#1872 = DIRECTION('',(0.,0.,1.));
#1873 = DIRECTION('',(1.,0.,-0.));
#1874 = PCURVE('',#144,#1875);
#1875 = DEFINITIONAL_REPRESENTATION('',(#1876),#1884);
#1876 = ( BOUNDED_CURVE() B_SPLINE_CURVE(2,(#1877,#1878,#1879,#1880,
#1881,#1882,#1883),.UNSPECIFIED.,.T.,.F.) B_SPLINE_CURVE_WITH_KNOTS((1,2
    ,2,2,2,1),(-2.094395102393,0.,2.094395102393,4.188790204786,
6.28318530718,8.377580409573),.UNSPECIFIED.) CURVE() 
GEOMETRIC_REPRESENTATION_ITEM() RATIONAL_B_SPLINE_CURVE((1.,0.5,1.,0.5,
1.,0.5,1.)) REPRESENTATION_ITEM('') );
#1877 = CARTESIAN_POINT('',(6.390843378838,-28.23382496402));
#1878 = CARTESIAN_POINT('',(6.390843378838,-27.36779956023));
#1879 = CARTESIAN_POINT('',(7.140843378838,-27.80081226212));
#1880 = CARTESIAN_POINT('',(7.890843378838,-28.23382496402));
#1881 = CARTESIAN_POINT('',(7.140843378838,-28.66683766591));
#1882 = CARTESIAN_POINT('',(6.390843378838,-29.0998503678));
#1883 = CARTESIAN_POINT('',(6.390843378838,-28.23382496402));
#1884 = ( GEOMETRIC_REPRESENTATION_CONTEXT(2) 
PARAMETRIC_REPRESENTATION_CONTEXT() REPRESENTATION_CONTEXT('2D SPACE',''
  ) );
#1885 = PCURVE('',#1886,#1891);
#1886 = CYLINDRICAL_SURFACE('',#1887,0.5);
#1887 = AXIS2_PLACEMENT_3D('',#1888,#1889,#1890);
#1888 = CARTESIAN_POINT('',(136.88,-116.6,-1.E-02));
#1889 = DIRECTION('',(0.,0.,1.));
#1890 = DIRECTION('',(1.,0.,-0.));
#1891 = DEFINITIONAL_REPRESENTATION('',(#1892),#1896);
#1892 = LINE('',#1893,#1894);
#1893 = CARTESIAN_POINT('',(0.,1.E-02));
#1894 = VECTOR('',#1895,1.);
#1895 = DIRECTION('',(1.,0.));
#1896 = ( GEOMETRIC_REPRESENTATION_CONTEXT(2) 
PARAMETRIC_REPRESENTATION_CONTEXT() REPRESENTATION_CONTEXT('2D SPACE',''
  ) );
#1897 = FACE_BOUND('',#1898,.T.);
#1898 = EDGE_LOOP('',(#1899));
#1899 = ORIENTED_EDGE('',*,*,#1900,.T.);
#1900 = EDGE_CURVE('',#1901,#1901,#1903,.T.);
#1901 = VERTEX_POINT('',#1902);
#1902 = CARTESIAN_POINT('',(134.84,-119.16,0.));
#1903 = SURFACE_CURVE('',#1904,(#1909,#1920),.PCURVE_S1.);
#1904 = CIRCLE('',#1905,0.5);
#1905 = AXIS2_PLACEMENT_3D('',#1906,#1907,#1908);
#1906 = CARTESIAN_POINT('',(134.34,-119.16,0.));
#1907 = DIRECTION('',(0.,0.,1.));
#1908 = DIRECTION('',(1.,0.,-0.));
#1909 = PCURVE('',#144,#1910);
#1910 = DEFINITIONAL_REPRESENTATION('',(#1911),#1919);
#1911 = ( BOUNDED_CURVE() B_SPLINE_CURVE(2,(#1912,#1913,#1914,#1915,
#1916,#1917,#1918),.UNSPECIFIED.,.T.,.F.) B_SPLINE_CURVE_WITH_KNOTS((1,2
    ,2,2,2,1),(-2.094395102393,0.,2.094395102393,4.188790204786,
6.28318530718,8.377580409573),.UNSPECIFIED.) CURVE() 
GEOMETRIC_REPRESENTATION_ITEM() RATIONAL_B_SPLINE_CURVE((1.,0.5,1.,0.5,
1.,0.5,1.)) REPRESENTATION_ITEM('') );
#1912 = CARTESIAN_POINT('',(8.930843378838,-30.79382496402));
#1913 = CARTESIAN_POINT('',(8.930843378838,-29.92779956023));
#1914 = CARTESIAN_POINT('',(9.680843378838,-30.36081226212));
#1915 = CARTESIAN_POINT('',(10.430843378838,-30.79382496402));
#1916 = CARTESIAN_POINT('',(9.680843378838,-31.22683766591));
#1917 = CARTESIAN_POINT('',(8.930843378838,-31.6598503678));
#1918 = CARTESIAN_POINT('',(8.930843378838,-30.79382496402));
#1919 = ( GEOMETRIC_REPRESENTATION_CONTEXT(2) 
PARAMETRIC_REPRESENTATION_CONTEXT() REPRESENTATION_CONTEXT('2D SPACE',''
  ) );
#1920 = PCURVE('',#1921,#1926);
#1921 = CYLINDRICAL_SURFACE('',#1922,0.5);
#1922 = AXIS2_PLACEMENT_3D('',#1923,#1924,#1925);
#1923 = CARTESIAN_POINT('',(134.34,-119.16,-1.E-02));
#1924 = DIRECTION('',(0.,0.,1.));
#1925 = DIRECTION('',(1.,0.,-0.));
#1926 = DEFINITIONAL_REPRESENTATION('',(#1927),#1931);
#1927 = LINE('',#1928,#1929);
#1928 = CARTESIAN_POINT('',(0.,1.E-02));
#1929 = VECTOR('',#1930,1.);
#1930 = DIRECTION('',(1.,0.));
#1931 = ( GEOMETRIC_REPRESENTATION_CONTEXT(2) 
PARAMETRIC_REPRESENTATION_CONTEXT() REPRESENTATION_CONTEXT('2D SPACE',''
  ) );
#1932 = FACE_BOUND('',#1933,.T.);
#1933 = EDGE_LOOP('',(#1934));
#1934 = ORIENTED_EDGE('',*,*,#1935,.T.);
#1935 = EDGE_CURVE('',#1936,#1936,#1938,.T.);
#1936 = VERTEX_POINT('',#1937);
#1937 = CARTESIAN_POINT('',(132.3,-119.16,0.));
#1938 = SURFACE_CURVE('',#1939,(#1944,#1955),.PCURVE_S1.);
#1939 = CIRCLE('',#1940,0.5);
#1940 = AXIS2_PLACEMENT_3D('',#1941,#1942,#1943);
#1941 = CARTESIAN_POINT('',(131.8,-119.16,0.));
#1942 = DIRECTION('',(0.,0.,1.));
#1943 = DIRECTION('',(1.,0.,-0.));
#1944 = PCURVE('',#144,#1945);
#1945 = DEFINITIONAL_REPRESENTATION('',(#1946),#1954);
#1946 = ( BOUNDED_CURVE() B_SPLINE_CURVE(2,(#1947,#1948,#1949,#1950,
#1951,#1952,#1953),.UNSPECIFIED.,.T.,.F.) B_SPLINE_CURVE_WITH_KNOTS((1,2
    ,2,2,2,1),(-2.094395102393,0.,2.094395102393,4.188790204786,
6.28318530718,8.377580409573),.UNSPECIFIED.) CURVE() 
GEOMETRIC_REPRESENTATION_ITEM() RATIONAL_B_SPLINE_CURVE((1.,0.5,1.,0.5,
1.,0.5,1.)) REPRESENTATION_ITEM('') );
#1947 = CARTESIAN_POINT('',(11.470843378838,-30.79382496402));
#1948 = CARTESIAN_POINT('',(11.470843378838,-29.92779956023));
#1949 = CARTESIAN_POINT('',(12.220843378838,-30.36081226212));
#1950 = CARTESIAN_POINT('',(12.970843378838,-30.79382496402));
#1951 = CARTESIAN_POINT('',(12.220843378838,-31.22683766591));
#1952 = CARTESIAN_POINT('',(11.470843378838,-31.6598503678));
#1953 = CARTESIAN_POINT('',(11.470843378838,-30.79382496402));
#1954 = ( GEOMETRIC_REPRESENTATION_CONTEXT(2) 
PARAMETRIC_REPRESENTATION_CONTEXT() REPRESENTATION_CONTEXT('2D SPACE',''
  ) );
#1955 = PCURVE('',#1956,#1961);
#1956 = CYLINDRICAL_SURFACE('',#1957,0.5);
#1957 = AXIS2_PLACEMENT_3D('',#1958,#1959,#1960);
#1958 = CARTESIAN_POINT('',(131.8,-119.16,-1.E-02));
#1959 = DIRECTION('',(0.,0.,1.));
#1960 = DIRECTION('',(1.,0.,-0.));
#1961 = DEFINITIONAL_REPRESENTATION('',(#1962),#1966);
#1962 = LINE('',#1963,#1964);
#1963 = CARTESIAN_POINT('',(0.,1.E-02));
#1964 = VECTOR('',#1965,1.);
#1965 = DIRECTION('',(1.,0.));
#1966 = ( GEOMETRIC_REPRESENTATION_CONTEXT(2) 
PARAMETRIC_REPRESENTATION_CONTEXT() REPRESENTATION_CONTEXT('2D SPACE',''
  ) );
#1967 = FACE_BOUND('',#1968,.T.);
#1968 = EDGE_LOOP('',(#1969));
#1969 = ORIENTED_EDGE('',*,*,#1970,.T.);
#1970 = EDGE_CURVE('',#1971,#1971,#1973,.T.);
#1971 = VERTEX_POINT('',#1972);
#1972 = CARTESIAN_POINT('',(134.84,-116.6,0.));
#1973 = SURFACE_CURVE('',#1974,(#1979,#1990),.PCURVE_S1.);
#1974 = CIRCLE('',#1975,0.5);
#1975 = AXIS2_PLACEMENT_3D('',#1976,#1977,#1978);
#1976 = CARTESIAN_POINT('',(134.34,-116.6,0.));
#1977 = DIRECTION('',(0.,0.,1.));
#1978 = DIRECTION('',(1.,0.,-0.));
#1979 = PCURVE('',#144,#1980);
#1980 = DEFINITIONAL_REPRESENTATION('',(#1981),#1989);
#1981 = ( BOUNDED_CURVE() B_SPLINE_CURVE(2,(#1982,#1983,#1984,#1985,
#1986,#1987,#1988),.UNSPECIFIED.,.T.,.F.) B_SPLINE_CURVE_WITH_KNOTS((1,2
    ,2,2,2,1),(-2.094395102393,0.,2.094395102393,4.188790204786,
6.28318530718,8.377580409573),.UNSPECIFIED.) CURVE() 
GEOMETRIC_REPRESENTATION_ITEM() RATIONAL_B_SPLINE_CURVE((1.,0.5,1.,0.5,
1.,0.5,1.)) REPRESENTATION_ITEM('') );
#1982 = CARTESIAN_POINT('',(8.930843378838,-28.23382496402));
#1983 = CARTESIAN_POINT('',(8.930843378838,-27.36779956023));
#1984 = CARTESIAN_POINT('',(9.680843378838,-27.80081226212));
#1985 = CARTESIAN_POINT('',(10.430843378838,-28.23382496402));
#1986 = CARTESIAN_POINT('',(9.680843378838,-28.66683766591));
#1987 = CARTESIAN_POINT('',(8.930843378838,-29.0998503678));
#1988 = CARTESIAN_POINT('',(8.930843378838,-28.23382496402));
#1989 = ( GEOMETRIC_REPRESENTATION_CONTEXT(2) 
PARAMETRIC_REPRESENTATION_CONTEXT() REPRESENTATION_CONTEXT('2D SPACE',''
  ) );
#1990 = PCURVE('',#1991,#1996);
#1991 = CYLINDRICAL_SURFACE('',#1992,0.5);
#1992 = AXIS2_PLACEMENT_3D('',#1993,#1994,#1995);
#1993 = CARTESIAN_POINT('',(134.34,-116.6,-1.E-02));
#1994 = DIRECTION('',(0.,0.,1.));
#1995 = DIRECTION('',(1.,0.,-0.));
#1996 = DEFINITIONAL_REPRESENTATION('',(#1997),#2001);
#1997 = LINE('',#1998,#1999);
#1998 = CARTESIAN_POINT('',(0.,1.E-02));
#1999 = VECTOR('',#2000,1.);
#2000 = DIRECTION('',(1.,0.));
#2001 = ( GEOMETRIC_REPRESENTATION_CONTEXT(2) 
PARAMETRIC_REPRESENTATION_CONTEXT() REPRESENTATION_CONTEXT('2D SPACE',''
  ) );
#2002 = FACE_BOUND('',#2003,.T.);
#2003 = EDGE_LOOP('',(#2004));
#2004 = ORIENTED_EDGE('',*,*,#2005,.T.);
#2005 = EDGE_CURVE('',#2006,#2006,#2008,.T.);
#2006 = VERTEX_POINT('',#2007);
#2007 = CARTESIAN_POINT('',(132.3,-116.6,0.));
#2008 = SURFACE_CURVE('',#2009,(#2014,#2025),.PCURVE_S1.);
#2009 = CIRCLE('',#2010,0.5);
#2010 = AXIS2_PLACEMENT_3D('',#2011,#2012,#2013);
#2011 = CARTESIAN_POINT('',(131.8,-116.6,0.));
#2012 = DIRECTION('',(0.,0.,1.));
#2013 = DIRECTION('',(1.,0.,-0.));
#2014 = PCURVE('',#144,#2015);
#2015 = DEFINITIONAL_REPRESENTATION('',(#2016),#2024);
#2016 = ( BOUNDED_CURVE() B_SPLINE_CURVE(2,(#2017,#2018,#2019,#2020,
#2021,#2022,#2023),.UNSPECIFIED.,.T.,.F.) B_SPLINE_CURVE_WITH_KNOTS((1,2
    ,2,2,2,1),(-2.094395102393,0.,2.094395102393,4.188790204786,
6.28318530718,8.377580409573),.UNSPECIFIED.) CURVE() 
GEOMETRIC_REPRESENTATION_ITEM() RATIONAL_B_SPLINE_CURVE((1.,0.5,1.,0.5,
1.,0.5,1.)) REPRESENTATION_ITEM('') );
#2017 = CARTESIAN_POINT('',(11.470843378838,-28.23382496402));
#2018 = CARTESIAN_POINT('',(11.470843378838,-27.36779956023));
#2019 = CARTESIAN_POINT('',(12.220843378838,-27.80081226212));
#2020 = CARTESIAN_POINT('',(12.970843378838,-28.23382496402));
#2021 = CARTESIAN_POINT('',(12.220843378838,-28.66683766591));
#2022 = CARTESIAN_POINT('',(11.470843378838,-29.0998503678));
#2023 = CARTESIAN_POINT('',(11.470843378838,-28.23382496402));
#2024 = ( GEOMETRIC_REPRESENTATION_CONTEXT(2) 
PARAMETRIC_REPRESENTATION_CONTEXT() REPRESENTATION_CONTEXT('2D SPACE',''
  ) );
#2025 = PCURVE('',#2026,#2031);
#2026 = CYLINDRICAL_SURFACE('',#2027,0.5);
#2027 = AXIS2_PLACEMENT_3D('',#2028,#2029,#2030);
#2028 = CARTESIAN_POINT('',(131.8,-116.6,-1.E-02));
#2029 = DIRECTION('',(0.,0.,1.));
#2030 = DIRECTION('',(1.,0.,-0.));
#2031 = DEFINITIONAL_REPRESENTATION('',(#2032),#2036);
#2032 = LINE('',#2033,#2034);
#2033 = CARTESIAN_POINT('',(0.,1.E-02));
#2034 = VECTOR('',#2035,1.);
#2035 = DIRECTION('',(1.,0.));
#2036 = ( GEOMETRIC_REPRESENTATION_CONTEXT(2) 
PARAMETRIC_REPRESENTATION_CONTEXT() REPRESENTATION_CONTEXT('2D SPACE',''
  ) );
#2037 = FACE_BOUND('',#2038,.T.);
#2038 = EDGE_LOOP('',(#2039));
#2039 = ORIENTED_EDGE('',*,*,#2040,.T.);
#2040 = EDGE_CURVE('',#2041,#2041,#2043,.T.);
#2041 = VERTEX_POINT('',#2042);
#2042 = CARTESIAN_POINT('',(139.92,-114.04,0.));
#2043 = SURFACE_CURVE('',#2044,(#2049,#2060),.PCURVE_S1.);
#2044 = CIRCLE('',#2045,0.5);
#2045 = AXIS2_PLACEMENT_3D('',#2046,#2047,#2048);
#2046 = CARTESIAN_POINT('',(139.42,-114.04,0.));
#2047 = DIRECTION('',(0.,0.,1.));
#2048 = DIRECTION('',(1.,0.,-0.));
#2049 = PCURVE('',#144,#2050);
#2050 = DEFINITIONAL_REPRESENTATION('',(#2051),#2059);
#2051 = ( BOUNDED_CURVE() B_SPLINE_CURVE(2,(#2052,#2053,#2054,#2055,
#2056,#2057,#2058),.UNSPECIFIED.,.T.,.F.) B_SPLINE_CURVE_WITH_KNOTS((1,2
    ,2,2,2,1),(-2.094395102393,0.,2.094395102393,4.188790204786,
6.28318530718,8.377580409573),.UNSPECIFIED.) CURVE() 
GEOMETRIC_REPRESENTATION_ITEM() RATIONAL_B_SPLINE_CURVE((1.,0.5,1.,0.5,
1.,0.5,1.)) REPRESENTATION_ITEM('') );
#2052 = CARTESIAN_POINT('',(3.850843378838,-25.67382496402));
#2053 = CARTESIAN_POINT('',(3.850843378838,-24.80779956023));
#2054 = CARTESIAN_POINT('',(4.600843378838,-25.24081226212));
#2055 = CARTESIAN_POINT('',(5.350843378838,-25.67382496402));
#2056 = CARTESIAN_POINT('',(4.600843378838,-26.10683766591));
#2057 = CARTESIAN_POINT('',(3.850843378838,-26.5398503678));
#2058 = CARTESIAN_POINT('',(3.850843378838,-25.67382496402));
#2059 = ( GEOMETRIC_REPRESENTATION_CONTEXT(2) 
PARAMETRIC_REPRESENTATION_CONTEXT() REPRESENTATION_CONTEXT('2D SPACE',''
  ) );
#2060 = PCURVE('',#2061,#2066);
#2061 = CYLINDRICAL_SURFACE('',#2062,0.5);
#2062 = AXIS2_PLACEMENT_3D('',#2063,#2064,#2065);
#2063 = CARTESIAN_POINT('',(139.42,-114.04,-1.E-02));
#2064 = DIRECTION('',(0.,0.,1.));
#2065 = DIRECTION('',(1.,0.,-0.));
#2066 = DEFINITIONAL_REPRESENTATION('',(#2067),#2071);
#2067 = LINE('',#2068,#2069);
#2068 = CARTESIAN_POINT('',(0.,1.E-02));
#2069 = VECTOR('',#2070,1.);
#2070 = DIRECTION('',(1.,0.));
#2071 = ( GEOMETRIC_REPRESENTATION_CONTEXT(2) 
PARAMETRIC_REPRESENTATION_CONTEXT() REPRESENTATION_CONTEXT('2D SPACE',''
  ) );
#2072 = FACE_BOUND('',#2073,.T.);
#2073 = EDGE_LOOP('',(#2074));
#2074 = ORIENTED_EDGE('',*,*,#2075,.T.);
#2075 = EDGE_CURVE('',#2076,#2076,#2078,.T.);
#2076 = VERTEX_POINT('',#2077);
#2077 = CARTESIAN_POINT('',(137.38,-114.04,0.));
#2078 = SURFACE_CURVE('',#2079,(#2084,#2095),.PCURVE_S1.);
#2079 = CIRCLE('',#2080,0.5);
#2080 = AXIS2_PLACEMENT_3D('',#2081,#2082,#2083);
#2081 = CARTESIAN_POINT('',(136.88,-114.04,0.));
#2082 = DIRECTION('',(0.,0.,1.));
#2083 = DIRECTION('',(1.,0.,-0.));
#2084 = PCURVE('',#144,#2085);
#2085 = DEFINITIONAL_REPRESENTATION('',(#2086),#2094);
#2086 = ( BOUNDED_CURVE() B_SPLINE_CURVE(2,(#2087,#2088,#2089,#2090,
#2091,#2092,#2093),.UNSPECIFIED.,.T.,.F.) B_SPLINE_CURVE_WITH_KNOTS((1,2
    ,2,2,2,1),(-2.094395102393,0.,2.094395102393,4.188790204786,
6.28318530718,8.377580409573),.UNSPECIFIED.) CURVE() 
GEOMETRIC_REPRESENTATION_ITEM() RATIONAL_B_SPLINE_CURVE((1.,0.5,1.,0.5,
1.,0.5,1.)) REPRESENTATION_ITEM('') );
#2087 = CARTESIAN_POINT('',(6.390843378838,-25.67382496402));
#2088 = CARTESIAN_POINT('',(6.390843378838,-24.80779956023));
#2089 = CARTESIAN_POINT('',(7.140843378838,-25.24081226212));
#2090 = CARTESIAN_POINT('',(7.890843378838,-25.67382496402));
#2091 = CARTESIAN_POINT('',(7.140843378838,-26.10683766591));
#2092 = CARTESIAN_POINT('',(6.390843378838,-26.5398503678));
#2093 = CARTESIAN_POINT('',(6.390843378838,-25.67382496402));
#2094 = ( GEOMETRIC_REPRESENTATION_CONTEXT(2) 
PARAMETRIC_REPRESENTATION_CONTEXT() REPRESENTATION_CONTEXT('2D SPACE',''
  ) );
#2095 = PCURVE('',#2096,#2101);
#2096 = CYLINDRICAL_SURFACE('',#2097,0.5);
#2097 = AXIS2_PLACEMENT_3D('',#2098,#2099,#2100);
#2098 = CARTESIAN_POINT('',(136.88,-114.04,-1.E-02));
#2099 = DIRECTION('',(0.,0.,1.));
#2100 = DIRECTION('',(1.,0.,-0.));
#2101 = DEFINITIONAL_REPRESENTATION('',(#2102),#2106);
#2102 = LINE('',#2103,#2104);
#2103 = CARTESIAN_POINT('',(0.,1.E-02));
#2104 = VECTOR('',#2105,1.);
#2105 = DIRECTION('',(1.,0.));
#2106 = ( GEOMETRIC_REPRESENTATION_CONTEXT(2) 
PARAMETRIC_REPRESENTATION_CONTEXT() REPRESENTATION_CONTEXT('2D SPACE',''
  ) );
#2107 = FACE_BOUND('',#2108,.T.);
#2108 = EDGE_LOOP('',(#2109));
#2109 = ORIENTED_EDGE('',*,*,#2110,.T.);
#2110 = EDGE_CURVE('',#2111,#2111,#2113,.T.);
#2111 = VERTEX_POINT('',#2112);
#2112 = CARTESIAN_POINT('',(139.92,-111.48,0.));
#2113 = SURFACE_CURVE('',#2114,(#2119,#2130),.PCURVE_S1.);
#2114 = CIRCLE('',#2115,0.5);
#2115 = AXIS2_PLACEMENT_3D('',#2116,#2117,#2118);
#2116 = CARTESIAN_POINT('',(139.42,-111.48,0.));
#2117 = DIRECTION('',(0.,0.,1.));
#2118 = DIRECTION('',(1.,0.,-0.));
#2119 = PCURVE('',#144,#2120);
#2120 = DEFINITIONAL_REPRESENTATION('',(#2121),#2129);
#2121 = ( BOUNDED_CURVE() B_SPLINE_CURVE(2,(#2122,#2123,#2124,#2125,
#2126,#2127,#2128),.UNSPECIFIED.,.T.,.F.) B_SPLINE_CURVE_WITH_KNOTS((1,2
    ,2,2,2,1),(-2.094395102393,0.,2.094395102393,4.188790204786,
6.28318530718,8.377580409573),.UNSPECIFIED.) CURVE() 
GEOMETRIC_REPRESENTATION_ITEM() RATIONAL_B_SPLINE_CURVE((1.,0.5,1.,0.5,
1.,0.5,1.)) REPRESENTATION_ITEM('') );
#2122 = CARTESIAN_POINT('',(3.850843378838,-23.11382496402));
#2123 = CARTESIAN_POINT('',(3.850843378838,-22.24779956023));
#2124 = CARTESIAN_POINT('',(4.600843378838,-22.68081226212));
#2125 = CARTESIAN_POINT('',(5.350843378838,-23.11382496402));
#2126 = CARTESIAN_POINT('',(4.600843378838,-23.54683766591));
#2127 = CARTESIAN_POINT('',(3.850843378838,-23.9798503678));
#2128 = CARTESIAN_POINT('',(3.850843378838,-23.11382496402));
#2129 = ( GEOMETRIC_REPRESENTATION_CONTEXT(2) 
PARAMETRIC_REPRESENTATION_CONTEXT() REPRESENTATION_CONTEXT('2D SPACE',''
  ) );
#2130 = PCURVE('',#2131,#2136);
#2131 = CYLINDRICAL_SURFACE('',#2132,0.5);
#2132 = AXIS2_PLACEMENT_3D('',#2133,#2134,#2135);
#2133 = CARTESIAN_POINT('',(139.42,-111.48,-1.E-02));
#2134 = DIRECTION('',(0.,0.,1.));
#2135 = DIRECTION('',(1.,0.,-0.));
#2136 = DEFINITIONAL_REPRESENTATION('',(#2137),#2141);
#2137 = LINE('',#2138,#2139);
#2138 = CARTESIAN_POINT('',(0.,1.E-02));
#2139 = VECTOR('',#2140,1.);
#2140 = DIRECTION('',(1.,0.));
#2141 = ( GEOMETRIC_REPRESENTATION_CONTEXT(2) 
PARAMETRIC_REPRESENTATION_CONTEXT() REPRESENTATION_CONTEXT('2D SPACE',''
  ) );
#2142 = FACE_BOUND('',#2143,.T.);
#2143 = EDGE_LOOP('',(#2144));
#2144 = ORIENTED_EDGE('',*,*,#2145,.T.);
#2145 = EDGE_CURVE('',#2146,#2146,#2148,.T.);
#2146 = VERTEX_POINT('',#2147);
#2147 = CARTESIAN_POINT('',(137.38,-111.48,0.));
#2148 = SURFACE_CURVE('',#2149,(#2154,#2165),.PCURVE_S1.);
#2149 = CIRCLE('',#2150,0.5);
#2150 = AXIS2_PLACEMENT_3D('',#2151,#2152,#2153);
#2151 = CARTESIAN_POINT('',(136.88,-111.48,0.));
#2152 = DIRECTION('',(0.,0.,1.));
#2153 = DIRECTION('',(1.,0.,-0.));
#2154 = PCURVE('',#144,#2155);
#2155 = DEFINITIONAL_REPRESENTATION('',(#2156),#2164);
#2156 = ( BOUNDED_CURVE() B_SPLINE_CURVE(2,(#2157,#2158,#2159,#2160,
#2161,#2162,#2163),.UNSPECIFIED.,.T.,.F.) B_SPLINE_CURVE_WITH_KNOTS((1,2
    ,2,2,2,1),(-2.094395102393,0.,2.094395102393,4.188790204786,
6.28318530718,8.377580409573),.UNSPECIFIED.) CURVE() 
GEOMETRIC_REPRESENTATION_ITEM() RATIONAL_B_SPLINE_CURVE((1.,0.5,1.,0.5,
1.,0.5,1.)) REPRESENTATION_ITEM('') );
#2157 = CARTESIAN_POINT('',(6.390843378838,-23.11382496402));
#2158 = CARTESIAN_POINT('',(6.390843378838,-22.24779956023));
#2159 = CARTESIAN_POINT('',(7.140843378838,-22.68081226212));
#2160 = CARTESIAN_POINT('',(7.890843378838,-23.11382496402));
#2161 = CARTESIAN_POINT('',(7.140843378838,-23.54683766591));
#2162 = CARTESIAN_POINT('',(6.390843378838,-23.9798503678));
#2163 = CARTESIAN_POINT('',(6.390843378838,-23.11382496402));
#2164 = ( GEOMETRIC_REPRESENTATION_CONTEXT(2) 
PARAMETRIC_REPRESENTATION_CONTEXT() REPRESENTATION_CONTEXT('2D SPACE',''
  ) );
#2165 = PCURVE('',#2166,#2171);
#2166 = CYLINDRICAL_SURFACE('',#2167,0.5);
#2167 = AXIS2_PLACEMENT_3D('',#2168,#2169,#2170);
#2168 = CARTESIAN_POINT('',(136.88,-111.48,-1.E-02));
#2169 = DIRECTION('',(0.,0.,1.));
#2170 = DIRECTION('',(1.,0.,-0.));
#2171 = DEFINITIONAL_REPRESENTATION('',(#2172),#2176);
#2172 = LINE('',#2173,#2174);
#2173 = CARTESIAN_POINT('',(0.,1.E-02));
#2174 = VECTOR('',#2175,1.);
#2175 = DIRECTION('',(1.,0.));
#2176 = ( GEOMETRIC_REPRESENTATION_CONTEXT(2) 
PARAMETRIC_REPRESENTATION_CONTEXT() REPRESENTATION_CONTEXT('2D SPACE',''
  ) );
#2177 = FACE_BOUND('',#2178,.T.);
#2178 = EDGE_LOOP('',(#2179));
#2179 = ORIENTED_EDGE('',*,*,#2180,.T.);
#2180 = EDGE_CURVE('',#2181,#2181,#2183,.T.);
#2181 = VERTEX_POINT('',#2182);
#2182 = CARTESIAN_POINT('',(134.84,-114.04,0.));
#2183 = SURFACE_CURVE('',#2184,(#2189,#2200),.PCURVE_S1.);
#2184 = CIRCLE('',#2185,0.5);
#2185 = AXIS2_PLACEMENT_3D('',#2186,#2187,#2188);
#2186 = CARTESIAN_POINT('',(134.34,-114.04,0.));
#2187 = DIRECTION('',(0.,0.,1.));
#2188 = DIRECTION('',(1.,0.,-0.));
#2189 = PCURVE('',#144,#2190);
#2190 = DEFINITIONAL_REPRESENTATION('',(#2191),#2199);
#2191 = ( BOUNDED_CURVE() B_SPLINE_CURVE(2,(#2192,#2193,#2194,#2195,
#2196,#2197,#2198),.UNSPECIFIED.,.T.,.F.) B_SPLINE_CURVE_WITH_KNOTS((1,2
    ,2,2,2,1),(-2.094395102393,0.,2.094395102393,4.188790204786,
6.28318530718,8.377580409573),.UNSPECIFIED.) CURVE() 
GEOMETRIC_REPRESENTATION_ITEM() RATIONAL_B_SPLINE_CURVE((1.,0.5,1.,0.5,
1.,0.5,1.)) REPRESENTATION_ITEM('') );
#2192 = CARTESIAN_POINT('',(8.930843378838,-25.67382496402));
#2193 = CARTESIAN_POINT('',(8.930843378838,-24.80779956023));
#2194 = CARTESIAN_POINT('',(9.680843378838,-25.24081226212));
#2195 = CARTESIAN_POINT('',(10.430843378838,-25.67382496402));
#2196 = CARTESIAN_POINT('',(9.680843378838,-26.10683766591));
#2197 = CARTESIAN_POINT('',(8.930843378838,-26.5398503678));
#2198 = CARTESIAN_POINT('',(8.930843378838,-25.67382496402));
#2199 = ( GEOMETRIC_REPRESENTATION_CONTEXT(2) 
PARAMETRIC_REPRESENTATION_CONTEXT() REPRESENTATION_CONTEXT('2D SPACE',''
  ) );
#2200 = PCURVE('',#2201,#2206);
#2201 = CYLINDRICAL_SURFACE('',#2202,0.5);
#2202 = AXIS2_PLACEMENT_3D('',#2203,#2204,#2205);
#2203 = CARTESIAN_POINT('',(134.34,-114.04,-1.E-02));
#2204 = DIRECTION('',(0.,0.,1.));
#2205 = DIRECTION('',(1.,0.,-0.));
#2206 = DEFINITIONAL_REPRESENTATION('',(#2207),#2211);
#2207 = LINE('',#2208,#2209);
#2208 = CARTESIAN_POINT('',(0.,1.E-02));
#2209 = VECTOR('',#2210,1.);
#2210 = DIRECTION('',(1.,0.));
#2211 = ( GEOMETRIC_REPRESENTATION_CONTEXT(2) 
PARAMETRIC_REPRESENTATION_CONTEXT() REPRESENTATION_CONTEXT('2D SPACE',''
  ) );
#2212 = FACE_BOUND('',#2213,.T.);
#2213 = EDGE_LOOP('',(#2214));
#2214 = ORIENTED_EDGE('',*,*,#2215,.T.);
#2215 = EDGE_CURVE('',#2216,#2216,#2218,.T.);
#2216 = VERTEX_POINT('',#2217);
#2217 = CARTESIAN_POINT('',(132.3,-114.04,0.));
#2218 = SURFACE_CURVE('',#2219,(#2224,#2235),.PCURVE_S1.);
#2219 = CIRCLE('',#2220,0.5);
#2220 = AXIS2_PLACEMENT_3D('',#2221,#2222,#2223);
#2221 = CARTESIAN_POINT('',(131.8,-114.04,0.));
#2222 = DIRECTION('',(0.,0.,1.));
#2223 = DIRECTION('',(1.,0.,-0.));
#2224 = PCURVE('',#144,#2225);
#2225 = DEFINITIONAL_REPRESENTATION('',(#2226),#2234);
#2226 = ( BOUNDED_CURVE() B_SPLINE_CURVE(2,(#2227,#2228,#2229,#2230,
#2231,#2232,#2233),.UNSPECIFIED.,.T.,.F.) B_SPLINE_CURVE_WITH_KNOTS((1,2
    ,2,2,2,1),(-2.094395102393,0.,2.094395102393,4.188790204786,
6.28318530718,8.377580409573),.UNSPECIFIED.) CURVE() 
GEOMETRIC_REPRESENTATION_ITEM() RATIONAL_B_SPLINE_CURVE((1.,0.5,1.,0.5,
1.,0.5,1.)) REPRESENTATION_ITEM('') );
#2227 = CARTESIAN_POINT('',(11.470843378838,-25.67382496402));
#2228 = CARTESIAN_POINT('',(11.470843378838,-24.80779956023));
#2229 = CARTESIAN_POINT('',(12.220843378838,-25.24081226212));
#2230 = CARTESIAN_POINT('',(12.970843378838,-25.67382496402));
#2231 = CARTESIAN_POINT('',(12.220843378838,-26.10683766591));
#2232 = CARTESIAN_POINT('',(11.470843378838,-26.5398503678));
#2233 = CARTESIAN_POINT('',(11.470843378838,-25.67382496402));
#2234 = ( GEOMETRIC_REPRESENTATION_CONTEXT(2) 
PARAMETRIC_REPRESENTATION_CONTEXT() REPRESENTATION_CONTEXT('2D SPACE',''
  ) );
#2235 = PCURVE('',#2236,#2241);
#2236 = CYLINDRICAL_SURFACE('',#2237,0.5);
#2237 = AXIS2_PLACEMENT_3D('',#2238,#2239,#2240);
#2238 = CARTESIAN_POINT('',(131.8,-114.04,-1.E-02));
#2239 = DIRECTION('',(0.,0.,1.));
#2240 = DIRECTION('',(1.,0.,-0.));
#2241 = DEFINITIONAL_REPRESENTATION('',(#2242),#2246);
#2242 = LINE('',#2243,#2244);
#2243 = CARTESIAN_POINT('',(0.,1.E-02));
#2244 = VECTOR('',#2245,1.);
#2245 = DIRECTION('',(1.,0.));
#2246 = ( GEOMETRIC_REPRESENTATION_CONTEXT(2) 
PARAMETRIC_REPRESENTATION_CONTEXT() REPRESENTATION_CONTEXT('2D SPACE',''
  ) );
#2247 = FACE_BOUND('',#2248,.T.);
#2248 = EDGE_LOOP('',(#2249));
#2249 = ORIENTED_EDGE('',*,*,#2250,.T.);
#2250 = EDGE_CURVE('',#2251,#2251,#2253,.T.);
#2251 = VERTEX_POINT('',#2252);
#2252 = CARTESIAN_POINT('',(134.84,-111.48,0.));
#2253 = SURFACE_CURVE('',#2254,(#2259,#2270),.PCURVE_S1.);
#2254 = CIRCLE('',#2255,0.5);
#2255 = AXIS2_PLACEMENT_3D('',#2256,#2257,#2258);
#2256 = CARTESIAN_POINT('',(134.34,-111.48,0.));
#2257 = DIRECTION('',(0.,0.,1.));
#2258 = DIRECTION('',(1.,0.,-0.));
#2259 = PCURVE('',#144,#2260);
#2260 = DEFINITIONAL_REPRESENTATION('',(#2261),#2269);
#2261 = ( BOUNDED_CURVE() B_SPLINE_CURVE(2,(#2262,#2263,#2264,#2265,
#2266,#2267,#2268),.UNSPECIFIED.,.T.,.F.) B_SPLINE_CURVE_WITH_KNOTS((1,2
    ,2,2,2,1),(-2.094395102393,0.,2.094395102393,4.188790204786,
6.28318530718,8.377580409573),.UNSPECIFIED.) CURVE() 
GEOMETRIC_REPRESENTATION_ITEM() RATIONAL_B_SPLINE_CURVE((1.,0.5,1.,0.5,
1.,0.5,1.)) REPRESENTATION_ITEM('') );
#2262 = CARTESIAN_POINT('',(8.930843378838,-23.11382496402));
#2263 = CARTESIAN_POINT('',(8.930843378838,-22.24779956023));
#2264 = CARTESIAN_POINT('',(9.680843378838,-22.68081226212));
#2265 = CARTESIAN_POINT('',(10.430843378838,-23.11382496402));
#2266 = CARTESIAN_POINT('',(9.680843378838,-23.54683766591));
#2267 = CARTESIAN_POINT('',(8.930843378838,-23.9798503678));
#2268 = CARTESIAN_POINT('',(8.930843378838,-23.11382496402));
#2269 = ( GEOMETRIC_REPRESENTATION_CONTEXT(2) 
PARAMETRIC_REPRESENTATION_CONTEXT() REPRESENTATION_CONTEXT('2D SPACE',''
  ) );
#2270 = PCURVE('',#2271,#2276);
#2271 = CYLINDRICAL_SURFACE('',#2272,0.5);
#2272 = AXIS2_PLACEMENT_3D('',#2273,#2274,#2275);
#2273 = CARTESIAN_POINT('',(134.34,-111.48,-1.E-02));
#2274 = DIRECTION('',(0.,0.,1.));
#2275 = DIRECTION('',(1.,0.,-0.));
#2276 = DEFINITIONAL_REPRESENTATION('',(#2277),#2281);
#2277 = LINE('',#2278,#2279);
#2278 = CARTESIAN_POINT('',(0.,1.E-02));
#2279 = VECTOR('',#2280,1.);
#2280 = DIRECTION('',(1.,0.));
#2281 = ( GEOMETRIC_REPRESENTATION_CONTEXT(2) 
PARAMETRIC_REPRESENTATION_CONTEXT() REPRESENTATION_CONTEXT('2D SPACE',''
  ) );
#2282 = FACE_BOUND('',#2283,.T.);
#2283 = EDGE_LOOP('',(#2284));
#2284 = ORIENTED_EDGE('',*,*,#2285,.T.);
#2285 = EDGE_CURVE('',#2286,#2286,#2288,.T.);
#2286 = VERTEX_POINT('',#2287);
#2287 = CARTESIAN_POINT('',(132.3,-111.48,0.));
#2288 = SURFACE_CURVE('',#2289,(#2294,#2305),.PCURVE_S1.);
#2289 = CIRCLE('',#2290,0.5);
#2290 = AXIS2_PLACEMENT_3D('',#2291,#2292,#2293);
#2291 = CARTESIAN_POINT('',(131.8,-111.48,0.));
#2292 = DIRECTION('',(0.,0.,1.));
#2293 = DIRECTION('',(1.,0.,-0.));
#2294 = PCURVE('',#144,#2295);
#2295 = DEFINITIONAL_REPRESENTATION('',(#2296),#2304);
#2296 = ( BOUNDED_CURVE() B_SPLINE_CURVE(2,(#2297,#2298,#2299,#2300,
#2301,#2302,#2303),.UNSPECIFIED.,.T.,.F.) B_SPLINE_CURVE_WITH_KNOTS((1,2
    ,2,2,2,1),(-2.094395102393,0.,2.094395102393,4.188790204786,
6.28318530718,8.377580409573),.UNSPECIFIED.) CURVE() 
GEOMETRIC_REPRESENTATION_ITEM() RATIONAL_B_SPLINE_CURVE((1.,0.5,1.,0.5,
1.,0.5,1.)) REPRESENTATION_ITEM('') );
#2297 = CARTESIAN_POINT('',(11.470843378838,-23.11382496402));
#2298 = CARTESIAN_POINT('',(11.470843378838,-22.24779956023));
#2299 = CARTESIAN_POINT('',(12.220843378838,-22.68081226212));
#2300 = CARTESIAN_POINT('',(12.970843378838,-23.11382496402));
#2301 = CARTESIAN_POINT('',(12.220843378838,-23.54683766591));
#2302 = CARTESIAN_POINT('',(11.470843378838,-23.9798503678));
#2303 = CARTESIAN_POINT('',(11.470843378838,-23.11382496402));
#2304 = ( GEOMETRIC_REPRESENTATION_CONTEXT(2) 
PARAMETRIC_REPRESENTATION_CONTEXT() REPRESENTATION_CONTEXT('2D SPACE',''
  ) );
#2305 = PCURVE('',#2306,#2311);
#2306 = CYLINDRICAL_SURFACE('',#2307,0.5);
#2307 = AXIS2_PLACEMENT_3D('',#2308,#2309,#2310);
#2308 = CARTESIAN_POINT('',(131.8,-111.48,-1.E-02));
#2309 = DIRECTION('',(0.,0.,1.));
#2310 = DIRECTION('',(1.,0.,-0.));
#2311 = DEFINITIONAL_REPRESENTATION('',(#2312),#2316);
#2312 = LINE('',#2313,#2314);
#2313 = CARTESIAN_POINT('',(0.,1.E-02));
#2314 = VECTOR('',#2315,1.);
#2315 = DIRECTION('',(1.,0.));
#2316 = ( GEOMETRIC_REPRESENTATION_CONTEXT(2) 
PARAMETRIC_REPRESENTATION_CONTEXT() REPRESENTATION_CONTEXT('2D SPACE',''
  ) );
#2317 = FACE_BOUND('',#2318,.T.);
#2318 = EDGE_LOOP('',(#2319));
#2319 = ORIENTED_EDGE('',*,*,#2320,.T.);
#2320 = EDGE_CURVE('',#2321,#2321,#2323,.T.);
#2321 = VERTEX_POINT('',#2322);
#2322 = CARTESIAN_POINT('',(129.76,-119.16,0.));
#2323 = SURFACE_CURVE('',#2324,(#2329,#2340),.PCURVE_S1.);
#2324 = CIRCLE('',#2325,0.5);
#2325 = AXIS2_PLACEMENT_3D('',#2326,#2327,#2328);
#2326 = CARTESIAN_POINT('',(129.26,-119.16,0.));
#2327 = DIRECTION('',(0.,0.,1.));
#2328 = DIRECTION('',(1.,0.,-0.));
#2329 = PCURVE('',#144,#2330);
#2330 = DEFINITIONAL_REPRESENTATION('',(#2331),#2339);
#2331 = ( BOUNDED_CURVE() B_SPLINE_CURVE(2,(#2332,#2333,#2334,#2335,
#2336,#2337,#2338),.UNSPECIFIED.,.T.,.F.) B_SPLINE_CURVE_WITH_KNOTS((1,2
    ,2,2,2,1),(-2.094395102393,0.,2.094395102393,4.188790204786,
6.28318530718,8.377580409573),.UNSPECIFIED.) CURVE() 
GEOMETRIC_REPRESENTATION_ITEM() RATIONAL_B_SPLINE_CURVE((1.,0.5,1.,0.5,
1.,0.5,1.)) REPRESENTATION_ITEM('') );
#2332 = CARTESIAN_POINT('',(14.010843378838,-30.79382496402));
#2333 = CARTESIAN_POINT('',(14.010843378838,-29.92779956023));
#2334 = CARTESIAN_POINT('',(14.760843378838,-30.36081226212));
#2335 = CARTESIAN_POINT('',(15.510843378838,-30.79382496402));
#2336 = CARTESIAN_POINT('',(14.760843378838,-31.22683766591));
#2337 = CARTESIAN_POINT('',(14.010843378838,-31.6598503678));
#2338 = CARTESIAN_POINT('',(14.010843378838,-30.79382496402));
#2339 = ( GEOMETRIC_REPRESENTATION_CONTEXT(2) 
PARAMETRIC_REPRESENTATION_CONTEXT() REPRESENTATION_CONTEXT('2D SPACE',''
  ) );
#2340 = PCURVE('',#2341,#2346);
#2341 = CYLINDRICAL_SURFACE('',#2342,0.5);
#2342 = AXIS2_PLACEMENT_3D('',#2343,#2344,#2345);
#2343 = CARTESIAN_POINT('',(129.26,-119.16,-1.E-02));
#2344 = DIRECTION('',(0.,0.,1.));
#2345 = DIRECTION('',(1.,0.,-0.));
#2346 = DEFINITIONAL_REPRESENTATION('',(#2347),#2351);
#2347 = LINE('',#2348,#2349);
#2348 = CARTESIAN_POINT('',(0.,1.E-02));
#2349 = VECTOR('',#2350,1.);
#2350 = DIRECTION('',(1.,0.));
#2351 = ( GEOMETRIC_REPRESENTATION_CONTEXT(2) 
PARAMETRIC_REPRESENTATION_CONTEXT() REPRESENTATION_CONTEXT('2D SPACE',''
  ) );
#2352 = FACE_BOUND('',#2353,.T.);
#2353 = EDGE_LOOP('',(#2354));
#2354 = ORIENTED_EDGE('',*,*,#2355,.T.);
#2355 = EDGE_CURVE('',#2356,#2356,#2358,.T.);
#2356 = VERTEX_POINT('',#2357);
#2357 = CARTESIAN_POINT('',(127.22,-119.16,0.));
#2358 = SURFACE_CURVE('',#2359,(#2364,#2375),.PCURVE_S1.);
#2359 = CIRCLE('',#2360,0.5);
#2360 = AXIS2_PLACEMENT_3D('',#2361,#2362,#2363);
#2361 = CARTESIAN_POINT('',(126.72,-119.16,0.));
#2362 = DIRECTION('',(0.,0.,1.));
#2363 = DIRECTION('',(1.,0.,-0.));
#2364 = PCURVE('',#144,#2365);
#2365 = DEFINITIONAL_REPRESENTATION('',(#2366),#2374);
#2366 = ( BOUNDED_CURVE() B_SPLINE_CURVE(2,(#2367,#2368,#2369,#2370,
#2371,#2372,#2373),.UNSPECIFIED.,.T.,.F.) B_SPLINE_CURVE_WITH_KNOTS((1,2
    ,2,2,2,1),(-2.094395102393,0.,2.094395102393,4.188790204786,
6.28318530718,8.377580409573),.UNSPECIFIED.) CURVE() 
GEOMETRIC_REPRESENTATION_ITEM() RATIONAL_B_SPLINE_CURVE((1.,0.5,1.,0.5,
1.,0.5,1.)) REPRESENTATION_ITEM('') );
#2367 = CARTESIAN_POINT('',(16.550843378838,-30.79382496402));
#2368 = CARTESIAN_POINT('',(16.550843378838,-29.92779956023));
#2369 = CARTESIAN_POINT('',(17.300843378838,-30.36081226212));
#2370 = CARTESIAN_POINT('',(18.050843378838,-30.79382496402));
#2371 = CARTESIAN_POINT('',(17.300843378838,-31.22683766591));
#2372 = CARTESIAN_POINT('',(16.550843378838,-31.6598503678));
#2373 = CARTESIAN_POINT('',(16.550843378838,-30.79382496402));
#2374 = ( GEOMETRIC_REPRESENTATION_CONTEXT(2) 
PARAMETRIC_REPRESENTATION_CONTEXT() REPRESENTATION_CONTEXT('2D SPACE',''
  ) );
#2375 = PCURVE('',#2376,#2381);
#2376 = CYLINDRICAL_SURFACE('',#2377,0.5);
#2377 = AXIS2_PLACEMENT_3D('',#2378,#2379,#2380);
#2378 = CARTESIAN_POINT('',(126.72,-119.16,-1.E-02));
#2379 = DIRECTION('',(0.,0.,1.));
#2380 = DIRECTION('',(1.,0.,-0.));
#2381 = DEFINITIONAL_REPRESENTATION('',(#2382),#2386);
#2382 = LINE('',#2383,#2384);
#2383 = CARTESIAN_POINT('',(0.,1.E-02));
#2384 = VECTOR('',#2385,1.);
#2385 = DIRECTION('',(1.,0.));
#2386 = ( GEOMETRIC_REPRESENTATION_CONTEXT(2) 
PARAMETRIC_REPRESENTATION_CONTEXT() REPRESENTATION_CONTEXT('2D SPACE',''
  ) );
#2387 = FACE_BOUND('',#2388,.T.);
#2388 = EDGE_LOOP('',(#2389));
#2389 = ORIENTED_EDGE('',*,*,#2390,.T.);
#2390 = EDGE_CURVE('',#2391,#2391,#2393,.T.);
#2391 = VERTEX_POINT('',#2392);
#2392 = CARTESIAN_POINT('',(129.76,-116.6,0.));
#2393 = SURFACE_CURVE('',#2394,(#2399,#2410),.PCURVE_S1.);
#2394 = CIRCLE('',#2395,0.5);
#2395 = AXIS2_PLACEMENT_3D('',#2396,#2397,#2398);
#2396 = CARTESIAN_POINT('',(129.26,-116.6,0.));
#2397 = DIRECTION('',(0.,0.,1.));
#2398 = DIRECTION('',(1.,0.,-0.));
#2399 = PCURVE('',#144,#2400);
#2400 = DEFINITIONAL_REPRESENTATION('',(#2401),#2409);
#2401 = ( BOUNDED_CURVE() B_SPLINE_CURVE(2,(#2402,#2403,#2404,#2405,
#2406,#2407,#2408),.UNSPECIFIED.,.T.,.F.) B_SPLINE_CURVE_WITH_KNOTS((1,2
    ,2,2,2,1),(-2.094395102393,0.,2.094395102393,4.188790204786,
6.28318530718,8.377580409573),.UNSPECIFIED.) CURVE() 
GEOMETRIC_REPRESENTATION_ITEM() RATIONAL_B_SPLINE_CURVE((1.,0.5,1.,0.5,
1.,0.5,1.)) REPRESENTATION_ITEM('') );
#2402 = CARTESIAN_POINT('',(14.010843378838,-28.23382496402));
#2403 = CARTESIAN_POINT('',(14.010843378838,-27.36779956023));
#2404 = CARTESIAN_POINT('',(14.760843378838,-27.80081226212));
#2405 = CARTESIAN_POINT('',(15.510843378838,-28.23382496402));
#2406 = CARTESIAN_POINT('',(14.760843378838,-28.66683766591));
#2407 = CARTESIAN_POINT('',(14.010843378838,-29.0998503678));
#2408 = CARTESIAN_POINT('',(14.010843378838,-28.23382496402));
#2409 = ( GEOMETRIC_REPRESENTATION_CONTEXT(2) 
PARAMETRIC_REPRESENTATION_CONTEXT() REPRESENTATION_CONTEXT('2D SPACE',''
  ) );
#2410 = PCURVE('',#2411,#2416);
#2411 = CYLINDRICAL_SURFACE('',#2412,0.5);
#2412 = AXIS2_PLACEMENT_3D('',#2413,#2414,#2415);
#2413 = CARTESIAN_POINT('',(129.26,-116.6,-1.E-02));
#2414 = DIRECTION('',(0.,0.,1.));
#2415 = DIRECTION('',(1.,0.,-0.));
#2416 = DEFINITIONAL_REPRESENTATION('',(#2417),#2421);
#2417 = LINE('',#2418,#2419);
#2418 = CARTESIAN_POINT('',(0.,1.E-02));
#2419 = VECTOR('',#2420,1.);
#2420 = DIRECTION('',(1.,0.));
#2421 = ( GEOMETRIC_REPRESENTATION_CONTEXT(2) 
PARAMETRIC_REPRESENTATION_CONTEXT() REPRESENTATION_CONTEXT('2D SPACE',''
  ) );
#2422 = FACE_BOUND('',#2423,.T.);
#2423 = EDGE_LOOP('',(#2424));
#2424 = ORIENTED_EDGE('',*,*,#2425,.T.);
#2425 = EDGE_CURVE('',#2426,#2426,#2428,.T.);
#2426 = VERTEX_POINT('',#2427);
#2427 = CARTESIAN_POINT('',(127.22,-116.6,0.));
#2428 = SURFACE_CURVE('',#2429,(#2434,#2445),.PCURVE_S1.);
#2429 = CIRCLE('',#2430,0.5);
#2430 = AXIS2_PLACEMENT_3D('',#2431,#2432,#2433);
#2431 = CARTESIAN_POINT('',(126.72,-116.6,0.));
#2432 = DIRECTION('',(0.,0.,1.));
#2433 = DIRECTION('',(1.,0.,-0.));
#2434 = PCURVE('',#144,#2435);
#2435 = DEFINITIONAL_REPRESENTATION('',(#2436),#2444);
#2436 = ( BOUNDED_CURVE() B_SPLINE_CURVE(2,(#2437,#2438,#2439,#2440,
#2441,#2442,#2443),.UNSPECIFIED.,.T.,.F.) B_SPLINE_CURVE_WITH_KNOTS((1,2
    ,2,2,2,1),(-2.094395102393,0.,2.094395102393,4.188790204786,
6.28318530718,8.377580409573),.UNSPECIFIED.) CURVE() 
GEOMETRIC_REPRESENTATION_ITEM() RATIONAL_B_SPLINE_CURVE((1.,0.5,1.,0.5,
1.,0.5,1.)) REPRESENTATION_ITEM('') );
#2437 = CARTESIAN_POINT('',(16.550843378838,-28.23382496402));
#2438 = CARTESIAN_POINT('',(16.550843378838,-27.36779956023));
#2439 = CARTESIAN_POINT('',(17.300843378838,-27.80081226212));
#2440 = CARTESIAN_POINT('',(18.050843378838,-28.23382496402));
#2441 = CARTESIAN_POINT('',(17.300843378838,-28.66683766591));
#2442 = CARTESIAN_POINT('',(16.550843378838,-29.0998503678));
#2443 = CARTESIAN_POINT('',(16.550843378838,-28.23382496402));
#2444 = ( GEOMETRIC_REPRESENTATION_CONTEXT(2) 
PARAMETRIC_REPRESENTATION_CONTEXT() REPRESENTATION_CONTEXT('2D SPACE',''
  ) );
#2445 = PCURVE('',#2446,#2451);
#2446 = CYLINDRICAL_SURFACE('',#2447,0.5);
#2447 = AXIS2_PLACEMENT_3D('',#2448,#2449,#2450);
#2448 = CARTESIAN_POINT('',(126.72,-116.6,-1.E-02));
#2449 = DIRECTION('',(0.,0.,1.));
#2450 = DIRECTION('',(1.,0.,-0.));
#2451 = DEFINITIONAL_REPRESENTATION('',(#2452),#2456);
#2452 = LINE('',#2453,#2454);
#2453 = CARTESIAN_POINT('',(0.,1.E-02));
#2454 = VECTOR('',#2455,1.);
#2455 = DIRECTION('',(1.,0.));
#2456 = ( GEOMETRIC_REPRESENTATION_CONTEXT(2) 
PARAMETRIC_REPRESENTATION_CONTEXT() REPRESENTATION_CONTEXT('2D SPACE',''
  ) );
#2457 = FACE_BOUND('',#2458,.T.);
#2458 = EDGE_LOOP('',(#2459));
#2459 = ORIENTED_EDGE('',*,*,#2460,.T.);
#2460 = EDGE_CURVE('',#2461,#2461,#2463,.T.);
#2461 = VERTEX_POINT('',#2462);
#2462 = CARTESIAN_POINT('',(124.68,-119.16,0.));
#2463 = SURFACE_CURVE('',#2464,(#2469,#2480),.PCURVE_S1.);
#2464 = CIRCLE('',#2465,0.5);
#2465 = AXIS2_PLACEMENT_3D('',#2466,#2467,#2468);
#2466 = CARTESIAN_POINT('',(124.18,-119.16,0.));
#2467 = DIRECTION('',(0.,0.,1.));
#2468 = DIRECTION('',(1.,0.,-0.));
#2469 = PCURVE('',#144,#2470);
#2470 = DEFINITIONAL_REPRESENTATION('',(#2471),#2479);
#2471 = ( BOUNDED_CURVE() B_SPLINE_CURVE(2,(#2472,#2473,#2474,#2475,
#2476,#2477,#2478),.UNSPECIFIED.,.T.,.F.) B_SPLINE_CURVE_WITH_KNOTS((1,2
    ,2,2,2,1),(-2.094395102393,0.,2.094395102393,4.188790204786,
6.28318530718,8.377580409573),.UNSPECIFIED.) CURVE() 
GEOMETRIC_REPRESENTATION_ITEM() RATIONAL_B_SPLINE_CURVE((1.,0.5,1.,0.5,
1.,0.5,1.)) REPRESENTATION_ITEM('') );
#2472 = CARTESIAN_POINT('',(19.090843378838,-30.79382496402));
#2473 = CARTESIAN_POINT('',(19.090843378838,-29.92779956023));
#2474 = CARTESIAN_POINT('',(19.840843378838,-30.36081226212));
#2475 = CARTESIAN_POINT('',(20.590843378838,-30.79382496402));
#2476 = CARTESIAN_POINT('',(19.840843378838,-31.22683766591));
#2477 = CARTESIAN_POINT('',(19.090843378838,-31.6598503678));
#2478 = CARTESIAN_POINT('',(19.090843378838,-30.79382496402));
#2479 = ( GEOMETRIC_REPRESENTATION_CONTEXT(2) 
PARAMETRIC_REPRESENTATION_CONTEXT() REPRESENTATION_CONTEXT('2D SPACE',''
  ) );
#2480 = PCURVE('',#2481,#2486);
#2481 = CYLINDRICAL_SURFACE('',#2482,0.5);
#2482 = AXIS2_PLACEMENT_3D('',#2483,#2484,#2485);
#2483 = CARTESIAN_POINT('',(124.18,-119.16,-1.E-02));
#2484 = DIRECTION('',(0.,0.,1.));
#2485 = DIRECTION('',(1.,0.,-0.));
#2486 = DEFINITIONAL_REPRESENTATION('',(#2487),#2491);
#2487 = LINE('',#2488,#2489);
#2488 = CARTESIAN_POINT('',(0.,1.E-02));
#2489 = VECTOR('',#2490,1.);
#2490 = DIRECTION('',(1.,0.));
#2491 = ( GEOMETRIC_REPRESENTATION_CONTEXT(2) 
PARAMETRIC_REPRESENTATION_CONTEXT() REPRESENTATION_CONTEXT('2D SPACE',''
  ) );
#2492 = FACE_BOUND('',#2493,.T.);
#2493 = EDGE_LOOP('',(#2494));
#2494 = ORIENTED_EDGE('',*,*,#2495,.T.);
#2495 = EDGE_CURVE('',#2496,#2496,#2498,.T.);
#2496 = VERTEX_POINT('',#2497);
#2497 = CARTESIAN_POINT('',(122.14,-119.16,0.));
#2498 = SURFACE_CURVE('',#2499,(#2504,#2515),.PCURVE_S1.);
#2499 = CIRCLE('',#2500,0.5);
#2500 = AXIS2_PLACEMENT_3D('',#2501,#2502,#2503);
#2501 = CARTESIAN_POINT('',(121.64,-119.16,0.));
#2502 = DIRECTION('',(0.,0.,1.));
#2503 = DIRECTION('',(1.,0.,-0.));
#2504 = PCURVE('',#144,#2505);
#2505 = DEFINITIONAL_REPRESENTATION('',(#2506),#2514);
#2506 = ( BOUNDED_CURVE() B_SPLINE_CURVE(2,(#2507,#2508,#2509,#2510,
#2511,#2512,#2513),.UNSPECIFIED.,.T.,.F.) B_SPLINE_CURVE_WITH_KNOTS((1,2
    ,2,2,2,1),(-2.094395102393,0.,2.094395102393,4.188790204786,
6.28318530718,8.377580409573),.UNSPECIFIED.) CURVE() 
GEOMETRIC_REPRESENTATION_ITEM() RATIONAL_B_SPLINE_CURVE((1.,0.5,1.,0.5,
1.,0.5,1.)) REPRESENTATION_ITEM('') );
#2507 = CARTESIAN_POINT('',(21.630843378838,-30.79382496402));
#2508 = CARTESIAN_POINT('',(21.630843378838,-29.92779956023));
#2509 = CARTESIAN_POINT('',(22.380843378838,-30.36081226212));
#2510 = CARTESIAN_POINT('',(23.130843378838,-30.79382496402));
#2511 = CARTESIAN_POINT('',(22.380843378838,-31.22683766591));
#2512 = CARTESIAN_POINT('',(21.630843378838,-31.6598503678));
#2513 = CARTESIAN_POINT('',(21.630843378838,-30.79382496402));
#2514 = ( GEOMETRIC_REPRESENTATION_CONTEXT(2) 
PARAMETRIC_REPRESENTATION_CONTEXT() REPRESENTATION_CONTEXT('2D SPACE',''
  ) );
#2515 = PCURVE('',#2516,#2521);
#2516 = CYLINDRICAL_SURFACE('',#2517,0.5);
#2517 = AXIS2_PLACEMENT_3D('',#2518,#2519,#2520);
#2518 = CARTESIAN_POINT('',(121.64,-119.16,-1.E-02));
#2519 = DIRECTION('',(0.,0.,1.));
#2520 = DIRECTION('',(1.,0.,-0.));
#2521 = DEFINITIONAL_REPRESENTATION('',(#2522),#2526);
#2522 = LINE('',#2523,#2524);
#2523 = CARTESIAN_POINT('',(0.,1.E-02));
#2524 = VECTOR('',#2525,1.);
#2525 = DIRECTION('',(1.,0.));
#2526 = ( GEOMETRIC_REPRESENTATION_CONTEXT(2) 
PARAMETRIC_REPRESENTATION_CONTEXT() REPRESENTATION_CONTEXT('2D SPACE',''
  ) );
#2527 = FACE_BOUND('',#2528,.T.);
#2528 = EDGE_LOOP('',(#2529));
#2529 = ORIENTED_EDGE('',*,*,#2530,.T.);
#2530 = EDGE_CURVE('',#2531,#2531,#2533,.T.);
#2531 = VERTEX_POINT('',#2532);
#2532 = CARTESIAN_POINT('',(124.68,-116.6,0.));
#2533 = SURFACE_CURVE('',#2534,(#2539,#2550),.PCURVE_S1.);
#2534 = CIRCLE('',#2535,0.5);
#2535 = AXIS2_PLACEMENT_3D('',#2536,#2537,#2538);
#2536 = CARTESIAN_POINT('',(124.18,-116.6,0.));
#2537 = DIRECTION('',(0.,0.,1.));
#2538 = DIRECTION('',(1.,0.,-0.));
#2539 = PCURVE('',#144,#2540);
#2540 = DEFINITIONAL_REPRESENTATION('',(#2541),#2549);
#2541 = ( BOUNDED_CURVE() B_SPLINE_CURVE(2,(#2542,#2543,#2544,#2545,
#2546,#2547,#2548),.UNSPECIFIED.,.T.,.F.) B_SPLINE_CURVE_WITH_KNOTS((1,2
    ,2,2,2,1),(-2.094395102393,0.,2.094395102393,4.188790204786,
6.28318530718,8.377580409573),.UNSPECIFIED.) CURVE() 
GEOMETRIC_REPRESENTATION_ITEM() RATIONAL_B_SPLINE_CURVE((1.,0.5,1.,0.5,
1.,0.5,1.)) REPRESENTATION_ITEM('') );
#2542 = CARTESIAN_POINT('',(19.090843378838,-28.23382496402));
#2543 = CARTESIAN_POINT('',(19.090843378838,-27.36779956023));
#2544 = CARTESIAN_POINT('',(19.840843378838,-27.80081226212));
#2545 = CARTESIAN_POINT('',(20.590843378838,-28.23382496402));
#2546 = CARTESIAN_POINT('',(19.840843378838,-28.66683766591));
#2547 = CARTESIAN_POINT('',(19.090843378838,-29.0998503678));
#2548 = CARTESIAN_POINT('',(19.090843378838,-28.23382496402));
#2549 = ( GEOMETRIC_REPRESENTATION_CONTEXT(2) 
PARAMETRIC_REPRESENTATION_CONTEXT() REPRESENTATION_CONTEXT('2D SPACE',''
  ) );
#2550 = PCURVE('',#2551,#2556);
#2551 = CYLINDRICAL_SURFACE('',#2552,0.5);
#2552 = AXIS2_PLACEMENT_3D('',#2553,#2554,#2555);
#2553 = CARTESIAN_POINT('',(124.18,-116.6,-1.E-02));
#2554 = DIRECTION('',(0.,0.,1.));
#2555 = DIRECTION('',(1.,0.,-0.));
#2556 = DEFINITIONAL_REPRESENTATION('',(#2557),#2561);
#2557 = LINE('',#2558,#2559);
#2558 = CARTESIAN_POINT('',(0.,1.E-02));
#2559 = VECTOR('',#2560,1.);
#2560 = DIRECTION('',(1.,0.));
#2561 = ( GEOMETRIC_REPRESENTATION_CONTEXT(2) 
PARAMETRIC_REPRESENTATION_CONTEXT() REPRESENTATION_CONTEXT('2D SPACE',''
  ) );
#2562 = FACE_BOUND('',#2563,.T.);
#2563 = EDGE_LOOP('',(#2564));
#2564 = ORIENTED_EDGE('',*,*,#2565,.T.);
#2565 = EDGE_CURVE('',#2566,#2566,#2568,.T.);
#2566 = VERTEX_POINT('',#2567);
#2567 = CARTESIAN_POINT('',(122.14,-116.6,0.));
#2568 = SURFACE_CURVE('',#2569,(#2574,#2585),.PCURVE_S1.);
#2569 = CIRCLE('',#2570,0.5);
#2570 = AXIS2_PLACEMENT_3D('',#2571,#2572,#2573);
#2571 = CARTESIAN_POINT('',(121.64,-116.6,0.));
#2572 = DIRECTION('',(0.,0.,1.));
#2573 = DIRECTION('',(1.,0.,-0.));
#2574 = PCURVE('',#144,#2575);
#2575 = DEFINITIONAL_REPRESENTATION('',(#2576),#2584);
#2576 = ( BOUNDED_CURVE() B_SPLINE_CURVE(2,(#2577,#2578,#2579,#2580,
#2581,#2582,#2583),.UNSPECIFIED.,.T.,.F.) B_SPLINE_CURVE_WITH_KNOTS((1,2
    ,2,2,2,1),(-2.094395102393,0.,2.094395102393,4.188790204786,
6.28318530718,8.377580409573),.UNSPECIFIED.) CURVE() 
GEOMETRIC_REPRESENTATION_ITEM() RATIONAL_B_SPLINE_CURVE((1.,0.5,1.,0.5,
1.,0.5,1.)) REPRESENTATION_ITEM('') );
#2577 = CARTESIAN_POINT('',(21.630843378838,-28.23382496402));
#2578 = CARTESIAN_POINT('',(21.630843378838,-27.36779956023));
#2579 = CARTESIAN_POINT('',(22.380843378838,-27.80081226212));
#2580 = CARTESIAN_POINT('',(23.130843378838,-28.23382496402));
#2581 = CARTESIAN_POINT('',(22.380843378838,-28.66683766591));
#2582 = CARTESIAN_POINT('',(21.630843378838,-29.0998503678));
#2583 = CARTESIAN_POINT('',(21.630843378838,-28.23382496402));
#2584 = ( GEOMETRIC_REPRESENTATION_CONTEXT(2) 
PARAMETRIC_REPRESENTATION_CONTEXT() REPRESENTATION_CONTEXT('2D SPACE',''
  ) );
#2585 = PCURVE('',#2586,#2591);
#2586 = CYLINDRICAL_SURFACE('',#2587,0.5);
#2587 = AXIS2_PLACEMENT_3D('',#2588,#2589,#2590);
#2588 = CARTESIAN_POINT('',(121.64,-116.6,-1.E-02));
#2589 = DIRECTION('',(0.,0.,1.));
#2590 = DIRECTION('',(1.,0.,-0.));
#2591 = DEFINITIONAL_REPRESENTATION('',(#2592),#2596);
#2592 = LINE('',#2593,#2594);
#2593 = CARTESIAN_POINT('',(0.,1.E-02));
#2594 = VECTOR('',#2595,1.);
#2595 = DIRECTION('',(1.,0.));
#2596 = ( GEOMETRIC_REPRESENTATION_CONTEXT(2) 
PARAMETRIC_REPRESENTATION_CONTEXT() REPRESENTATION_CONTEXT('2D SPACE',''
  ) );
#2597 = FACE_BOUND('',#2598,.T.);
#2598 = EDGE_LOOP('',(#2599));
#2599 = ORIENTED_EDGE('',*,*,#2600,.T.);
#2600 = EDGE_CURVE('',#2601,#2601,#2603,.T.);
#2601 = VERTEX_POINT('',#2602);
#2602 = CARTESIAN_POINT('',(129.76,-114.04,0.));
#2603 = SURFACE_CURVE('',#2604,(#2609,#2620),.PCURVE_S1.);
#2604 = CIRCLE('',#2605,0.5);
#2605 = AXIS2_PLACEMENT_3D('',#2606,#2607,#2608);
#2606 = CARTESIAN_POINT('',(129.26,-114.04,0.));
#2607 = DIRECTION('',(0.,0.,1.));
#2608 = DIRECTION('',(1.,0.,-0.));
#2609 = PCURVE('',#144,#2610);
#2610 = DEFINITIONAL_REPRESENTATION('',(#2611),#2619);
#2611 = ( BOUNDED_CURVE() B_SPLINE_CURVE(2,(#2612,#2613,#2614,#2615,
#2616,#2617,#2618),.UNSPECIFIED.,.T.,.F.) B_SPLINE_CURVE_WITH_KNOTS((1,2
    ,2,2,2,1),(-2.094395102393,0.,2.094395102393,4.188790204786,
6.28318530718,8.377580409573),.UNSPECIFIED.) CURVE() 
GEOMETRIC_REPRESENTATION_ITEM() RATIONAL_B_SPLINE_CURVE((1.,0.5,1.,0.5,
1.,0.5,1.)) REPRESENTATION_ITEM('') );
#2612 = CARTESIAN_POINT('',(14.010843378838,-25.67382496402));
#2613 = CARTESIAN_POINT('',(14.010843378838,-24.80779956023));
#2614 = CARTESIAN_POINT('',(14.760843378838,-25.24081226212));
#2615 = CARTESIAN_POINT('',(15.510843378838,-25.67382496402));
#2616 = CARTESIAN_POINT('',(14.760843378838,-26.10683766591));
#2617 = CARTESIAN_POINT('',(14.010843378838,-26.5398503678));
#2618 = CARTESIAN_POINT('',(14.010843378838,-25.67382496402));
#2619 = ( GEOMETRIC_REPRESENTATION_CONTEXT(2) 
PARAMETRIC_REPRESENTATION_CONTEXT() REPRESENTATION_CONTEXT('2D SPACE',''
  ) );
#2620 = PCURVE('',#2621,#2626);
#2621 = CYLINDRICAL_SURFACE('',#2622,0.5);
#2622 = AXIS2_PLACEMENT_3D('',#2623,#2624,#2625);
#2623 = CARTESIAN_POINT('',(129.26,-114.04,-1.E-02));
#2624 = DIRECTION('',(0.,0.,1.));
#2625 = DIRECTION('',(1.,0.,-0.));
#2626 = DEFINITIONAL_REPRESENTATION('',(#2627),#2631);
#2627 = LINE('',#2628,#2629);
#2628 = CARTESIAN_POINT('',(0.,1.E-02));
#2629 = VECTOR('',#2630,1.);
#2630 = DIRECTION('',(1.,0.));
#2631 = ( GEOMETRIC_REPRESENTATION_CONTEXT(2) 
PARAMETRIC_REPRESENTATION_CONTEXT() REPRESENTATION_CONTEXT('2D SPACE',''
  ) );
#2632 = FACE_BOUND('',#2633,.T.);
#2633 = EDGE_LOOP('',(#2634));
#2634 = ORIENTED_EDGE('',*,*,#2635,.T.);
#2635 = EDGE_CURVE('',#2636,#2636,#2638,.T.);
#2636 = VERTEX_POINT('',#2637);
#2637 = CARTESIAN_POINT('',(127.22,-114.04,0.));
#2638 = SURFACE_CURVE('',#2639,(#2644,#2655),.PCURVE_S1.);
#2639 = CIRCLE('',#2640,0.5);
#2640 = AXIS2_PLACEMENT_3D('',#2641,#2642,#2643);
#2641 = CARTESIAN_POINT('',(126.72,-114.04,0.));
#2642 = DIRECTION('',(0.,0.,1.));
#2643 = DIRECTION('',(1.,0.,-0.));
#2644 = PCURVE('',#144,#2645);
#2645 = DEFINITIONAL_REPRESENTATION('',(#2646),#2654);
#2646 = ( BOUNDED_CURVE() B_SPLINE_CURVE(2,(#2647,#2648,#2649,#2650,
#2651,#2652,#2653),.UNSPECIFIED.,.T.,.F.) B_SPLINE_CURVE_WITH_KNOTS((1,2
    ,2,2,2,1),(-2.094395102393,0.,2.094395102393,4.188790204786,
6.28318530718,8.377580409573),.UNSPECIFIED.) CURVE() 
GEOMETRIC_REPRESENTATION_ITEM() RATIONAL_B_SPLINE_CURVE((1.,0.5,1.,0.5,
1.,0.5,1.)) REPRESENTATION_ITEM('') );
#2647 = CARTESIAN_POINT('',(16.550843378838,-25.67382496402));
#2648 = CARTESIAN_POINT('',(16.550843378838,-24.80779956023));
#2649 = CARTESIAN_POINT('',(17.300843378838,-25.24081226212));
#2650 = CARTESIAN_POINT('',(18.050843378838,-25.67382496402));
#2651 = CARTESIAN_POINT('',(17.300843378838,-26.10683766591));
#2652 = CARTESIAN_POINT('',(16.550843378838,-26.5398503678));
#2653 = CARTESIAN_POINT('',(16.550843378838,-25.67382496402));
#2654 = ( GEOMETRIC_REPRESENTATION_CONTEXT(2) 
PARAMETRIC_REPRESENTATION_CONTEXT() REPRESENTATION_CONTEXT('2D SPACE',''
  ) );
#2655 = PCURVE('',#2656,#2661);
#2656 = CYLINDRICAL_SURFACE('',#2657,0.5);
#2657 = AXIS2_PLACEMENT_3D('',#2658,#2659,#2660);
#2658 = CARTESIAN_POINT('',(126.72,-114.04,-1.E-02));
#2659 = DIRECTION('',(0.,0.,1.));
#2660 = DIRECTION('',(1.,0.,-0.));
#2661 = DEFINITIONAL_REPRESENTATION('',(#2662),#2666);
#2662 = LINE('',#2663,#2664);
#2663 = CARTESIAN_POINT('',(0.,1.E-02));
#2664 = VECTOR('',#2665,1.);
#2665 = DIRECTION('',(1.,0.));
#2666 = ( GEOMETRIC_REPRESENTATION_CONTEXT(2) 
PARAMETRIC_REPRESENTATION_CONTEXT() REPRESENTATION_CONTEXT('2D SPACE',''
  ) );
#2667 = FACE_BOUND('',#2668,.T.);
#2668 = EDGE_LOOP('',(#2669));
#2669 = ORIENTED_EDGE('',*,*,#2670,.T.);
#2670 = EDGE_CURVE('',#2671,#2671,#2673,.T.);
#2671 = VERTEX_POINT('',#2672);
#2672 = CARTESIAN_POINT('',(129.76,-111.48,0.));
#2673 = SURFACE_CURVE('',#2674,(#2679,#2690),.PCURVE_S1.);
#2674 = CIRCLE('',#2675,0.5);
#2675 = AXIS2_PLACEMENT_3D('',#2676,#2677,#2678);
#2676 = CARTESIAN_POINT('',(129.26,-111.48,0.));
#2677 = DIRECTION('',(0.,0.,1.));
#2678 = DIRECTION('',(1.,0.,-0.));
#2679 = PCURVE('',#144,#2680);
#2680 = DEFINITIONAL_REPRESENTATION('',(#2681),#2689);
#2681 = ( BOUNDED_CURVE() B_SPLINE_CURVE(2,(#2682,#2683,#2684,#2685,
#2686,#2687,#2688),.UNSPECIFIED.,.T.,.F.) B_SPLINE_CURVE_WITH_KNOTS((1,2
    ,2,2,2,1),(-2.094395102393,0.,2.094395102393,4.188790204786,
6.28318530718,8.377580409573),.UNSPECIFIED.) CURVE() 
GEOMETRIC_REPRESENTATION_ITEM() RATIONAL_B_SPLINE_CURVE((1.,0.5,1.,0.5,
1.,0.5,1.)) REPRESENTATION_ITEM('') );
#2682 = CARTESIAN_POINT('',(14.010843378838,-23.11382496402));
#2683 = CARTESIAN_POINT('',(14.010843378838,-22.24779956023));
#2684 = CARTESIAN_POINT('',(14.760843378838,-22.68081226212));
#2685 = CARTESIAN_POINT('',(15.510843378838,-23.11382496402));
#2686 = CARTESIAN_POINT('',(14.760843378838,-23.54683766591));
#2687 = CARTESIAN_POINT('',(14.010843378838,-23.9798503678));
#2688 = CARTESIAN_POINT('',(14.010843378838,-23.11382496402));
#2689 = ( GEOMETRIC_REPRESENTATION_CONTEXT(2) 
PARAMETRIC_REPRESENTATION_CONTEXT() REPRESENTATION_CONTEXT('2D SPACE',''
  ) );
#2690 = PCURVE('',#2691,#2696);
#2691 = CYLINDRICAL_SURFACE('',#2692,0.5);
#2692 = AXIS2_PLACEMENT_3D('',#2693,#2694,#2695);
#2693 = CARTESIAN_POINT('',(129.26,-111.48,-1.E-02));
#2694 = DIRECTION('',(0.,0.,1.));
#2695 = DIRECTION('',(1.,0.,-0.));
#2696 = DEFINITIONAL_REPRESENTATION('',(#2697),#2701);
#2697 = LINE('',#2698,#2699);
#2698 = CARTESIAN_POINT('',(0.,1.E-02));
#2699 = VECTOR('',#2700,1.);
#2700 = DIRECTION('',(1.,0.));
#2701 = ( GEOMETRIC_REPRESENTATION_CONTEXT(2) 
PARAMETRIC_REPRESENTATION_CONTEXT() REPRESENTATION_CONTEXT('2D SPACE',''
  ) );
#2702 = FACE_BOUND('',#2703,.T.);
#2703 = EDGE_LOOP('',(#2704));
#2704 = ORIENTED_EDGE('',*,*,#2705,.T.);
#2705 = EDGE_CURVE('',#2706,#2706,#2708,.T.);
#2706 = VERTEX_POINT('',#2707);
#2707 = CARTESIAN_POINT('',(127.22,-111.48,0.));
#2708 = SURFACE_CURVE('',#2709,(#2714,#2725),.PCURVE_S1.);
#2709 = CIRCLE('',#2710,0.5);
#2710 = AXIS2_PLACEMENT_3D('',#2711,#2712,#2713);
#2711 = CARTESIAN_POINT('',(126.72,-111.48,0.));
#2712 = DIRECTION('',(0.,0.,1.));
#2713 = DIRECTION('',(1.,0.,-0.));
#2714 = PCURVE('',#144,#2715);
#2715 = DEFINITIONAL_REPRESENTATION('',(#2716),#2724);
#2716 = ( BOUNDED_CURVE() B_SPLINE_CURVE(2,(#2717,#2718,#2719,#2720,
#2721,#2722,#2723),.UNSPECIFIED.,.T.,.F.) B_SPLINE_CURVE_WITH_KNOTS((1,2
    ,2,2,2,1),(-2.094395102393,0.,2.094395102393,4.188790204786,
6.28318530718,8.377580409573),.UNSPECIFIED.) CURVE() 
GEOMETRIC_REPRESENTATION_ITEM() RATIONAL_B_SPLINE_CURVE((1.,0.5,1.,0.5,
1.,0.5,1.)) REPRESENTATION_ITEM('') );
#2717 = CARTESIAN_POINT('',(16.550843378838,-23.11382496402));
#2718 = CARTESIAN_POINT('',(16.550843378838,-22.24779956023));
#2719 = CARTESIAN_POINT('',(17.300843378838,-22.68081226212));
#2720 = CARTESIAN_POINT('',(18.050843378838,-23.11382496402));
#2721 = CARTESIAN_POINT('',(17.300843378838,-23.54683766591));
#2722 = CARTESIAN_POINT('',(16.550843378838,-23.9798503678));
#2723 = CARTESIAN_POINT('',(16.550843378838,-23.11382496402));
#2724 = ( GEOMETRIC_REPRESENTATION_CONTEXT(2) 
PARAMETRIC_REPRESENTATION_CONTEXT() REPRESENTATION_CONTEXT('2D SPACE',''
  ) );
#2725 = PCURVE('',#2726,#2731);
#2726 = CYLINDRICAL_SURFACE('',#2727,0.5);
#2727 = AXIS2_PLACEMENT_3D('',#2728,#2729,#2730);
#2728 = CARTESIAN_POINT('',(126.72,-111.48,-1.E-02));
#2729 = DIRECTION('',(0.,0.,1.));
#2730 = DIRECTION('',(1.,0.,-0.));
#2731 = DEFINITIONAL_REPRESENTATION('',(#2732),#2736);
#2732 = LINE('',#2733,#2734);
#2733 = CARTESIAN_POINT('',(0.,1.E-02));
#2734 = VECTOR('',#2735,1.);
#2735 = DIRECTION('',(1.,0.));
#2736 = ( GEOMETRIC_REPRESENTATION_CONTEXT(2) 
PARAMETRIC_REPRESENTATION_CONTEXT() REPRESENTATION_CONTEXT('2D SPACE',''
  ) );
#2737 = FACE_BOUND('',#2738,.T.);
#2738 = EDGE_LOOP('',(#2739));
#2739 = ORIENTED_EDGE('',*,*,#2740,.T.);
#2740 = EDGE_CURVE('',#2741,#2741,#2743,.T.);
#2741 = VERTEX_POINT('',#2742);
#2742 = CARTESIAN_POINT('',(124.68,-114.04,0.));
#2743 = SURFACE_CURVE('',#2744,(#2749,#2760),.PCURVE_S1.);
#2744 = CIRCLE('',#2745,0.5);
#2745 = AXIS2_PLACEMENT_3D('',#2746,#2747,#2748);
#2746 = CARTESIAN_POINT('',(124.18,-114.04,0.));
#2747 = DIRECTION('',(0.,0.,1.));
#2748 = DIRECTION('',(1.,0.,-0.));
#2749 = PCURVE('',#144,#2750);
#2750 = DEFINITIONAL_REPRESENTATION('',(#2751),#2759);
#2751 = ( BOUNDED_CURVE() B_SPLINE_CURVE(2,(#2752,#2753,#2754,#2755,
#2756,#2757,#2758),.UNSPECIFIED.,.T.,.F.) B_SPLINE_CURVE_WITH_KNOTS((1,2
    ,2,2,2,1),(-2.094395102393,0.,2.094395102393,4.188790204786,
6.28318530718,8.377580409573),.UNSPECIFIED.) CURVE() 
GEOMETRIC_REPRESENTATION_ITEM() RATIONAL_B_SPLINE_CURVE((1.,0.5,1.,0.5,
1.,0.5,1.)) REPRESENTATION_ITEM('') );
#2752 = CARTESIAN_POINT('',(19.090843378838,-25.67382496402));
#2753 = CARTESIAN_POINT('',(19.090843378838,-24.80779956023));
#2754 = CARTESIAN_POINT('',(19.840843378838,-25.24081226212));
#2755 = CARTESIAN_POINT('',(20.590843378838,-25.67382496402));
#2756 = CARTESIAN_POINT('',(19.840843378838,-26.10683766591));
#2757 = CARTESIAN_POINT('',(19.090843378838,-26.5398503678));
#2758 = CARTESIAN_POINT('',(19.090843378838,-25.67382496402));
#2759 = ( GEOMETRIC_REPRESENTATION_CONTEXT(2) 
PARAMETRIC_REPRESENTATION_CONTEXT() REPRESENTATION_CONTEXT('2D SPACE',''
  ) );
#2760 = PCURVE('',#2761,#2766);
#2761 = CYLINDRICAL_SURFACE('',#2762,0.5);
#2762 = AXIS2_PLACEMENT_3D('',#2763,#2764,#2765);
#2763 = CARTESIAN_POINT('',(124.18,-114.04,-1.E-02));
#2764 = DIRECTION('',(0.,0.,1.));
#2765 = DIRECTION('',(1.,0.,-0.));
#2766 = DEFINITIONAL_REPRESENTATION('',(#2767),#2771);
#2767 = LINE('',#2768,#2769);
#2768 = CARTESIAN_POINT('',(0.,1.E-02));
#2769 = VECTOR('',#2770,1.);
#2770 = DIRECTION('',(1.,0.));
#2771 = ( GEOMETRIC_REPRESENTATION_CONTEXT(2) 
PARAMETRIC_REPRESENTATION_CONTEXT() REPRESENTATION_CONTEXT('2D SPACE',''
  ) );
#2772 = FACE_BOUND('',#2773,.T.);
#2773 = EDGE_LOOP('',(#2774));
#2774 = ORIENTED_EDGE('',*,*,#2775,.T.);
#2775 = EDGE_CURVE('',#2776,#2776,#2778,.T.);
#2776 = VERTEX_POINT('',#2777);
#2777 = CARTESIAN_POINT('',(122.14,-114.04,0.));
#2778 = SURFACE_CURVE('',#2779,(#2784,#2795),.PCURVE_S1.);
#2779 = CIRCLE('',#2780,0.5);
#2780 = AXIS2_PLACEMENT_3D('',#2781,#2782,#2783);
#2781 = CARTESIAN_POINT('',(121.64,-114.04,0.));
#2782 = DIRECTION('',(0.,0.,1.));
#2783 = DIRECTION('',(1.,0.,-0.));
#2784 = PCURVE('',#144,#2785);
#2785 = DEFINITIONAL_REPRESENTATION('',(#2786),#2794);
#2786 = ( BOUNDED_CURVE() B_SPLINE_CURVE(2,(#2787,#2788,#2789,#2790,
#2791,#2792,#2793),.UNSPECIFIED.,.T.,.F.) B_SPLINE_CURVE_WITH_KNOTS((1,2
    ,2,2,2,1),(-2.094395102393,0.,2.094395102393,4.188790204786,
6.28318530718,8.377580409573),.UNSPECIFIED.) CURVE() 
GEOMETRIC_REPRESENTATION_ITEM() RATIONAL_B_SPLINE_CURVE((1.,0.5,1.,0.5,
1.,0.5,1.)) REPRESENTATION_ITEM('') );
#2787 = CARTESIAN_POINT('',(21.630843378838,-25.67382496402));
#2788 = CARTESIAN_POINT('',(21.630843378838,-24.80779956023));
#2789 = CARTESIAN_POINT('',(22.380843378838,-25.24081226212));
#2790 = CARTESIAN_POINT('',(23.130843378838,-25.67382496402));
#2791 = CARTESIAN_POINT('',(22.380843378838,-26.10683766591));
#2792 = CARTESIAN_POINT('',(21.630843378838,-26.5398503678));
#2793 = CARTESIAN_POINT('',(21.630843378838,-25.67382496402));
#2794 = ( GEOMETRIC_REPRESENTATION_CONTEXT(2) 
PARAMETRIC_REPRESENTATION_CONTEXT() REPRESENTATION_CONTEXT('2D SPACE',''
  ) );
#2795 = PCURVE('',#2796,#2801);
#2796 = CYLINDRICAL_SURFACE('',#2797,0.5);
#2797 = AXIS2_PLACEMENT_3D('',#2798,#2799,#2800);
#2798 = CARTESIAN_POINT('',(121.64,-114.04,-1.E-02));
#2799 = DIRECTION('',(0.,0.,1.));
#2800 = DIRECTION('',(1.,0.,-0.));
#2801 = DEFINITIONAL_REPRESENTATION('',(#2802),#2806);
#2802 = LINE('',#2803,#2804);
#2803 = CARTESIAN_POINT('',(0.,1.E-02));
#2804 = VECTOR('',#2805,1.);
#2805 = DIRECTION('',(1.,0.));
#2806 = ( GEOMETRIC_REPRESENTATION_CONTEXT(2) 
PARAMETRIC_REPRESENTATION_CONTEXT() REPRESENTATION_CONTEXT('2D SPACE',''
  ) );
#2807 = FACE_BOUND('',#2808,.T.);
#2808 = EDGE_LOOP('',(#2809));
#2809 = ORIENTED_EDGE('',*,*,#2810,.T.);
#2810 = EDGE_CURVE('',#2811,#2811,#2813,.T.);
#2811 = VERTEX_POINT('',#2812);
#2812 = CARTESIAN_POINT('',(124.68,-111.48,0.));
#2813 = SURFACE_CURVE('',#2814,(#2819,#2830),.PCURVE_S1.);
#2814 = CIRCLE('',#2815,0.5);
#2815 = AXIS2_PLACEMENT_3D('',#2816,#2817,#2818);
#2816 = CARTESIAN_POINT('',(124.18,-111.48,0.));
#2817 = DIRECTION('',(0.,0.,1.));
#2818 = DIRECTION('',(1.,0.,-0.));
#2819 = PCURVE('',#144,#2820);
#2820 = DEFINITIONAL_REPRESENTATION('',(#2821),#2829);
#2821 = ( BOUNDED_CURVE() B_SPLINE_CURVE(2,(#2822,#2823,#2824,#2825,
#2826,#2827,#2828),.UNSPECIFIED.,.T.,.F.) B_SPLINE_CURVE_WITH_KNOTS((1,2
    ,2,2,2,1),(-2.094395102393,0.,2.094395102393,4.188790204786,
6.28318530718,8.377580409573),.UNSPECIFIED.) CURVE() 
GEOMETRIC_REPRESENTATION_ITEM() RATIONAL_B_SPLINE_CURVE((1.,0.5,1.,0.5,
1.,0.5,1.)) REPRESENTATION_ITEM('') );
#2822 = CARTESIAN_POINT('',(19.090843378838,-23.11382496402));
#2823 = CARTESIAN_POINT('',(19.090843378838,-22.24779956023));
#2824 = CARTESIAN_POINT('',(19.840843378838,-22.68081226212));
#2825 = CARTESIAN_POINT('',(20.590843378838,-23.11382496402));
#2826 = CARTESIAN_POINT('',(19.840843378838,-23.54683766591));
#2827 = CARTESIAN_POINT('',(19.090843378838,-23.9798503678));
#2828 = CARTESIAN_POINT('',(19.090843378838,-23.11382496402));
#2829 = ( GEOMETRIC_REPRESENTATION_CONTEXT(2) 
PARAMETRIC_REPRESENTATION_CONTEXT() REPRESENTATION_CONTEXT('2D SPACE',''
  ) );
#2830 = PCURVE('',#2831,#2836);
#2831 = CYLINDRICAL_SURFACE('',#2832,0.5);
#2832 = AXIS2_PLACEMENT_3D('',#2833,#2834,#2835);
#2833 = CARTESIAN_POINT('',(124.18,-111.48,-1.E-02));
#2834 = DIRECTION('',(0.,0.,1.));
#2835 = DIRECTION('',(1.,0.,-0.));
#2836 = DEFINITIONAL_REPRESENTATION('',(#2837),#2841);
#2837 = LINE('',#2838,#2839);
#2838 = CARTESIAN_POINT('',(0.,1.E-02));
#2839 = VECTOR('',#2840,1.);
#2840 = DIRECTION('',(1.,0.));
#2841 = ( GEOMETRIC_REPRESENTATION_CONTEXT(2) 
PARAMETRIC_REPRESENTATION_CONTEXT() REPRESENTATION_CONTEXT('2D SPACE',''
  ) );
#2842 = FACE_BOUND('',#2843,.T.);
#2843 = EDGE_LOOP('',(#2844));
#2844 = ORIENTED_EDGE('',*,*,#2845,.T.);
#2845 = EDGE_CURVE('',#2846,#2846,#2848,.T.);
#2846 = VERTEX_POINT('',#2847);
#2847 = CARTESIAN_POINT('',(122.14,-111.48,0.));
#2848 = SURFACE_CURVE('',#2849,(#2854,#2865),.PCURVE_S1.);
#2849 = CIRCLE('',#2850,0.5);
#2850 = AXIS2_PLACEMENT_3D('',#2851,#2852,#2853);
#2851 = CARTESIAN_POINT('',(121.64,-111.48,0.));
#2852 = DIRECTION('',(0.,0.,1.));
#2853 = DIRECTION('',(1.,0.,-0.));
#2854 = PCURVE('',#144,#2855);
#2855 = DEFINITIONAL_REPRESENTATION('',(#2856),#2864);
#2856 = ( BOUNDED_CURVE() B_SPLINE_CURVE(2,(#2857,#2858,#2859,#2860,
#2861,#2862,#2863),.UNSPECIFIED.,.T.,.F.) B_SPLINE_CURVE_WITH_KNOTS((1,2
    ,2,2,2,1),(-2.094395102393,0.,2.094395102393,4.188790204786,
6.28318530718,8.377580409573),.UNSPECIFIED.) CURVE() 
GEOMETRIC_REPRESENTATION_ITEM() RATIONAL_B_SPLINE_CURVE((1.,0.5,1.,0.5,
1.,0.5,1.)) REPRESENTATION_ITEM('') );
#2857 = CARTESIAN_POINT('',(21.630843378838,-23.11382496402));
#2858 = CARTESIAN_POINT('',(21.630843378838,-22.24779956023));
#2859 = CARTESIAN_POINT('',(22.380843378838,-22.68081226212));
#2860 = CARTESIAN_POINT('',(23.130843378838,-23.11382496402));
#2861 = CARTESIAN_POINT('',(22.380843378838,-23.54683766591));
#2862 = CARTESIAN_POINT('',(21.630843378838,-23.9798503678));
#2863 = CARTESIAN_POINT('',(21.630843378838,-23.11382496402));
#2864 = ( GEOMETRIC_REPRESENTATION_CONTEXT(2) 
PARAMETRIC_REPRESENTATION_CONTEXT() REPRESENTATION_CONTEXT('2D SPACE',''
  ) );
#2865 = PCURVE('',#2866,#2871);
#2866 = CYLINDRICAL_SURFACE('',#2867,0.5);
#2867 = AXIS2_PLACEMENT_3D('',#2868,#2869,#2870);
#2868 = CARTESIAN_POINT('',(121.64,-111.48,-1.E-02));
#2869 = DIRECTION('',(0.,0.,1.));
#2870 = DIRECTION('',(1.,0.,-0.));
#2871 = DEFINITIONAL_REPRESENTATION('',(#2872),#2876);
#2872 = LINE('',#2873,#2874);
#2873 = CARTESIAN_POINT('',(0.,1.E-02));
#2874 = VECTOR('',#2875,1.);
#2875 = DIRECTION('',(1.,0.));
#2876 = ( GEOMETRIC_REPRESENTATION_CONTEXT(2) 
PARAMETRIC_REPRESENTATION_CONTEXT() REPRESENTATION_CONTEXT('2D SPACE',''
  ) );
#2877 = FACE_BOUND('',#2878,.T.);
#2878 = EDGE_LOOP('',(#2879));
#2879 = ORIENTED_EDGE('',*,*,#2880,.T.);
#2880 = EDGE_CURVE('',#2881,#2881,#2883,.T.);
#2881 = VERTEX_POINT('',#2882);
#2882 = CARTESIAN_POINT('',(119.6,-119.16,0.));
#2883 = SURFACE_CURVE('',#2884,(#2889,#2900),.PCURVE_S1.);
#2884 = CIRCLE('',#2885,0.5);
#2885 = AXIS2_PLACEMENT_3D('',#2886,#2887,#2888);
#2886 = CARTESIAN_POINT('',(119.1,-119.16,0.));
#2887 = DIRECTION('',(0.,0.,1.));
#2888 = DIRECTION('',(1.,0.,-0.));
#2889 = PCURVE('',#144,#2890);
#2890 = DEFINITIONAL_REPRESENTATION('',(#2891),#2899);
#2891 = ( BOUNDED_CURVE() B_SPLINE_CURVE(2,(#2892,#2893,#2894,#2895,
#2896,#2897,#2898),.UNSPECIFIED.,.T.,.F.) B_SPLINE_CURVE_WITH_KNOTS((1,2
    ,2,2,2,1),(-2.094395102393,0.,2.094395102393,4.188790204786,
6.28318530718,8.377580409573),.UNSPECIFIED.) CURVE() 
GEOMETRIC_REPRESENTATION_ITEM() RATIONAL_B_SPLINE_CURVE((1.,0.5,1.,0.5,
1.,0.5,1.)) REPRESENTATION_ITEM('') );
#2892 = CARTESIAN_POINT('',(24.170843378838,-30.79382496402));
#2893 = CARTESIAN_POINT('',(24.170843378838,-29.92779956023));
#2894 = CARTESIAN_POINT('',(24.920843378838,-30.36081226212));
#2895 = CARTESIAN_POINT('',(25.670843378838,-30.79382496402));
#2896 = CARTESIAN_POINT('',(24.920843378838,-31.22683766591));
#2897 = CARTESIAN_POINT('',(24.170843378838,-31.6598503678));
#2898 = CARTESIAN_POINT('',(24.170843378838,-30.79382496402));
#2899 = ( GEOMETRIC_REPRESENTATION_CONTEXT(2) 
PARAMETRIC_REPRESENTATION_CONTEXT() REPRESENTATION_CONTEXT('2D SPACE',''
  ) );
#2900 = PCURVE('',#2901,#2906);
#2901 = CYLINDRICAL_SURFACE('',#2902,0.5);
#2902 = AXIS2_PLACEMENT_3D('',#2903,#2904,#2905);
#2903 = CARTESIAN_POINT('',(119.1,-119.16,-1.E-02));
#2904 = DIRECTION('',(0.,0.,1.));
#2905 = DIRECTION('',(1.,0.,-0.));
#2906 = DEFINITIONAL_REPRESENTATION('',(#2907),#2911);
#2907 = LINE('',#2908,#2909);
#2908 = CARTESIAN_POINT('',(0.,1.E-02));
#2909 = VECTOR('',#2910,1.);
#2910 = DIRECTION('',(1.,0.));
#2911 = ( GEOMETRIC_REPRESENTATION_CONTEXT(2) 
PARAMETRIC_REPRESENTATION_CONTEXT() REPRESENTATION_CONTEXT('2D SPACE',''
  ) );
#2912 = FACE_BOUND('',#2913,.T.);
#2913 = EDGE_LOOP('',(#2914));
#2914 = ORIENTED_EDGE('',*,*,#2915,.T.);
#2915 = EDGE_CURVE('',#2916,#2916,#2918,.T.);
#2916 = VERTEX_POINT('',#2917);
#2917 = CARTESIAN_POINT('',(117.06,-119.16,0.));
#2918 = SURFACE_CURVE('',#2919,(#2924,#2935),.PCURVE_S1.);
#2919 = CIRCLE('',#2920,0.5);
#2920 = AXIS2_PLACEMENT_3D('',#2921,#2922,#2923);
#2921 = CARTESIAN_POINT('',(116.56,-119.16,0.));
#2922 = DIRECTION('',(0.,0.,1.));
#2923 = DIRECTION('',(1.,0.,-0.));
#2924 = PCURVE('',#144,#2925);
#2925 = DEFINITIONAL_REPRESENTATION('',(#2926),#2934);
#2926 = ( BOUNDED_CURVE() B_SPLINE_CURVE(2,(#2927,#2928,#2929,#2930,
#2931,#2932,#2933),.UNSPECIFIED.,.T.,.F.) B_SPLINE_CURVE_WITH_KNOTS((1,2
    ,2,2,2,1),(-2.094395102393,0.,2.094395102393,4.188790204786,
6.28318530718,8.377580409573),.UNSPECIFIED.) CURVE() 
GEOMETRIC_REPRESENTATION_ITEM() RATIONAL_B_SPLINE_CURVE((1.,0.5,1.,0.5,
1.,0.5,1.)) REPRESENTATION_ITEM('') );
#2927 = CARTESIAN_POINT('',(26.710843378838,-30.79382496402));
#2928 = CARTESIAN_POINT('',(26.710843378838,-29.92779956023));
#2929 = CARTESIAN_POINT('',(27.460843378838,-30.36081226212));
#2930 = CARTESIAN_POINT('',(28.210843378838,-30.79382496402));
#2931 = CARTESIAN_POINT('',(27.460843378838,-31.22683766591));
#2932 = CARTESIAN_POINT('',(26.710843378838,-31.6598503678));
#2933 = CARTESIAN_POINT('',(26.710843378838,-30.79382496402));
#2934 = ( GEOMETRIC_REPRESENTATION_CONTEXT(2) 
PARAMETRIC_REPRESENTATION_CONTEXT() REPRESENTATION_CONTEXT('2D SPACE',''
  ) );
#2935 = PCURVE('',#2936,#2941);
#2936 = CYLINDRICAL_SURFACE('',#2937,0.5);
#2937 = AXIS2_PLACEMENT_3D('',#2938,#2939,#2940);
#2938 = CARTESIAN_POINT('',(116.56,-119.16,-1.E-02));
#2939 = DIRECTION('',(0.,0.,1.));
#2940 = DIRECTION('',(1.,0.,-0.));
#2941 = DEFINITIONAL_REPRESENTATION('',(#2942),#2946);
#2942 = LINE('',#2943,#2944);
#2943 = CARTESIAN_POINT('',(0.,1.E-02));
#2944 = VECTOR('',#2945,1.);
#2945 = DIRECTION('',(1.,0.));
#2946 = ( GEOMETRIC_REPRESENTATION_CONTEXT(2) 
PARAMETRIC_REPRESENTATION_CONTEXT() REPRESENTATION_CONTEXT('2D SPACE',''
  ) );
#2947 = FACE_BOUND('',#2948,.T.);
#2948 = EDGE_LOOP('',(#2949));
#2949 = ORIENTED_EDGE('',*,*,#2950,.T.);
#2950 = EDGE_CURVE('',#2951,#2951,#2953,.T.);
#2951 = VERTEX_POINT('',#2952);
#2952 = CARTESIAN_POINT('',(119.6,-116.6,0.));
#2953 = SURFACE_CURVE('',#2954,(#2959,#2970),.PCURVE_S1.);
#2954 = CIRCLE('',#2955,0.5);
#2955 = AXIS2_PLACEMENT_3D('',#2956,#2957,#2958);
#2956 = CARTESIAN_POINT('',(119.1,-116.6,0.));
#2957 = DIRECTION('',(0.,0.,1.));
#2958 = DIRECTION('',(1.,0.,-0.));
#2959 = PCURVE('',#144,#2960);
#2960 = DEFINITIONAL_REPRESENTATION('',(#2961),#2969);
#2961 = ( BOUNDED_CURVE() B_SPLINE_CURVE(2,(#2962,#2963,#2964,#2965,
#2966,#2967,#2968),.UNSPECIFIED.,.T.,.F.) B_SPLINE_CURVE_WITH_KNOTS((1,2
    ,2,2,2,1),(-2.094395102393,0.,2.094395102393,4.188790204786,
6.28318530718,8.377580409573),.UNSPECIFIED.) CURVE() 
GEOMETRIC_REPRESENTATION_ITEM() RATIONAL_B_SPLINE_CURVE((1.,0.5,1.,0.5,
1.,0.5,1.)) REPRESENTATION_ITEM('') );
#2962 = CARTESIAN_POINT('',(24.170843378838,-28.23382496402));
#2963 = CARTESIAN_POINT('',(24.170843378838,-27.36779956023));
#2964 = CARTESIAN_POINT('',(24.920843378838,-27.80081226212));
#2965 = CARTESIAN_POINT('',(25.670843378838,-28.23382496402));
#2966 = CARTESIAN_POINT('',(24.920843378838,-28.66683766591));
#2967 = CARTESIAN_POINT('',(24.170843378838,-29.0998503678));
#2968 = CARTESIAN_POINT('',(24.170843378838,-28.23382496402));
#2969 = ( GEOMETRIC_REPRESENTATION_CONTEXT(2) 
PARAMETRIC_REPRESENTATION_CONTEXT() REPRESENTATION_CONTEXT('2D SPACE',''
  ) );
#2970 = PCURVE('',#2971,#2976);
#2971 = CYLINDRICAL_SURFACE('',#2972,0.5);
#2972 = AXIS2_PLACEMENT_3D('',#2973,#2974,#2975);
#2973 = CARTESIAN_POINT('',(119.1,-116.6,-1.E-02));
#2974 = DIRECTION('',(0.,0.,1.));
#2975 = DIRECTION('',(1.,0.,-0.));
#2976 = DEFINITIONAL_REPRESENTATION('',(#2977),#2981);
#2977 = LINE('',#2978,#2979);
#2978 = CARTESIAN_POINT('',(0.,1.E-02));
#2979 = VECTOR('',#2980,1.);
#2980 = DIRECTION('',(1.,0.));
#2981 = ( GEOMETRIC_REPRESENTATION_CONTEXT(2) 
PARAMETRIC_REPRESENTATION_CONTEXT() REPRESENTATION_CONTEXT('2D SPACE',''
  ) );
#2982 = FACE_BOUND('',#2983,.T.);
#2983 = EDGE_LOOP('',(#2984));
#2984 = ORIENTED_EDGE('',*,*,#2985,.T.);
#2985 = EDGE_CURVE('',#2986,#2986,#2988,.T.);
#2986 = VERTEX_POINT('',#2987);
#2987 = CARTESIAN_POINT('',(117.06,-116.6,0.));
#2988 = SURFACE_CURVE('',#2989,(#2994,#3005),.PCURVE_S1.);
#2989 = CIRCLE('',#2990,0.5);
#2990 = AXIS2_PLACEMENT_3D('',#2991,#2992,#2993);
#2991 = CARTESIAN_POINT('',(116.56,-116.6,0.));
#2992 = DIRECTION('',(0.,0.,1.));
#2993 = DIRECTION('',(1.,0.,-0.));
#2994 = PCURVE('',#144,#2995);
#2995 = DEFINITIONAL_REPRESENTATION('',(#2996),#3004);
#2996 = ( BOUNDED_CURVE() B_SPLINE_CURVE(2,(#2997,#2998,#2999,#3000,
#3001,#3002,#3003),.UNSPECIFIED.,.T.,.F.) B_SPLINE_CURVE_WITH_KNOTS((1,2
    ,2,2,2,1),(-2.094395102393,0.,2.094395102393,4.188790204786,
6.28318530718,8.377580409573),.UNSPECIFIED.) CURVE() 
GEOMETRIC_REPRESENTATION_ITEM() RATIONAL_B_SPLINE_CURVE((1.,0.5,1.,0.5,
1.,0.5,1.)) REPRESENTATION_ITEM('') );
#2997 = CARTESIAN_POINT('',(26.710843378838,-28.23382496402));
#2998 = CARTESIAN_POINT('',(26.710843378838,-27.36779956023));
#2999 = CARTESIAN_POINT('',(27.460843378838,-27.80081226212));
#3000 = CARTESIAN_POINT('',(28.210843378838,-28.23382496402));
#3001 = CARTESIAN_POINT('',(27.460843378838,-28.66683766591));
#3002 = CARTESIAN_POINT('',(26.710843378838,-29.0998503678));
#3003 = CARTESIAN_POINT('',(26.710843378838,-28.23382496402));
#3004 = ( GEOMETRIC_REPRESENTATION_CONTEXT(2) 
PARAMETRIC_REPRESENTATION_CONTEXT() REPRESENTATION_CONTEXT('2D SPACE',''
  ) );
#3005 = PCURVE('',#3006,#3011);
#3006 = CYLINDRICAL_SURFACE('',#3007,0.5);
#3007 = AXIS2_PLACEMENT_3D('',#3008,#3009,#3010);
#3008 = CARTESIAN_POINT('',(116.56,-116.6,-1.E-02));
#3009 = DIRECTION('',(0.,0.,1.));
#3010 = DIRECTION('',(1.,0.,-0.));
#3011 = DEFINITIONAL_REPRESENTATION('',(#3012),#3016);
#3012 = LINE('',#3013,#3014);
#3013 = CARTESIAN_POINT('',(0.,1.E-02));
#3014 = VECTOR('',#3015,1.);
#3015 = DIRECTION('',(1.,0.));
#3016 = ( GEOMETRIC_REPRESENTATION_CONTEXT(2) 
PARAMETRIC_REPRESENTATION_CONTEXT() REPRESENTATION_CONTEXT('2D SPACE',''
  ) );
#3017 = FACE_BOUND('',#3018,.T.);
#3018 = EDGE_LOOP('',(#3019));
#3019 = ORIENTED_EDGE('',*,*,#3020,.T.);
#3020 = EDGE_CURVE('',#3021,#3021,#3023,.T.);
#3021 = VERTEX_POINT('',#3022);
#3022 = CARTESIAN_POINT('',(113.25,-119.16,0.));
#3023 = SURFACE_CURVE('',#3024,(#3029,#3040),.PCURVE_S1.);
#3024 = CIRCLE('',#3025,0.5);
#3025 = AXIS2_PLACEMENT_3D('',#3026,#3027,#3028);
#3026 = CARTESIAN_POINT('',(112.75,-119.16,0.));
#3027 = DIRECTION('',(0.,0.,1.));
#3028 = DIRECTION('',(1.,0.,-0.));
#3029 = PCURVE('',#144,#3030);
#3030 = DEFINITIONAL_REPRESENTATION('',(#3031),#3039);
#3031 = ( BOUNDED_CURVE() B_SPLINE_CURVE(2,(#3032,#3033,#3034,#3035,
#3036,#3037,#3038),.UNSPECIFIED.,.T.,.F.) B_SPLINE_CURVE_WITH_KNOTS((1,2
    ,2,2,2,1),(-2.094395102393,0.,2.094395102393,4.188790204786,
6.28318530718,8.377580409573),.UNSPECIFIED.) CURVE() 
GEOMETRIC_REPRESENTATION_ITEM() RATIONAL_B_SPLINE_CURVE((1.,0.5,1.,0.5,
1.,0.5,1.)) REPRESENTATION_ITEM('') );
#3032 = CARTESIAN_POINT('',(30.520843378838,-30.79382496402));
#3033 = CARTESIAN_POINT('',(30.520843378838,-29.92779956023));
#3034 = CARTESIAN_POINT('',(31.270843378838,-30.36081226212));
#3035 = CARTESIAN_POINT('',(32.020843378838,-30.79382496402));
#3036 = CARTESIAN_POINT('',(31.270843378838,-31.22683766591));
#3037 = CARTESIAN_POINT('',(30.520843378838,-31.6598503678));
#3038 = CARTESIAN_POINT('',(30.520843378838,-30.79382496402));
#3039 = ( GEOMETRIC_REPRESENTATION_CONTEXT(2) 
PARAMETRIC_REPRESENTATION_CONTEXT() REPRESENTATION_CONTEXT('2D SPACE',''
  ) );
#3040 = PCURVE('',#3041,#3046);
#3041 = CYLINDRICAL_SURFACE('',#3042,0.5);
#3042 = AXIS2_PLACEMENT_3D('',#3043,#3044,#3045);
#3043 = CARTESIAN_POINT('',(112.75,-119.16,-1.E-02));
#3044 = DIRECTION('',(0.,0.,1.));
#3045 = DIRECTION('',(1.,0.,-0.));
#3046 = DEFINITIONAL_REPRESENTATION('',(#3047),#3051);
#3047 = LINE('',#3048,#3049);
#3048 = CARTESIAN_POINT('',(0.,1.E-02));
#3049 = VECTOR('',#3050,1.);
#3050 = DIRECTION('',(1.,0.));
#3051 = ( GEOMETRIC_REPRESENTATION_CONTEXT(2) 
PARAMETRIC_REPRESENTATION_CONTEXT() REPRESENTATION_CONTEXT('2D SPACE',''
  ) );
#3052 = FACE_BOUND('',#3053,.T.);
#3053 = EDGE_LOOP('',(#3054));
#3054 = ORIENTED_EDGE('',*,*,#3055,.T.);
#3055 = EDGE_CURVE('',#3056,#3056,#3058,.T.);
#3056 = VERTEX_POINT('',#3057);
#3057 = CARTESIAN_POINT('',(110.71,-119.16,0.));
#3058 = SURFACE_CURVE('',#3059,(#3064,#3075),.PCURVE_S1.);
#3059 = CIRCLE('',#3060,0.5);
#3060 = AXIS2_PLACEMENT_3D('',#3061,#3062,#3063);
#3061 = CARTESIAN_POINT('',(110.21,-119.16,0.));
#3062 = DIRECTION('',(0.,0.,1.));
#3063 = DIRECTION('',(1.,0.,-0.));
#3064 = PCURVE('',#144,#3065);
#3065 = DEFINITIONAL_REPRESENTATION('',(#3066),#3074);
#3066 = ( BOUNDED_CURVE() B_SPLINE_CURVE(2,(#3067,#3068,#3069,#3070,
#3071,#3072,#3073),.UNSPECIFIED.,.T.,.F.) B_SPLINE_CURVE_WITH_KNOTS((1,2
    ,2,2,2,1),(-2.094395102393,0.,2.094395102393,4.188790204786,
6.28318530718,8.377580409573),.UNSPECIFIED.) CURVE() 
GEOMETRIC_REPRESENTATION_ITEM() RATIONAL_B_SPLINE_CURVE((1.,0.5,1.,0.5,
1.,0.5,1.)) REPRESENTATION_ITEM('') );
#3067 = CARTESIAN_POINT('',(33.060843378838,-30.79382496402));
#3068 = CARTESIAN_POINT('',(33.060843378838,-29.92779956023));
#3069 = CARTESIAN_POINT('',(33.810843378838,-30.36081226212));
#3070 = CARTESIAN_POINT('',(34.560843378838,-30.79382496402));
#3071 = CARTESIAN_POINT('',(33.810843378838,-31.22683766591));
#3072 = CARTESIAN_POINT('',(33.060843378838,-31.6598503678));
#3073 = CARTESIAN_POINT('',(33.060843378838,-30.79382496402));
#3074 = ( GEOMETRIC_REPRESENTATION_CONTEXT(2) 
PARAMETRIC_REPRESENTATION_CONTEXT() REPRESENTATION_CONTEXT('2D SPACE',''
  ) );
#3075 = PCURVE('',#3076,#3081);
#3076 = CYLINDRICAL_SURFACE('',#3077,0.5);
#3077 = AXIS2_PLACEMENT_3D('',#3078,#3079,#3080);
#3078 = CARTESIAN_POINT('',(110.21,-119.16,-1.E-02));
#3079 = DIRECTION('',(0.,0.,1.));
#3080 = DIRECTION('',(1.,0.,-0.));
#3081 = DEFINITIONAL_REPRESENTATION('',(#3082),#3086);
#3082 = LINE('',#3083,#3084);
#3083 = CARTESIAN_POINT('',(0.,1.E-02));
#3084 = VECTOR('',#3085,1.);
#3085 = DIRECTION('',(1.,0.));
#3086 = ( GEOMETRIC_REPRESENTATION_CONTEXT(2) 
PARAMETRIC_REPRESENTATION_CONTEXT() REPRESENTATION_CONTEXT('2D SPACE',''
  ) );
#3087 = FACE_BOUND('',#3088,.T.);
#3088 = EDGE_LOOP('',(#3089));
#3089 = ORIENTED_EDGE('',*,*,#3090,.T.);
#3090 = EDGE_CURVE('',#3091,#3091,#3093,.T.);
#3091 = VERTEX_POINT('',#3092);
#3092 = CARTESIAN_POINT('',(113.25,-116.6,0.));
#3093 = SURFACE_CURVE('',#3094,(#3099,#3110),.PCURVE_S1.);
#3094 = CIRCLE('',#3095,0.5);
#3095 = AXIS2_PLACEMENT_3D('',#3096,#3097,#3098);
#3096 = CARTESIAN_POINT('',(112.75,-116.6,0.));
#3097 = DIRECTION('',(0.,0.,1.));
#3098 = DIRECTION('',(1.,0.,-0.));
#3099 = PCURVE('',#144,#3100);
#3100 = DEFINITIONAL_REPRESENTATION('',(#3101),#3109);
#3101 = ( BOUNDED_CURVE() B_SPLINE_CURVE(2,(#3102,#3103,#3104,#3105,
#3106,#3107,#3108),.UNSPECIFIED.,.T.,.F.) B_SPLINE_CURVE_WITH_KNOTS((1,2
    ,2,2,2,1),(-2.094395102393,0.,2.094395102393,4.188790204786,
6.28318530718,8.377580409573),.UNSPECIFIED.) CURVE() 
GEOMETRIC_REPRESENTATION_ITEM() RATIONAL_B_SPLINE_CURVE((1.,0.5,1.,0.5,
1.,0.5,1.)) REPRESENTATION_ITEM('') );
#3102 = CARTESIAN_POINT('',(30.520843378838,-28.23382496402));
#3103 = CARTESIAN_POINT('',(30.520843378838,-27.36779956023));
#3104 = CARTESIAN_POINT('',(31.270843378838,-27.80081226212));
#3105 = CARTESIAN_POINT('',(32.020843378838,-28.23382496402));
#3106 = CARTESIAN_POINT('',(31.270843378838,-28.66683766591));
#3107 = CARTESIAN_POINT('',(30.520843378838,-29.0998503678));
#3108 = CARTESIAN_POINT('',(30.520843378838,-28.23382496402));
#3109 = ( GEOMETRIC_REPRESENTATION_CONTEXT(2) 
PARAMETRIC_REPRESENTATION_CONTEXT() REPRESENTATION_CONTEXT('2D SPACE',''
  ) );
#3110 = PCURVE('',#3111,#3116);
#3111 = CYLINDRICAL_SURFACE('',#3112,0.5);
#3112 = AXIS2_PLACEMENT_3D('',#3113,#3114,#3115);
#3113 = CARTESIAN_POINT('',(112.75,-116.6,-1.E-02));
#3114 = DIRECTION('',(0.,0.,1.));
#3115 = DIRECTION('',(1.,0.,-0.));
#3116 = DEFINITIONAL_REPRESENTATION('',(#3117),#3121);
#3117 = LINE('',#3118,#3119);
#3118 = CARTESIAN_POINT('',(0.,1.E-02));
#3119 = VECTOR('',#3120,1.);
#3120 = DIRECTION('',(1.,0.));
#3121 = ( GEOMETRIC_REPRESENTATION_CONTEXT(2) 
PARAMETRIC_REPRESENTATION_CONTEXT() REPRESENTATION_CONTEXT('2D SPACE',''
  ) );
#3122 = FACE_BOUND('',#3123,.T.);
#3123 = EDGE_LOOP('',(#3124));
#3124 = ORIENTED_EDGE('',*,*,#3125,.T.);
#3125 = EDGE_CURVE('',#3126,#3126,#3128,.T.);
#3126 = VERTEX_POINT('',#3127);
#3127 = CARTESIAN_POINT('',(110.71,-116.6,0.));
#3128 = SURFACE_CURVE('',#3129,(#3134,#3145),.PCURVE_S1.);
#3129 = CIRCLE('',#3130,0.5);
#3130 = AXIS2_PLACEMENT_3D('',#3131,#3132,#3133);
#3131 = CARTESIAN_POINT('',(110.21,-116.6,0.));
#3132 = DIRECTION('',(0.,0.,1.));
#3133 = DIRECTION('',(1.,0.,-0.));
#3134 = PCURVE('',#144,#3135);
#3135 = DEFINITIONAL_REPRESENTATION('',(#3136),#3144);
#3136 = ( BOUNDED_CURVE() B_SPLINE_CURVE(2,(#3137,#3138,#3139,#3140,
#3141,#3142,#3143),.UNSPECIFIED.,.T.,.F.) B_SPLINE_CURVE_WITH_KNOTS((1,2
    ,2,2,2,1),(-2.094395102393,0.,2.094395102393,4.188790204786,
6.28318530718,8.377580409573),.UNSPECIFIED.) CURVE() 
GEOMETRIC_REPRESENTATION_ITEM() RATIONAL_B_SPLINE_CURVE((1.,0.5,1.,0.5,
1.,0.5,1.)) REPRESENTATION_ITEM('') );
#3137 = CARTESIAN_POINT('',(33.060843378838,-28.23382496402));
#3138 = CARTESIAN_POINT('',(33.060843378838,-27.36779956023));
#3139 = CARTESIAN_POINT('',(33.810843378838,-27.80081226212));
#3140 = CARTESIAN_POINT('',(34.560843378838,-28.23382496402));
#3141 = CARTESIAN_POINT('',(33.810843378838,-28.66683766591));
#3142 = CARTESIAN_POINT('',(33.060843378838,-29.0998503678));
#3143 = CARTESIAN_POINT('',(33.060843378838,-28.23382496402));
#3144 = ( GEOMETRIC_REPRESENTATION_CONTEXT(2) 
PARAMETRIC_REPRESENTATION_CONTEXT() REPRESENTATION_CONTEXT('2D SPACE',''
  ) );
#3145 = PCURVE('',#3146,#3151);
#3146 = CYLINDRICAL_SURFACE('',#3147,0.5);
#3147 = AXIS2_PLACEMENT_3D('',#3148,#3149,#3150);
#3148 = CARTESIAN_POINT('',(110.21,-116.6,-1.E-02));
#3149 = DIRECTION('',(0.,0.,1.));
#3150 = DIRECTION('',(1.,0.,-0.));
#3151 = DEFINITIONAL_REPRESENTATION('',(#3152),#3156);
#3152 = LINE('',#3153,#3154);
#3153 = CARTESIAN_POINT('',(0.,1.E-02));
#3154 = VECTOR('',#3155,1.);
#3155 = DIRECTION('',(1.,0.));
#3156 = ( GEOMETRIC_REPRESENTATION_CONTEXT(2) 
PARAMETRIC_REPRESENTATION_CONTEXT() REPRESENTATION_CONTEXT('2D SPACE',''
  ) );
#3157 = FACE_BOUND('',#3158,.T.);
#3158 = EDGE_LOOP('',(#3159));
#3159 = ORIENTED_EDGE('',*,*,#3160,.T.);
#3160 = EDGE_CURVE('',#3161,#3161,#3163,.T.);
#3161 = VERTEX_POINT('',#3162);
#3162 = CARTESIAN_POINT('',(119.6,-114.04,0.));
#3163 = SURFACE_CURVE('',#3164,(#3169,#3180),.PCURVE_S1.);
#3164 = CIRCLE('',#3165,0.5);
#3165 = AXIS2_PLACEMENT_3D('',#3166,#3167,#3168);
#3166 = CARTESIAN_POINT('',(119.1,-114.04,0.));
#3167 = DIRECTION('',(0.,0.,1.));
#3168 = DIRECTION('',(1.,0.,-0.));
#3169 = PCURVE('',#144,#3170);
#3170 = DEFINITIONAL_REPRESENTATION('',(#3171),#3179);
#3171 = ( BOUNDED_CURVE() B_SPLINE_CURVE(2,(#3172,#3173,#3174,#3175,
#3176,#3177,#3178),.UNSPECIFIED.,.T.,.F.) B_SPLINE_CURVE_WITH_KNOTS((1,2
    ,2,2,2,1),(-2.094395102393,0.,2.094395102393,4.188790204786,
6.28318530718,8.377580409573),.UNSPECIFIED.) CURVE() 
GEOMETRIC_REPRESENTATION_ITEM() RATIONAL_B_SPLINE_CURVE((1.,0.5,1.,0.5,
1.,0.5,1.)) REPRESENTATION_ITEM('') );
#3172 = CARTESIAN_POINT('',(24.170843378838,-25.67382496402));
#3173 = CARTESIAN_POINT('',(24.170843378838,-24.80779956023));
#3174 = CARTESIAN_POINT('',(24.920843378838,-25.24081226212));
#3175 = CARTESIAN_POINT('',(25.670843378838,-25.67382496402));
#3176 = CARTESIAN_POINT('',(24.920843378838,-26.10683766591));
#3177 = CARTESIAN_POINT('',(24.170843378838,-26.5398503678));
#3178 = CARTESIAN_POINT('',(24.170843378838,-25.67382496402));
#3179 = ( GEOMETRIC_REPRESENTATION_CONTEXT(2) 
PARAMETRIC_REPRESENTATION_CONTEXT() REPRESENTATION_CONTEXT('2D SPACE',''
  ) );
#3180 = PCURVE('',#3181,#3186);
#3181 = CYLINDRICAL_SURFACE('',#3182,0.5);
#3182 = AXIS2_PLACEMENT_3D('',#3183,#3184,#3185);
#3183 = CARTESIAN_POINT('',(119.1,-114.04,-1.E-02));
#3184 = DIRECTION('',(0.,0.,1.));
#3185 = DIRECTION('',(1.,0.,-0.));
#3186 = DEFINITIONAL_REPRESENTATION('',(#3187),#3191);
#3187 = LINE('',#3188,#3189);
#3188 = CARTESIAN_POINT('',(0.,1.E-02));
#3189 = VECTOR('',#3190,1.);
#3190 = DIRECTION('',(1.,0.));
#3191 = ( GEOMETRIC_REPRESENTATION_CONTEXT(2) 
PARAMETRIC_REPRESENTATION_CONTEXT() REPRESENTATION_CONTEXT('2D SPACE',''
  ) );
#3192 = FACE_BOUND('',#3193,.T.);
#3193 = EDGE_LOOP('',(#3194));
#3194 = ORIENTED_EDGE('',*,*,#3195,.T.);
#3195 = EDGE_CURVE('',#3196,#3196,#3198,.T.);
#3196 = VERTEX_POINT('',#3197);
#3197 = CARTESIAN_POINT('',(117.06,-114.04,0.));
#3198 = SURFACE_CURVE('',#3199,(#3204,#3215),.PCURVE_S1.);
#3199 = CIRCLE('',#3200,0.5);
#3200 = AXIS2_PLACEMENT_3D('',#3201,#3202,#3203);
#3201 = CARTESIAN_POINT('',(116.56,-114.04,0.));
#3202 = DIRECTION('',(0.,0.,1.));
#3203 = DIRECTION('',(1.,0.,-0.));
#3204 = PCURVE('',#144,#3205);
#3205 = DEFINITIONAL_REPRESENTATION('',(#3206),#3214);
#3206 = ( BOUNDED_CURVE() B_SPLINE_CURVE(2,(#3207,#3208,#3209,#3210,
#3211,#3212,#3213),.UNSPECIFIED.,.T.,.F.) B_SPLINE_CURVE_WITH_KNOTS((1,2
    ,2,2,2,1),(-2.094395102393,0.,2.094395102393,4.188790204786,
6.28318530718,8.377580409573),.UNSPECIFIED.) CURVE() 
GEOMETRIC_REPRESENTATION_ITEM() RATIONAL_B_SPLINE_CURVE((1.,0.5,1.,0.5,
1.,0.5,1.)) REPRESENTATION_ITEM('') );
#3207 = CARTESIAN_POINT('',(26.710843378838,-25.67382496402));
#3208 = CARTESIAN_POINT('',(26.710843378838,-24.80779956023));
#3209 = CARTESIAN_POINT('',(27.460843378838,-25.24081226212));
#3210 = CARTESIAN_POINT('',(28.210843378838,-25.67382496402));
#3211 = CARTESIAN_POINT('',(27.460843378838,-26.10683766591));
#3212 = CARTESIAN_POINT('',(26.710843378838,-26.5398503678));
#3213 = CARTESIAN_POINT('',(26.710843378838,-25.67382496402));
#3214 = ( GEOMETRIC_REPRESENTATION_CONTEXT(2) 
PARAMETRIC_REPRESENTATION_CONTEXT() REPRESENTATION_CONTEXT('2D SPACE',''
  ) );
#3215 = PCURVE('',#3216,#3221);
#3216 = CYLINDRICAL_SURFACE('',#3217,0.5);
#3217 = AXIS2_PLACEMENT_3D('',#3218,#3219,#3220);
#3218 = CARTESIAN_POINT('',(116.56,-114.04,-1.E-02));
#3219 = DIRECTION('',(0.,0.,1.));
#3220 = DIRECTION('',(1.,0.,-0.));
#3221 = DEFINITIONAL_REPRESENTATION('',(#3222),#3226);
#3222 = LINE('',#3223,#3224);
#3223 = CARTESIAN_POINT('',(0.,1.E-02));
#3224 = VECTOR('',#3225,1.);
#3225 = DIRECTION('',(1.,0.));
#3226 = ( GEOMETRIC_REPRESENTATION_CONTEXT(2) 
PARAMETRIC_REPRESENTATION_CONTEXT() REPRESENTATION_CONTEXT('2D SPACE',''
  ) );
#3227 = FACE_BOUND('',#3228,.T.);
#3228 = EDGE_LOOP('',(#3229));
#3229 = ORIENTED_EDGE('',*,*,#3230,.T.);
#3230 = EDGE_CURVE('',#3231,#3231,#3233,.T.);
#3231 = VERTEX_POINT('',#3232);
#3232 = CARTESIAN_POINT('',(119.6,-111.48,0.));
#3233 = SURFACE_CURVE('',#3234,(#3239,#3250),.PCURVE_S1.);
#3234 = CIRCLE('',#3235,0.5);
#3235 = AXIS2_PLACEMENT_3D('',#3236,#3237,#3238);
#3236 = CARTESIAN_POINT('',(119.1,-111.48,0.));
#3237 = DIRECTION('',(0.,0.,1.));
#3238 = DIRECTION('',(1.,0.,-0.));
#3239 = PCURVE('',#144,#3240);
#3240 = DEFINITIONAL_REPRESENTATION('',(#3241),#3249);
#3241 = ( BOUNDED_CURVE() B_SPLINE_CURVE(2,(#3242,#3243,#3244,#3245,
#3246,#3247,#3248),.UNSPECIFIED.,.T.,.F.) B_SPLINE_CURVE_WITH_KNOTS((1,2
    ,2,2,2,1),(-2.094395102393,0.,2.094395102393,4.188790204786,
6.28318530718,8.377580409573),.UNSPECIFIED.) CURVE() 
GEOMETRIC_REPRESENTATION_ITEM() RATIONAL_B_SPLINE_CURVE((1.,0.5,1.,0.5,
1.,0.5,1.)) REPRESENTATION_ITEM('') );
#3242 = CARTESIAN_POINT('',(24.170843378838,-23.11382496402));
#3243 = CARTESIAN_POINT('',(24.170843378838,-22.24779956023));
#3244 = CARTESIAN_POINT('',(24.920843378838,-22.68081226212));
#3245 = CARTESIAN_POINT('',(25.670843378838,-23.11382496402));
#3246 = CARTESIAN_POINT('',(24.920843378838,-23.54683766591));
#3247 = CARTESIAN_POINT('',(24.170843378838,-23.9798503678));
#3248 = CARTESIAN_POINT('',(24.170843378838,-23.11382496402));
#3249 = ( GEOMETRIC_REPRESENTATION_CONTEXT(2) 
PARAMETRIC_REPRESENTATION_CONTEXT() REPRESENTATION_CONTEXT('2D SPACE',''
  ) );
#3250 = PCURVE('',#3251,#3256);
#3251 = CYLINDRICAL_SURFACE('',#3252,0.5);
#3252 = AXIS2_PLACEMENT_3D('',#3253,#3254,#3255);
#3253 = CARTESIAN_POINT('',(119.1,-111.48,-1.E-02));
#3254 = DIRECTION('',(0.,0.,1.));
#3255 = DIRECTION('',(1.,0.,-0.));
#3256 = DEFINITIONAL_REPRESENTATION('',(#3257),#3261);
#3257 = LINE('',#3258,#3259);
#3258 = CARTESIAN_POINT('',(0.,1.E-02));
#3259 = VECTOR('',#3260,1.);
#3260 = DIRECTION('',(1.,0.));
#3261 = ( GEOMETRIC_REPRESENTATION_CONTEXT(2) 
PARAMETRIC_REPRESENTATION_CONTEXT() REPRESENTATION_CONTEXT('2D SPACE',''
  ) );
#3262 = FACE_BOUND('',#3263,.T.);
#3263 = EDGE_LOOP('',(#3264));
#3264 = ORIENTED_EDGE('',*,*,#3265,.T.);
#3265 = EDGE_CURVE('',#3266,#3266,#3268,.T.);
#3266 = VERTEX_POINT('',#3267);
#3267 = CARTESIAN_POINT('',(117.06,-111.48,0.));
#3268 = SURFACE_CURVE('',#3269,(#3274,#3285),.PCURVE_S1.);
#3269 = CIRCLE('',#3270,0.5);
#3270 = AXIS2_PLACEMENT_3D('',#3271,#3272,#3273);
#3271 = CARTESIAN_POINT('',(116.56,-111.48,0.));
#3272 = DIRECTION('',(0.,0.,1.));
#3273 = DIRECTION('',(1.,0.,-0.));
#3274 = PCURVE('',#144,#3275);
#3275 = DEFINITIONAL_REPRESENTATION('',(#3276),#3284);
#3276 = ( BOUNDED_CURVE() B_SPLINE_CURVE(2,(#3277,#3278,#3279,#3280,
#3281,#3282,#3283),.UNSPECIFIED.,.T.,.F.) B_SPLINE_CURVE_WITH_KNOTS((1,2
    ,2,2,2,1),(-2.094395102393,0.,2.094395102393,4.188790204786,
6.28318530718,8.377580409573),.UNSPECIFIED.) CURVE() 
GEOMETRIC_REPRESENTATION_ITEM() RATIONAL_B_SPLINE_CURVE((1.,0.5,1.,0.5,
1.,0.5,1.)) REPRESENTATION_ITEM('') );
#3277 = CARTESIAN_POINT('',(26.710843378838,-23.11382496402));
#3278 = CARTESIAN_POINT('',(26.710843378838,-22.24779956023));
#3279 = CARTESIAN_POINT('',(27.460843378838,-22.68081226212));
#3280 = CARTESIAN_POINT('',(28.210843378838,-23.11382496402));
#3281 = CARTESIAN_POINT('',(27.460843378838,-23.54683766591));
#3282 = CARTESIAN_POINT('',(26.710843378838,-23.9798503678));
#3283 = CARTESIAN_POINT('',(26.710843378838,-23.11382496402));
#3284 = ( GEOMETRIC_REPRESENTATION_CONTEXT(2) 
PARAMETRIC_REPRESENTATION_CONTEXT() REPRESENTATION_CONTEXT('2D SPACE',''
  ) );
#3285 = PCURVE('',#3286,#3291);
#3286 = CYLINDRICAL_SURFACE('',#3287,0.5);
#3287 = AXIS2_PLACEMENT_3D('',#3288,#3289,#3290);
#3288 = CARTESIAN_POINT('',(116.56,-111.48,-1.E-02));
#3289 = DIRECTION('',(0.,0.,1.));
#3290 = DIRECTION('',(1.,0.,-0.));
#3291 = DEFINITIONAL_REPRESENTATION('',(#3292),#3296);
#3292 = LINE('',#3293,#3294);
#3293 = CARTESIAN_POINT('',(0.,1.E-02));
#3294 = VECTOR('',#3295,1.);
#3295 = DIRECTION('',(1.,0.));
#3296 = ( GEOMETRIC_REPRESENTATION_CONTEXT(2) 
PARAMETRIC_REPRESENTATION_CONTEXT() REPRESENTATION_CONTEXT('2D SPACE',''
  ) );
#3297 = FACE_BOUND('',#3298,.T.);
#3298 = EDGE_LOOP('',(#3299));
#3299 = ORIENTED_EDGE('',*,*,#3300,.T.);
#3300 = EDGE_CURVE('',#3301,#3301,#3303,.T.);
#3301 = VERTEX_POINT('',#3302);
#3302 = CARTESIAN_POINT('',(113.25,-114.04,0.));
#3303 = SURFACE_CURVE('',#3304,(#3309,#3320),.PCURVE_S1.);
#3304 = CIRCLE('',#3305,0.5);
#3305 = AXIS2_PLACEMENT_3D('',#3306,#3307,#3308);
#3306 = CARTESIAN_POINT('',(112.75,-114.04,0.));
#3307 = DIRECTION('',(0.,0.,1.));
#3308 = DIRECTION('',(1.,0.,-0.));
#3309 = PCURVE('',#144,#3310);
#3310 = DEFINITIONAL_REPRESENTATION('',(#3311),#3319);
#3311 = ( BOUNDED_CURVE() B_SPLINE_CURVE(2,(#3312,#3313,#3314,#3315,
#3316,#3317,#3318),.UNSPECIFIED.,.T.,.F.) B_SPLINE_CURVE_WITH_KNOTS((1,2
    ,2,2,2,1),(-2.094395102393,0.,2.094395102393,4.188790204786,
6.28318530718,8.377580409573),.UNSPECIFIED.) CURVE() 
GEOMETRIC_REPRESENTATION_ITEM() RATIONAL_B_SPLINE_CURVE((1.,0.5,1.,0.5,
1.,0.5,1.)) REPRESENTATION_ITEM('') );
#3312 = CARTESIAN_POINT('',(30.520843378838,-25.67382496402));
#3313 = CARTESIAN_POINT('',(30.520843378838,-24.80779956023));
#3314 = CARTESIAN_POINT('',(31.270843378838,-25.24081226212));
#3315 = CARTESIAN_POINT('',(32.020843378838,-25.67382496402));
#3316 = CARTESIAN_POINT('',(31.270843378838,-26.10683766591));
#3317 = CARTESIAN_POINT('',(30.520843378838,-26.5398503678));
#3318 = CARTESIAN_POINT('',(30.520843378838,-25.67382496402));
#3319 = ( GEOMETRIC_REPRESENTATION_CONTEXT(2) 
PARAMETRIC_REPRESENTATION_CONTEXT() REPRESENTATION_CONTEXT('2D SPACE',''
  ) );
#3320 = PCURVE('',#3321,#3326);
#3321 = CYLINDRICAL_SURFACE('',#3322,0.5);
#3322 = AXIS2_PLACEMENT_3D('',#3323,#3324,#3325);
#3323 = CARTESIAN_POINT('',(112.75,-114.04,-1.E-02));
#3324 = DIRECTION('',(0.,0.,1.));
#3325 = DIRECTION('',(1.,0.,-0.));
#3326 = DEFINITIONAL_REPRESENTATION('',(#3327),#3331);
#3327 = LINE('',#3328,#3329);
#3328 = CARTESIAN_POINT('',(0.,1.E-02));
#3329 = VECTOR('',#3330,1.);
#3330 = DIRECTION('',(1.,0.));
#3331 = ( GEOMETRIC_REPRESENTATION_CONTEXT(2) 
PARAMETRIC_REPRESENTATION_CONTEXT() REPRESENTATION_CONTEXT('2D SPACE',''
  ) );
#3332 = FACE_BOUND('',#3333,.T.);
#3333 = EDGE_LOOP('',(#3334));
#3334 = ORIENTED_EDGE('',*,*,#3335,.T.);
#3335 = EDGE_CURVE('',#3336,#3336,#3338,.T.);
#3336 = VERTEX_POINT('',#3337);
#3337 = CARTESIAN_POINT('',(110.71,-114.04,0.));
#3338 = SURFACE_CURVE('',#3339,(#3344,#3355),.PCURVE_S1.);
#3339 = CIRCLE('',#3340,0.5);
#3340 = AXIS2_PLACEMENT_3D('',#3341,#3342,#3343);
#3341 = CARTESIAN_POINT('',(110.21,-114.04,0.));
#3342 = DIRECTION('',(0.,0.,1.));
#3343 = DIRECTION('',(1.,0.,-0.));
#3344 = PCURVE('',#144,#3345);
#3345 = DEFINITIONAL_REPRESENTATION('',(#3346),#3354);
#3346 = ( BOUNDED_CURVE() B_SPLINE_CURVE(2,(#3347,#3348,#3349,#3350,
#3351,#3352,#3353),.UNSPECIFIED.,.T.,.F.) B_SPLINE_CURVE_WITH_KNOTS((1,2
    ,2,2,2,1),(-2.094395102393,0.,2.094395102393,4.188790204786,
6.28318530718,8.377580409573),.UNSPECIFIED.) CURVE() 
GEOMETRIC_REPRESENTATION_ITEM() RATIONAL_B_SPLINE_CURVE((1.,0.5,1.,0.5,
1.,0.5,1.)) REPRESENTATION_ITEM('') );
#3347 = CARTESIAN_POINT('',(33.060843378838,-25.67382496402));
#3348 = CARTESIAN_POINT('',(33.060843378838,-24.80779956023));
#3349 = CARTESIAN_POINT('',(33.810843378838,-25.24081226212));
#3350 = CARTESIAN_POINT('',(34.560843378838,-25.67382496402));
#3351 = CARTESIAN_POINT('',(33.810843378838,-26.10683766591));
#3352 = CARTESIAN_POINT('',(33.060843378838,-26.5398503678));
#3353 = CARTESIAN_POINT('',(33.060843378838,-25.67382496402));
#3354 = ( GEOMETRIC_REPRESENTATION_CONTEXT(2) 
PARAMETRIC_REPRESENTATION_CONTEXT() REPRESENTATION_CONTEXT('2D SPACE',''
  ) );
#3355 = PCURVE('',#3356,#3361);
#3356 = CYLINDRICAL_SURFACE('',#3357,0.5);
#3357 = AXIS2_PLACEMENT_3D('',#3358,#3359,#3360);
#3358 = CARTESIAN_POINT('',(110.21,-114.04,-1.E-02));
#3359 = DIRECTION('',(0.,0.,1.));
#3360 = DIRECTION('',(1.,0.,-0.));
#3361 = DEFINITIONAL_REPRESENTATION('',(#3362),#3366);
#3362 = LINE('',#3363,#3364);
#3363 = CARTESIAN_POINT('',(0.,1.E-02));
#3364 = VECTOR('',#3365,1.);
#3365 = DIRECTION('',(1.,0.));
#3366 = ( GEOMETRIC_REPRESENTATION_CONTEXT(2) 
PARAMETRIC_REPRESENTATION_CONTEXT() REPRESENTATION_CONTEXT('2D SPACE',''
  ) );
#3367 = FACE_BOUND('',#3368,.T.);
#3368 = EDGE_LOOP('',(#3369));
#3369 = ORIENTED_EDGE('',*,*,#3370,.T.);
#3370 = EDGE_CURVE('',#3371,#3371,#3373,.T.);
#3371 = VERTEX_POINT('',#3372);
#3372 = CARTESIAN_POINT('',(113.25,-111.48,0.));
#3373 = SURFACE_CURVE('',#3374,(#3379,#3390),.PCURVE_S1.);
#3374 = CIRCLE('',#3375,0.5);
#3375 = AXIS2_PLACEMENT_3D('',#3376,#3377,#3378);
#3376 = CARTESIAN_POINT('',(112.75,-111.48,0.));
#3377 = DIRECTION('',(0.,0.,1.));
#3378 = DIRECTION('',(1.,0.,-0.));
#3379 = PCURVE('',#144,#3380);
#3380 = DEFINITIONAL_REPRESENTATION('',(#3381),#3389);
#3381 = ( BOUNDED_CURVE() B_SPLINE_CURVE(2,(#3382,#3383,#3384,#3385,
#3386,#3387,#3388),.UNSPECIFIED.,.T.,.F.) B_SPLINE_CURVE_WITH_KNOTS((1,2
    ,2,2,2,1),(-2.094395102393,0.,2.094395102393,4.188790204786,
6.28318530718,8.377580409573),.UNSPECIFIED.) CURVE() 
GEOMETRIC_REPRESENTATION_ITEM() RATIONAL_B_SPLINE_CURVE((1.,0.5,1.,0.5,
1.,0.5,1.)) REPRESENTATION_ITEM('') );
#3382 = CARTESIAN_POINT('',(30.520843378838,-23.11382496402));
#3383 = CARTESIAN_POINT('',(30.520843378838,-22.24779956023));
#3384 = CARTESIAN_POINT('',(31.270843378838,-22.68081226212));
#3385 = CARTESIAN_POINT('',(32.020843378838,-23.11382496402));
#3386 = CARTESIAN_POINT('',(31.270843378838,-23.54683766591));
#3387 = CARTESIAN_POINT('',(30.520843378838,-23.9798503678));
#3388 = CARTESIAN_POINT('',(30.520843378838,-23.11382496402));
#3389 = ( GEOMETRIC_REPRESENTATION_CONTEXT(2) 
PARAMETRIC_REPRESENTATION_CONTEXT() REPRESENTATION_CONTEXT('2D SPACE',''
  ) );
#3390 = PCURVE('',#3391,#3396);
#3391 = CYLINDRICAL_SURFACE('',#3392,0.5);
#3392 = AXIS2_PLACEMENT_3D('',#3393,#3394,#3395);
#3393 = CARTESIAN_POINT('',(112.75,-111.48,-1.E-02));
#3394 = DIRECTION('',(0.,0.,1.));
#3395 = DIRECTION('',(1.,0.,-0.));
#3396 = DEFINITIONAL_REPRESENTATION('',(#3397),#3401);
#3397 = LINE('',#3398,#3399);
#3398 = CARTESIAN_POINT('',(0.,1.E-02));
#3399 = VECTOR('',#3400,1.);
#3400 = DIRECTION('',(1.,0.));
#3401 = ( GEOMETRIC_REPRESENTATION_CONTEXT(2) 
PARAMETRIC_REPRESENTATION_CONTEXT() REPRESENTATION_CONTEXT('2D SPACE',''
  ) );
#3402 = FACE_BOUND('',#3403,.T.);
#3403 = EDGE_LOOP('',(#3404));
#3404 = ORIENTED_EDGE('',*,*,#3405,.T.);
#3405 = EDGE_CURVE('',#3406,#3406,#3408,.T.);
#3406 = VERTEX_POINT('',#3407);
#3407 = CARTESIAN_POINT('',(110.71,-111.48,0.));
#3408 = SURFACE_CURVE('',#3409,(#3414,#3425),.PCURVE_S1.);
#3409 = CIRCLE('',#3410,0.5);
#3410 = AXIS2_PLACEMENT_3D('',#3411,#3412,#3413);
#3411 = CARTESIAN_POINT('',(110.21,-111.48,0.));
#3412 = DIRECTION('',(0.,0.,1.));
#3413 = DIRECTION('',(1.,0.,-0.));
#3414 = PCURVE('',#144,#3415);
#3415 = DEFINITIONAL_REPRESENTATION('',(#3416),#3424);
#3416 = ( BOUNDED_CURVE() B_SPLINE_CURVE(2,(#3417,#3418,#3419,#3420,
#3421,#3422,#3423),.UNSPECIFIED.,.T.,.F.) B_SPLINE_CURVE_WITH_KNOTS((1,2
    ,2,2,2,1),(-2.094395102393,0.,2.094395102393,4.188790204786,
6.28318530718,8.377580409573),.UNSPECIFIED.) CURVE() 
GEOMETRIC_REPRESENTATION_ITEM() RATIONAL_B_SPLINE_CURVE((1.,0.5,1.,0.5,
1.,0.5,1.)) REPRESENTATION_ITEM('') );
#3417 = CARTESIAN_POINT('',(33.060843378838,-23.11382496402));
#3418 = CARTESIAN_POINT('',(33.060843378838,-22.24779956023));
#3419 = CARTESIAN_POINT('',(33.810843378838,-22.68081226212));
#3420 = CARTESIAN_POINT('',(34.560843378838,-23.11382496402));
#3421 = CARTESIAN_POINT('',(33.810843378838,-23.54683766591));
#3422 = CARTESIAN_POINT('',(33.060843378838,-23.9798503678));
#3423 = CARTESIAN_POINT('',(33.060843378838,-23.11382496402));
#3424 = ( GEOMETRIC_REPRESENTATION_CONTEXT(2) 
PARAMETRIC_REPRESENTATION_CONTEXT() REPRESENTATION_CONTEXT('2D SPACE',''
  ) );
#3425 = PCURVE('',#3426,#3431);
#3426 = CYLINDRICAL_SURFACE('',#3427,0.5);
#3427 = AXIS2_PLACEMENT_3D('',#3428,#3429,#3430);
#3428 = CARTESIAN_POINT('',(110.21,-111.48,-1.E-02));
#3429 = DIRECTION('',(0.,0.,1.));
#3430 = DIRECTION('',(1.,0.,-0.));
#3431 = DEFINITIONAL_REPRESENTATION('',(#3432),#3436);
#3432 = LINE('',#3433,#3434);
#3433 = CARTESIAN_POINT('',(0.,1.E-02));
#3434 = VECTOR('',#3435,1.);
#3435 = DIRECTION('',(1.,0.));
#3436 = ( GEOMETRIC_REPRESENTATION_CONTEXT(2) 
PARAMETRIC_REPRESENTATION_CONTEXT() REPRESENTATION_CONTEXT('2D SPACE',''
  ) );
#3437 = FACE_BOUND('',#3438,.T.);
#3438 = EDGE_LOOP('',(#3439));
#3439 = ORIENTED_EDGE('',*,*,#3440,.T.);
#3440 = EDGE_CURVE('',#3441,#3441,#3443,.T.);
#3441 = VERTEX_POINT('',#3442);
#3442 = CARTESIAN_POINT('',(108.17,-119.16,0.));
#3443 = SURFACE_CURVE('',#3444,(#3449,#3460),.PCURVE_S1.);
#3444 = CIRCLE('',#3445,0.5);
#3445 = AXIS2_PLACEMENT_3D('',#3446,#3447,#3448);
#3446 = CARTESIAN_POINT('',(107.67,-119.16,0.));
#3447 = DIRECTION('',(0.,0.,1.));
#3448 = DIRECTION('',(1.,0.,-0.));
#3449 = PCURVE('',#144,#3450);
#3450 = DEFINITIONAL_REPRESENTATION('',(#3451),#3459);
#3451 = ( BOUNDED_CURVE() B_SPLINE_CURVE(2,(#3452,#3453,#3454,#3455,
#3456,#3457,#3458),.UNSPECIFIED.,.T.,.F.) B_SPLINE_CURVE_WITH_KNOTS((1,2
    ,2,2,2,1),(-2.094395102393,0.,2.094395102393,4.188790204786,
6.28318530718,8.377580409573),.UNSPECIFIED.) CURVE() 
GEOMETRIC_REPRESENTATION_ITEM() RATIONAL_B_SPLINE_CURVE((1.,0.5,1.,0.5,
1.,0.5,1.)) REPRESENTATION_ITEM('') );
#3452 = CARTESIAN_POINT('',(35.600843378838,-30.79382496402));
#3453 = CARTESIAN_POINT('',(35.600843378838,-29.92779956023));
#3454 = CARTESIAN_POINT('',(36.350843378838,-30.36081226212));
#3455 = CARTESIAN_POINT('',(37.100843378838,-30.79382496402));
#3456 = CARTESIAN_POINT('',(36.350843378838,-31.22683766591));
#3457 = CARTESIAN_POINT('',(35.600843378838,-31.6598503678));
#3458 = CARTESIAN_POINT('',(35.600843378838,-30.79382496402));
#3459 = ( GEOMETRIC_REPRESENTATION_CONTEXT(2) 
PARAMETRIC_REPRESENTATION_CONTEXT() REPRESENTATION_CONTEXT('2D SPACE',''
  ) );
#3460 = PCURVE('',#3461,#3466);
#3461 = CYLINDRICAL_SURFACE('',#3462,0.5);
#3462 = AXIS2_PLACEMENT_3D('',#3463,#3464,#3465);
#3463 = CARTESIAN_POINT('',(107.67,-119.16,-1.E-02));
#3464 = DIRECTION('',(0.,0.,1.));
#3465 = DIRECTION('',(1.,0.,-0.));
#3466 = DEFINITIONAL_REPRESENTATION('',(#3467),#3471);
#3467 = LINE('',#3468,#3469);
#3468 = CARTESIAN_POINT('',(0.,1.E-02));
#3469 = VECTOR('',#3470,1.);
#3470 = DIRECTION('',(1.,0.));
#3471 = ( GEOMETRIC_REPRESENTATION_CONTEXT(2) 
PARAMETRIC_REPRESENTATION_CONTEXT() REPRESENTATION_CONTEXT('2D SPACE',''
  ) );
#3472 = FACE_BOUND('',#3473,.T.);
#3473 = EDGE_LOOP('',(#3474));
#3474 = ORIENTED_EDGE('',*,*,#3475,.T.);
#3475 = EDGE_CURVE('',#3476,#3476,#3478,.T.);
#3476 = VERTEX_POINT('',#3477);
#3477 = CARTESIAN_POINT('',(105.63,-119.16,0.));
#3478 = SURFACE_CURVE('',#3479,(#3484,#3495),.PCURVE_S1.);
#3479 = CIRCLE('',#3480,0.5);
#3480 = AXIS2_PLACEMENT_3D('',#3481,#3482,#3483);
#3481 = CARTESIAN_POINT('',(105.13,-119.16,0.));
#3482 = DIRECTION('',(0.,0.,1.));
#3483 = DIRECTION('',(1.,0.,-0.));
#3484 = PCURVE('',#144,#3485);
#3485 = DEFINITIONAL_REPRESENTATION('',(#3486),#3494);
#3486 = ( BOUNDED_CURVE() B_SPLINE_CURVE(2,(#3487,#3488,#3489,#3490,
#3491,#3492,#3493),.UNSPECIFIED.,.T.,.F.) B_SPLINE_CURVE_WITH_KNOTS((1,2
    ,2,2,2,1),(-2.094395102393,0.,2.094395102393,4.188790204786,
6.28318530718,8.377580409573),.UNSPECIFIED.) CURVE() 
GEOMETRIC_REPRESENTATION_ITEM() RATIONAL_B_SPLINE_CURVE((1.,0.5,1.,0.5,
1.,0.5,1.)) REPRESENTATION_ITEM('') );
#3487 = CARTESIAN_POINT('',(38.140843378838,-30.79382496402));
#3488 = CARTESIAN_POINT('',(38.140843378838,-29.92779956023));
#3489 = CARTESIAN_POINT('',(38.890843378838,-30.36081226212));
#3490 = CARTESIAN_POINT('',(39.640843378838,-30.79382496402));
#3491 = CARTESIAN_POINT('',(38.890843378838,-31.22683766591));
#3492 = CARTESIAN_POINT('',(38.140843378838,-31.6598503678));
#3493 = CARTESIAN_POINT('',(38.140843378838,-30.79382496402));
#3494 = ( GEOMETRIC_REPRESENTATION_CONTEXT(2) 
PARAMETRIC_REPRESENTATION_CONTEXT() REPRESENTATION_CONTEXT('2D SPACE',''
  ) );
#3495 = PCURVE('',#3496,#3501);
#3496 = CYLINDRICAL_SURFACE('',#3497,0.5);
#3497 = AXIS2_PLACEMENT_3D('',#3498,#3499,#3500);
#3498 = CARTESIAN_POINT('',(105.13,-119.16,-1.E-02));
#3499 = DIRECTION('',(0.,0.,1.));
#3500 = DIRECTION('',(1.,0.,-0.));
#3501 = DEFINITIONAL_REPRESENTATION('',(#3502),#3506);
#3502 = LINE('',#3503,#3504);
#3503 = CARTESIAN_POINT('',(0.,1.E-02));
#3504 = VECTOR('',#3505,1.);
#3505 = DIRECTION('',(1.,0.));
#3506 = ( GEOMETRIC_REPRESENTATION_CONTEXT(2) 
PARAMETRIC_REPRESENTATION_CONTEXT() REPRESENTATION_CONTEXT('2D SPACE',''
  ) );
#3507 = FACE_BOUND('',#3508,.T.);
#3508 = EDGE_LOOP('',(#3509));
#3509 = ORIENTED_EDGE('',*,*,#3510,.T.);
#3510 = EDGE_CURVE('',#3511,#3511,#3513,.T.);
#3511 = VERTEX_POINT('',#3512);
#3512 = CARTESIAN_POINT('',(108.17,-116.6,0.));
#3513 = SURFACE_CURVE('',#3514,(#3519,#3530),.PCURVE_S1.);
#3514 = CIRCLE('',#3515,0.5);
#3515 = AXIS2_PLACEMENT_3D('',#3516,#3517,#3518);
#3516 = CARTESIAN_POINT('',(107.67,-116.6,0.));
#3517 = DIRECTION('',(0.,0.,1.));
#3518 = DIRECTION('',(1.,0.,-0.));
#3519 = PCURVE('',#144,#3520);
#3520 = DEFINITIONAL_REPRESENTATION('',(#3521),#3529);
#3521 = ( BOUNDED_CURVE() B_SPLINE_CURVE(2,(#3522,#3523,#3524,#3525,
#3526,#3527,#3528),.UNSPECIFIED.,.T.,.F.) B_SPLINE_CURVE_WITH_KNOTS((1,2
    ,2,2,2,1),(-2.094395102393,0.,2.094395102393,4.188790204786,
6.28318530718,8.377580409573),.UNSPECIFIED.) CURVE() 
GEOMETRIC_REPRESENTATION_ITEM() RATIONAL_B_SPLINE_CURVE((1.,0.5,1.,0.5,
1.,0.5,1.)) REPRESENTATION_ITEM('') );
#3522 = CARTESIAN_POINT('',(35.600843378838,-28.23382496402));
#3523 = CARTESIAN_POINT('',(35.600843378838,-27.36779956023));
#3524 = CARTESIAN_POINT('',(36.350843378838,-27.80081226212));
#3525 = CARTESIAN_POINT('',(37.100843378838,-28.23382496402));
#3526 = CARTESIAN_POINT('',(36.350843378838,-28.66683766591));
#3527 = CARTESIAN_POINT('',(35.600843378838,-29.0998503678));
#3528 = CARTESIAN_POINT('',(35.600843378838,-28.23382496402));
#3529 = ( GEOMETRIC_REPRESENTATION_CONTEXT(2) 
PARAMETRIC_REPRESENTATION_CONTEXT() REPRESENTATION_CONTEXT('2D SPACE',''
  ) );
#3530 = PCURVE('',#3531,#3536);
#3531 = CYLINDRICAL_SURFACE('',#3532,0.5);
#3532 = AXIS2_PLACEMENT_3D('',#3533,#3534,#3535);
#3533 = CARTESIAN_POINT('',(107.67,-116.6,-1.E-02));
#3534 = DIRECTION('',(0.,0.,1.));
#3535 = DIRECTION('',(1.,0.,-0.));
#3536 = DEFINITIONAL_REPRESENTATION('',(#3537),#3541);
#3537 = LINE('',#3538,#3539);
#3538 = CARTESIAN_POINT('',(0.,1.E-02));
#3539 = VECTOR('',#3540,1.);
#3540 = DIRECTION('',(1.,0.));
#3541 = ( GEOMETRIC_REPRESENTATION_CONTEXT(2) 
PARAMETRIC_REPRESENTATION_CONTEXT() REPRESENTATION_CONTEXT('2D SPACE',''
  ) );
#3542 = FACE_BOUND('',#3543,.T.);
#3543 = EDGE_LOOP('',(#3544));
#3544 = ORIENTED_EDGE('',*,*,#3545,.T.);
#3545 = EDGE_CURVE('',#3546,#3546,#3548,.T.);
#3546 = VERTEX_POINT('',#3547);
#3547 = CARTESIAN_POINT('',(105.63,-116.6,0.));
#3548 = SURFACE_CURVE('',#3549,(#3554,#3565),.PCURVE_S1.);
#3549 = CIRCLE('',#3550,0.5);
#3550 = AXIS2_PLACEMENT_3D('',#3551,#3552,#3553);
#3551 = CARTESIAN_POINT('',(105.13,-116.6,0.));
#3552 = DIRECTION('',(0.,0.,1.));
#3553 = DIRECTION('',(1.,0.,-0.));
#3554 = PCURVE('',#144,#3555);
#3555 = DEFINITIONAL_REPRESENTATION('',(#3556),#3564);
#3556 = ( BOUNDED_CURVE() B_SPLINE_CURVE(2,(#3557,#3558,#3559,#3560,
#3561,#3562,#3563),.UNSPECIFIED.,.T.,.F.) B_SPLINE_CURVE_WITH_KNOTS((1,2
    ,2,2,2,1),(-2.094395102393,0.,2.094395102393,4.188790204786,
6.28318530718,8.377580409573),.UNSPECIFIED.) CURVE() 
GEOMETRIC_REPRESENTATION_ITEM() RATIONAL_B_SPLINE_CURVE((1.,0.5,1.,0.5,
1.,0.5,1.)) REPRESENTATION_ITEM('') );
#3557 = CARTESIAN_POINT('',(38.140843378838,-28.23382496402));
#3558 = CARTESIAN_POINT('',(38.140843378838,-27.36779956023));
#3559 = CARTESIAN_POINT('',(38.890843378838,-27.80081226212));
#3560 = CARTESIAN_POINT('',(39.640843378838,-28.23382496402));
#3561 = CARTESIAN_POINT('',(38.890843378838,-28.66683766591));
#3562 = CARTESIAN_POINT('',(38.140843378838,-29.0998503678));
#3563 = CARTESIAN_POINT('',(38.140843378838,-28.23382496402));
#3564 = ( GEOMETRIC_REPRESENTATION_CONTEXT(2) 
PARAMETRIC_REPRESENTATION_CONTEXT() REPRESENTATION_CONTEXT('2D SPACE',''
  ) );
#3565 = PCURVE('',#3566,#3571);
#3566 = CYLINDRICAL_SURFACE('',#3567,0.5);
#3567 = AXIS2_PLACEMENT_3D('',#3568,#3569,#3570);
#3568 = CARTESIAN_POINT('',(105.13,-116.6,-1.E-02));
#3569 = DIRECTION('',(0.,0.,1.));
#3570 = DIRECTION('',(1.,0.,-0.));
#3571 = DEFINITIONAL_REPRESENTATION('',(#3572),#3576);
#3572 = LINE('',#3573,#3574);
#3573 = CARTESIAN_POINT('',(0.,1.E-02));
#3574 = VECTOR('',#3575,1.);
#3575 = DIRECTION('',(1.,0.));
#3576 = ( GEOMETRIC_REPRESENTATION_CONTEXT(2) 
PARAMETRIC_REPRESENTATION_CONTEXT() REPRESENTATION_CONTEXT('2D SPACE',''
  ) );
#3577 = FACE_BOUND('',#3578,.T.);
#3578 = EDGE_LOOP('',(#3579));
#3579 = ORIENTED_EDGE('',*,*,#3580,.T.);
#3580 = EDGE_CURVE('',#3581,#3581,#3583,.T.);
#3581 = VERTEX_POINT('',#3582);
#3582 = CARTESIAN_POINT('',(103.09,-119.16,0.));
#3583 = SURFACE_CURVE('',#3584,(#3589,#3600),.PCURVE_S1.);
#3584 = CIRCLE('',#3585,0.5);
#3585 = AXIS2_PLACEMENT_3D('',#3586,#3587,#3588);
#3586 = CARTESIAN_POINT('',(102.59,-119.16,0.));
#3587 = DIRECTION('',(0.,0.,1.));
#3588 = DIRECTION('',(1.,0.,-0.));
#3589 = PCURVE('',#144,#3590);
#3590 = DEFINITIONAL_REPRESENTATION('',(#3591),#3599);
#3591 = ( BOUNDED_CURVE() B_SPLINE_CURVE(2,(#3592,#3593,#3594,#3595,
#3596,#3597,#3598),.UNSPECIFIED.,.T.,.F.) B_SPLINE_CURVE_WITH_KNOTS((1,2
    ,2,2,2,1),(-2.094395102393,0.,2.094395102393,4.188790204786,
6.28318530718,8.377580409573),.UNSPECIFIED.) CURVE() 
GEOMETRIC_REPRESENTATION_ITEM() RATIONAL_B_SPLINE_CURVE((1.,0.5,1.,0.5,
1.,0.5,1.)) REPRESENTATION_ITEM('') );
#3592 = CARTESIAN_POINT('',(40.680843378838,-30.79382496402));
#3593 = CARTESIAN_POINT('',(40.680843378838,-29.92779956023));
#3594 = CARTESIAN_POINT('',(41.430843378838,-30.36081226212));
#3595 = CARTESIAN_POINT('',(42.180843378838,-30.79382496402));
#3596 = CARTESIAN_POINT('',(41.430843378838,-31.22683766591));
#3597 = CARTESIAN_POINT('',(40.680843378838,-31.6598503678));
#3598 = CARTESIAN_POINT('',(40.680843378838,-30.79382496402));
#3599 = ( GEOMETRIC_REPRESENTATION_CONTEXT(2) 
PARAMETRIC_REPRESENTATION_CONTEXT() REPRESENTATION_CONTEXT('2D SPACE',''
  ) );
#3600 = PCURVE('',#3601,#3606);
#3601 = CYLINDRICAL_SURFACE('',#3602,0.5);
#3602 = AXIS2_PLACEMENT_3D('',#3603,#3604,#3605);
#3603 = CARTESIAN_POINT('',(102.59,-119.16,-1.E-02));
#3604 = DIRECTION('',(0.,0.,1.));
#3605 = DIRECTION('',(1.,0.,-0.));
#3606 = DEFINITIONAL_REPRESENTATION('',(#3607),#3611);
#3607 = LINE('',#3608,#3609);
#3608 = CARTESIAN_POINT('',(0.,1.E-02));
#3609 = VECTOR('',#3610,1.);
#3610 = DIRECTION('',(1.,0.));
#3611 = ( GEOMETRIC_REPRESENTATION_CONTEXT(2) 
PARAMETRIC_REPRESENTATION_CONTEXT() REPRESENTATION_CONTEXT('2D SPACE',''
  ) );
#3612 = FACE_BOUND('',#3613,.T.);
#3613 = EDGE_LOOP('',(#3614));
#3614 = ORIENTED_EDGE('',*,*,#3615,.T.);
#3615 = EDGE_CURVE('',#3616,#3616,#3618,.T.);
#3616 = VERTEX_POINT('',#3617);
#3617 = CARTESIAN_POINT('',(100.55,-119.16,0.));
#3618 = SURFACE_CURVE('',#3619,(#3624,#3635),.PCURVE_S1.);
#3619 = CIRCLE('',#3620,0.5);
#3620 = AXIS2_PLACEMENT_3D('',#3621,#3622,#3623);
#3621 = CARTESIAN_POINT('',(100.05,-119.16,0.));
#3622 = DIRECTION('',(0.,0.,1.));
#3623 = DIRECTION('',(1.,0.,-0.));
#3624 = PCURVE('',#144,#3625);
#3625 = DEFINITIONAL_REPRESENTATION('',(#3626),#3634);
#3626 = ( BOUNDED_CURVE() B_SPLINE_CURVE(2,(#3627,#3628,#3629,#3630,
#3631,#3632,#3633),.UNSPECIFIED.,.T.,.F.) B_SPLINE_CURVE_WITH_KNOTS((1,2
    ,2,2,2,1),(-2.094395102393,0.,2.094395102393,4.188790204786,
6.28318530718,8.377580409573),.UNSPECIFIED.) CURVE() 
GEOMETRIC_REPRESENTATION_ITEM() RATIONAL_B_SPLINE_CURVE((1.,0.5,1.,0.5,
1.,0.5,1.)) REPRESENTATION_ITEM('') );
#3627 = CARTESIAN_POINT('',(43.220843378838,-30.79382496402));
#3628 = CARTESIAN_POINT('',(43.220843378838,-29.92779956023));
#3629 = CARTESIAN_POINT('',(43.970843378838,-30.36081226212));
#3630 = CARTESIAN_POINT('',(44.720843378838,-30.79382496402));
#3631 = CARTESIAN_POINT('',(43.970843378838,-31.22683766591));
#3632 = CARTESIAN_POINT('',(43.220843378838,-31.6598503678));
#3633 = CARTESIAN_POINT('',(43.220843378838,-30.79382496402));
#3634 = ( GEOMETRIC_REPRESENTATION_CONTEXT(2) 
PARAMETRIC_REPRESENTATION_CONTEXT() REPRESENTATION_CONTEXT('2D SPACE',''
  ) );
#3635 = PCURVE('',#3636,#3641);
#3636 = CYLINDRICAL_SURFACE('',#3637,0.5);
#3637 = AXIS2_PLACEMENT_3D('',#3638,#3639,#3640);
#3638 = CARTESIAN_POINT('',(100.05,-119.16,-1.E-02));
#3639 = DIRECTION('',(0.,0.,1.));
#3640 = DIRECTION('',(1.,0.,-0.));
#3641 = DEFINITIONAL_REPRESENTATION('',(#3642),#3646);
#3642 = LINE('',#3643,#3644);
#3643 = CARTESIAN_POINT('',(0.,1.E-02));
#3644 = VECTOR('',#3645,1.);
#3645 = DIRECTION('',(1.,0.));
#3646 = ( GEOMETRIC_REPRESENTATION_CONTEXT(2) 
PARAMETRIC_REPRESENTATION_CONTEXT() REPRESENTATION_CONTEXT('2D SPACE',''
  ) );
#3647 = FACE_BOUND('',#3648,.T.);
#3648 = EDGE_LOOP('',(#3649));
#3649 = ORIENTED_EDGE('',*,*,#3650,.T.);
#3650 = EDGE_CURVE('',#3651,#3651,#3653,.T.);
#3651 = VERTEX_POINT('',#3652);
#3652 = CARTESIAN_POINT('',(103.09,-116.6,0.));
#3653 = SURFACE_CURVE('',#3654,(#3659,#3670),.PCURVE_S1.);
#3654 = CIRCLE('',#3655,0.5);
#3655 = AXIS2_PLACEMENT_3D('',#3656,#3657,#3658);
#3656 = CARTESIAN_POINT('',(102.59,-116.6,0.));
#3657 = DIRECTION('',(0.,0.,1.));
#3658 = DIRECTION('',(1.,0.,-0.));
#3659 = PCURVE('',#144,#3660);
#3660 = DEFINITIONAL_REPRESENTATION('',(#3661),#3669);
#3661 = ( BOUNDED_CURVE() B_SPLINE_CURVE(2,(#3662,#3663,#3664,#3665,
#3666,#3667,#3668),.UNSPECIFIED.,.T.,.F.) B_SPLINE_CURVE_WITH_KNOTS((1,2
    ,2,2,2,1),(-2.094395102393,0.,2.094395102393,4.188790204786,
6.28318530718,8.377580409573),.UNSPECIFIED.) CURVE() 
GEOMETRIC_REPRESENTATION_ITEM() RATIONAL_B_SPLINE_CURVE((1.,0.5,1.,0.5,
1.,0.5,1.)) REPRESENTATION_ITEM('') );
#3662 = CARTESIAN_POINT('',(40.680843378838,-28.23382496402));
#3663 = CARTESIAN_POINT('',(40.680843378838,-27.36779956023));
#3664 = CARTESIAN_POINT('',(41.430843378838,-27.80081226212));
#3665 = CARTESIAN_POINT('',(42.180843378838,-28.23382496402));
#3666 = CARTESIAN_POINT('',(41.430843378838,-28.66683766591));
#3667 = CARTESIAN_POINT('',(40.680843378838,-29.0998503678));
#3668 = CARTESIAN_POINT('',(40.680843378838,-28.23382496402));
#3669 = ( GEOMETRIC_REPRESENTATION_CONTEXT(2) 
PARAMETRIC_REPRESENTATION_CONTEXT() REPRESENTATION_CONTEXT('2D SPACE',''
  ) );
#3670 = PCURVE('',#3671,#3676);
#3671 = CYLINDRICAL_SURFACE('',#3672,0.5);
#3672 = AXIS2_PLACEMENT_3D('',#3673,#3674,#3675);
#3673 = CARTESIAN_POINT('',(102.59,-116.6,-1.E-02));
#3674 = DIRECTION('',(0.,0.,1.));
#3675 = DIRECTION('',(1.,0.,-0.));
#3676 = DEFINITIONAL_REPRESENTATION('',(#3677),#3681);
#3677 = LINE('',#3678,#3679);
#3678 = CARTESIAN_POINT('',(0.,1.E-02));
#3679 = VECTOR('',#3680,1.);
#3680 = DIRECTION('',(1.,0.));
#3681 = ( GEOMETRIC_REPRESENTATION_CONTEXT(2) 
PARAMETRIC_REPRESENTATION_CONTEXT() REPRESENTATION_CONTEXT('2D SPACE',''
  ) );
#3682 = FACE_BOUND('',#3683,.T.);
#3683 = EDGE_LOOP('',(#3684));
#3684 = ORIENTED_EDGE('',*,*,#3685,.T.);
#3685 = EDGE_CURVE('',#3686,#3686,#3688,.T.);
#3686 = VERTEX_POINT('',#3687);
#3687 = CARTESIAN_POINT('',(100.55,-116.6,0.));
#3688 = SURFACE_CURVE('',#3689,(#3694,#3705),.PCURVE_S1.);
#3689 = CIRCLE('',#3690,0.5);
#3690 = AXIS2_PLACEMENT_3D('',#3691,#3692,#3693);
#3691 = CARTESIAN_POINT('',(100.05,-116.6,0.));
#3692 = DIRECTION('',(0.,0.,1.));
#3693 = DIRECTION('',(1.,0.,-0.));
#3694 = PCURVE('',#144,#3695);
#3695 = DEFINITIONAL_REPRESENTATION('',(#3696),#3704);
#3696 = ( BOUNDED_CURVE() B_SPLINE_CURVE(2,(#3697,#3698,#3699,#3700,
#3701,#3702,#3703),.UNSPECIFIED.,.T.,.F.) B_SPLINE_CURVE_WITH_KNOTS((1,2
    ,2,2,2,1),(-2.094395102393,0.,2.094395102393,4.188790204786,
6.28318530718,8.377580409573),.UNSPECIFIED.) CURVE() 
GEOMETRIC_REPRESENTATION_ITEM() RATIONAL_B_SPLINE_CURVE((1.,0.5,1.,0.5,
1.,0.5,1.)) REPRESENTATION_ITEM('') );
#3697 = CARTESIAN_POINT('',(43.220843378838,-28.23382496402));
#3698 = CARTESIAN_POINT('',(43.220843378838,-27.36779956023));
#3699 = CARTESIAN_POINT('',(43.970843378838,-27.80081226212));
#3700 = CARTESIAN_POINT('',(44.720843378838,-28.23382496402));
#3701 = CARTESIAN_POINT('',(43.970843378838,-28.66683766591));
#3702 = CARTESIAN_POINT('',(43.220843378838,-29.0998503678));
#3703 = CARTESIAN_POINT('',(43.220843378838,-28.23382496402));
#3704 = ( GEOMETRIC_REPRESENTATION_CONTEXT(2) 
PARAMETRIC_REPRESENTATION_CONTEXT() REPRESENTATION_CONTEXT('2D SPACE',''
  ) );
#3705 = PCURVE('',#3706,#3711);
#3706 = CYLINDRICAL_SURFACE('',#3707,0.5);
#3707 = AXIS2_PLACEMENT_3D('',#3708,#3709,#3710);
#3708 = CARTESIAN_POINT('',(100.05,-116.6,-1.E-02));
#3709 = DIRECTION('',(0.,0.,1.));
#3710 = DIRECTION('',(1.,0.,-0.));
#3711 = DEFINITIONAL_REPRESENTATION('',(#3712),#3716);
#3712 = LINE('',#3713,#3714);
#3713 = CARTESIAN_POINT('',(0.,1.E-02));
#3714 = VECTOR('',#3715,1.);
#3715 = DIRECTION('',(1.,0.));
#3716 = ( GEOMETRIC_REPRESENTATION_CONTEXT(2) 
PARAMETRIC_REPRESENTATION_CONTEXT() REPRESENTATION_CONTEXT('2D SPACE',''
  ) );
#3717 = FACE_BOUND('',#3718,.T.);
#3718 = EDGE_LOOP('',(#3719));
#3719 = ORIENTED_EDGE('',*,*,#3720,.T.);
#3720 = EDGE_CURVE('',#3721,#3721,#3723,.T.);
#3721 = VERTEX_POINT('',#3722);
#3722 = CARTESIAN_POINT('',(108.17,-114.04,0.));
#3723 = SURFACE_CURVE('',#3724,(#3729,#3740),.PCURVE_S1.);
#3724 = CIRCLE('',#3725,0.5);
#3725 = AXIS2_PLACEMENT_3D('',#3726,#3727,#3728);
#3726 = CARTESIAN_POINT('',(107.67,-114.04,0.));
#3727 = DIRECTION('',(0.,0.,1.));
#3728 = DIRECTION('',(1.,0.,-0.));
#3729 = PCURVE('',#144,#3730);
#3730 = DEFINITIONAL_REPRESENTATION('',(#3731),#3739);
#3731 = ( BOUNDED_CURVE() B_SPLINE_CURVE(2,(#3732,#3733,#3734,#3735,
#3736,#3737,#3738),.UNSPECIFIED.,.T.,.F.) B_SPLINE_CURVE_WITH_KNOTS((1,2
    ,2,2,2,1),(-2.094395102393,0.,2.094395102393,4.188790204786,
6.28318530718,8.377580409573),.UNSPECIFIED.) CURVE() 
GEOMETRIC_REPRESENTATION_ITEM() RATIONAL_B_SPLINE_CURVE((1.,0.5,1.,0.5,
1.,0.5,1.)) REPRESENTATION_ITEM('') );
#3732 = CARTESIAN_POINT('',(35.600843378838,-25.67382496402));
#3733 = CARTESIAN_POINT('',(35.600843378838,-24.80779956023));
#3734 = CARTESIAN_POINT('',(36.350843378838,-25.24081226212));
#3735 = CARTESIAN_POINT('',(37.100843378838,-25.67382496402));
#3736 = CARTESIAN_POINT('',(36.350843378838,-26.10683766591));
#3737 = CARTESIAN_POINT('',(35.600843378838,-26.5398503678));
#3738 = CARTESIAN_POINT('',(35.600843378838,-25.67382496402));
#3739 = ( GEOMETRIC_REPRESENTATION_CONTEXT(2) 
PARAMETRIC_REPRESENTATION_CONTEXT() REPRESENTATION_CONTEXT('2D SPACE',''
  ) );
#3740 = PCURVE('',#3741,#3746);
#3741 = CYLINDRICAL_SURFACE('',#3742,0.5);
#3742 = AXIS2_PLACEMENT_3D('',#3743,#3744,#3745);
#3743 = CARTESIAN_POINT('',(107.67,-114.04,-1.E-02));
#3744 = DIRECTION('',(0.,0.,1.));
#3745 = DIRECTION('',(1.,0.,-0.));
#3746 = DEFINITIONAL_REPRESENTATION('',(#3747),#3751);
#3747 = LINE('',#3748,#3749);
#3748 = CARTESIAN_POINT('',(0.,1.E-02));
#3749 = VECTOR('',#3750,1.);
#3750 = DIRECTION('',(1.,0.));
#3751 = ( GEOMETRIC_REPRESENTATION_CONTEXT(2) 
PARAMETRIC_REPRESENTATION_CONTEXT() REPRESENTATION_CONTEXT('2D SPACE',''
  ) );
#3752 = FACE_BOUND('',#3753,.T.);
#3753 = EDGE_LOOP('',(#3754));
#3754 = ORIENTED_EDGE('',*,*,#3755,.T.);
#3755 = EDGE_CURVE('',#3756,#3756,#3758,.T.);
#3756 = VERTEX_POINT('',#3757);
#3757 = CARTESIAN_POINT('',(105.63,-114.04,0.));
#3758 = SURFACE_CURVE('',#3759,(#3764,#3775),.PCURVE_S1.);
#3759 = CIRCLE('',#3760,0.5);
#3760 = AXIS2_PLACEMENT_3D('',#3761,#3762,#3763);
#3761 = CARTESIAN_POINT('',(105.13,-114.04,0.));
#3762 = DIRECTION('',(0.,0.,1.));
#3763 = DIRECTION('',(1.,0.,-0.));
#3764 = PCURVE('',#144,#3765);
#3765 = DEFINITIONAL_REPRESENTATION('',(#3766),#3774);
#3766 = ( BOUNDED_CURVE() B_SPLINE_CURVE(2,(#3767,#3768,#3769,#3770,
#3771,#3772,#3773),.UNSPECIFIED.,.T.,.F.) B_SPLINE_CURVE_WITH_KNOTS((1,2
    ,2,2,2,1),(-2.094395102393,0.,2.094395102393,4.188790204786,
6.28318530718,8.377580409573),.UNSPECIFIED.) CURVE() 
GEOMETRIC_REPRESENTATION_ITEM() RATIONAL_B_SPLINE_CURVE((1.,0.5,1.,0.5,
1.,0.5,1.)) REPRESENTATION_ITEM('') );
#3767 = CARTESIAN_POINT('',(38.140843378838,-25.67382496402));
#3768 = CARTESIAN_POINT('',(38.140843378838,-24.80779956023));
#3769 = CARTESIAN_POINT('',(38.890843378838,-25.24081226212));
#3770 = CARTESIAN_POINT('',(39.640843378838,-25.67382496402));
#3771 = CARTESIAN_POINT('',(38.890843378838,-26.10683766591));
#3772 = CARTESIAN_POINT('',(38.140843378838,-26.5398503678));
#3773 = CARTESIAN_POINT('',(38.140843378838,-25.67382496402));
#3774 = ( GEOMETRIC_REPRESENTATION_CONTEXT(2) 
PARAMETRIC_REPRESENTATION_CONTEXT() REPRESENTATION_CONTEXT('2D SPACE',''
  ) );
#3775 = PCURVE('',#3776,#3781);
#3776 = CYLINDRICAL_SURFACE('',#3777,0.5);
#3777 = AXIS2_PLACEMENT_3D('',#3778,#3779,#3780);
#3778 = CARTESIAN_POINT('',(105.13,-114.04,-1.E-02));
#3779 = DIRECTION('',(0.,0.,1.));
#3780 = DIRECTION('',(1.,0.,-0.));
#3781 = DEFINITIONAL_REPRESENTATION('',(#3782),#3786);
#3782 = LINE('',#3783,#3784);
#3783 = CARTESIAN_POINT('',(0.,1.E-02));
#3784 = VECTOR('',#3785,1.);
#3785 = DIRECTION('',(1.,0.));
#3786 = ( GEOMETRIC_REPRESENTATION_CONTEXT(2) 
PARAMETRIC_REPRESENTATION_CONTEXT() REPRESENTATION_CONTEXT('2D SPACE',''
  ) );
#3787 = FACE_BOUND('',#3788,.T.);
#3788 = EDGE_LOOP('',(#3789));
#3789 = ORIENTED_EDGE('',*,*,#3790,.T.);
#3790 = EDGE_CURVE('',#3791,#3791,#3793,.T.);
#3791 = VERTEX_POINT('',#3792);
#3792 = CARTESIAN_POINT('',(108.17,-111.48,0.));
#3793 = SURFACE_CURVE('',#3794,(#3799,#3810),.PCURVE_S1.);
#3794 = CIRCLE('',#3795,0.5);
#3795 = AXIS2_PLACEMENT_3D('',#3796,#3797,#3798);
#3796 = CARTESIAN_POINT('',(107.67,-111.48,0.));
#3797 = DIRECTION('',(0.,0.,1.));
#3798 = DIRECTION('',(1.,0.,-0.));
#3799 = PCURVE('',#144,#3800);
#3800 = DEFINITIONAL_REPRESENTATION('',(#3801),#3809);
#3801 = ( BOUNDED_CURVE() B_SPLINE_CURVE(2,(#3802,#3803,#3804,#3805,
#3806,#3807,#3808),.UNSPECIFIED.,.T.,.F.) B_SPLINE_CURVE_WITH_KNOTS((1,2
    ,2,2,2,1),(-2.094395102393,0.,2.094395102393,4.188790204786,
6.28318530718,8.377580409573),.UNSPECIFIED.) CURVE() 
GEOMETRIC_REPRESENTATION_ITEM() RATIONAL_B_SPLINE_CURVE((1.,0.5,1.,0.5,
1.,0.5,1.)) REPRESENTATION_ITEM('') );
#3802 = CARTESIAN_POINT('',(35.600843378838,-23.11382496402));
#3803 = CARTESIAN_POINT('',(35.600843378838,-22.24779956023));
#3804 = CARTESIAN_POINT('',(36.350843378838,-22.68081226212));
#3805 = CARTESIAN_POINT('',(37.100843378838,-23.11382496402));
#3806 = CARTESIAN_POINT('',(36.350843378838,-23.54683766591));
#3807 = CARTESIAN_POINT('',(35.600843378838,-23.9798503678));
#3808 = CARTESIAN_POINT('',(35.600843378838,-23.11382496402));
#3809 = ( GEOMETRIC_REPRESENTATION_CONTEXT(2) 
PARAMETRIC_REPRESENTATION_CONTEXT() REPRESENTATION_CONTEXT('2D SPACE',''
  ) );
#3810 = PCURVE('',#3811,#3816);
#3811 = CYLINDRICAL_SURFACE('',#3812,0.5);
#3812 = AXIS2_PLACEMENT_3D('',#3813,#3814,#3815);
#3813 = CARTESIAN_POINT('',(107.67,-111.48,-1.E-02));
#3814 = DIRECTION('',(0.,0.,1.));
#3815 = DIRECTION('',(1.,0.,-0.));
#3816 = DEFINITIONAL_REPRESENTATION('',(#3817),#3821);
#3817 = LINE('',#3818,#3819);
#3818 = CARTESIAN_POINT('',(0.,1.E-02));
#3819 = VECTOR('',#3820,1.);
#3820 = DIRECTION('',(1.,0.));
#3821 = ( GEOMETRIC_REPRESENTATION_CONTEXT(2) 
PARAMETRIC_REPRESENTATION_CONTEXT() REPRESENTATION_CONTEXT('2D SPACE',''
  ) );
#3822 = FACE_BOUND('',#3823,.T.);
#3823 = EDGE_LOOP('',(#3824));
#3824 = ORIENTED_EDGE('',*,*,#3825,.T.);
#3825 = EDGE_CURVE('',#3826,#3826,#3828,.T.);
#3826 = VERTEX_POINT('',#3827);
#3827 = CARTESIAN_POINT('',(105.63,-111.48,0.));
#3828 = SURFACE_CURVE('',#3829,(#3834,#3845),.PCURVE_S1.);
#3829 = CIRCLE('',#3830,0.5);
#3830 = AXIS2_PLACEMENT_3D('',#3831,#3832,#3833);
#3831 = CARTESIAN_POINT('',(105.13,-111.48,0.));
#3832 = DIRECTION('',(0.,0.,1.));
#3833 = DIRECTION('',(1.,0.,-0.));
#3834 = PCURVE('',#144,#3835);
#3835 = DEFINITIONAL_REPRESENTATION('',(#3836),#3844);
#3836 = ( BOUNDED_CURVE() B_SPLINE_CURVE(2,(#3837,#3838,#3839,#3840,
#3841,#3842,#3843),.UNSPECIFIED.,.T.,.F.) B_SPLINE_CURVE_WITH_KNOTS((1,2
    ,2,2,2,1),(-2.094395102393,0.,2.094395102393,4.188790204786,
6.28318530718,8.377580409573),.UNSPECIFIED.) CURVE() 
GEOMETRIC_REPRESENTATION_ITEM() RATIONAL_B_SPLINE_CURVE((1.,0.5,1.,0.5,
1.,0.5,1.)) REPRESENTATION_ITEM('') );
#3837 = CARTESIAN_POINT('',(38.140843378838,-23.11382496402));
#3838 = CARTESIAN_POINT('',(38.140843378838,-22.24779956023));
#3839 = CARTESIAN_POINT('',(38.890843378838,-22.68081226212));
#3840 = CARTESIAN_POINT('',(39.640843378838,-23.11382496402));
#3841 = CARTESIAN_POINT('',(38.890843378838,-23.54683766591));
#3842 = CARTESIAN_POINT('',(38.140843378838,-23.9798503678));
#3843 = CARTESIAN_POINT('',(38.140843378838,-23.11382496402));
#3844 = ( GEOMETRIC_REPRESENTATION_CONTEXT(2) 
PARAMETRIC_REPRESENTATION_CONTEXT() REPRESENTATION_CONTEXT('2D SPACE',''
  ) );
#3845 = PCURVE('',#3846,#3851);
#3846 = CYLINDRICAL_SURFACE('',#3847,0.5);
#3847 = AXIS2_PLACEMENT_3D('',#3848,#3849,#3850);
#3848 = CARTESIAN_POINT('',(105.13,-111.48,-1.E-02));
#3849 = DIRECTION('',(0.,0.,1.));
#3850 = DIRECTION('',(1.,0.,-0.));
#3851 = DEFINITIONAL_REPRESENTATION('',(#3852),#3856);
#3852 = LINE('',#3853,#3854);
#3853 = CARTESIAN_POINT('',(0.,1.E-02));
#3854 = VECTOR('',#3855,1.);
#3855 = DIRECTION('',(1.,0.));
#3856 = ( GEOMETRIC_REPRESENTATION_CONTEXT(2) 
PARAMETRIC_REPRESENTATION_CONTEXT() REPRESENTATION_CONTEXT('2D SPACE',''
  ) );
#3857 = FACE_BOUND('',#3858,.T.);
#3858 = EDGE_LOOP('',(#3859));
#3859 = ORIENTED_EDGE('',*,*,#3860,.T.);
#3860 = EDGE_CURVE('',#3861,#3861,#3863,.T.);
#3861 = VERTEX_POINT('',#3862);
#3862 = CARTESIAN_POINT('',(103.09,-114.04,0.));
#3863 = SURFACE_CURVE('',#3864,(#3869,#3880),.PCURVE_S1.);
#3864 = CIRCLE('',#3865,0.5);
#3865 = AXIS2_PLACEMENT_3D('',#3866,#3867,#3868);
#3866 = CARTESIAN_POINT('',(102.59,-114.04,0.));
#3867 = DIRECTION('',(0.,0.,1.));
#3868 = DIRECTION('',(1.,0.,-0.));
#3869 = PCURVE('',#144,#3870);
#3870 = DEFINITIONAL_REPRESENTATION('',(#3871),#3879);
#3871 = ( BOUNDED_CURVE() B_SPLINE_CURVE(2,(#3872,#3873,#3874,#3875,
#3876,#3877,#3878),.UNSPECIFIED.,.T.,.F.) B_SPLINE_CURVE_WITH_KNOTS((1,2
    ,2,2,2,1),(-2.094395102393,0.,2.094395102393,4.188790204786,
6.28318530718,8.377580409573),.UNSPECIFIED.) CURVE() 
GEOMETRIC_REPRESENTATION_ITEM() RATIONAL_B_SPLINE_CURVE((1.,0.5,1.,0.5,
1.,0.5,1.)) REPRESENTATION_ITEM('') );
#3872 = CARTESIAN_POINT('',(40.680843378838,-25.67382496402));
#3873 = CARTESIAN_POINT('',(40.680843378838,-24.80779956023));
#3874 = CARTESIAN_POINT('',(41.430843378838,-25.24081226212));
#3875 = CARTESIAN_POINT('',(42.180843378838,-25.67382496402));
#3876 = CARTESIAN_POINT('',(41.430843378838,-26.10683766591));
#3877 = CARTESIAN_POINT('',(40.680843378838,-26.5398503678));
#3878 = CARTESIAN_POINT('',(40.680843378838,-25.67382496402));
#3879 = ( GEOMETRIC_REPRESENTATION_CONTEXT(2) 
PARAMETRIC_REPRESENTATION_CONTEXT() REPRESENTATION_CONTEXT('2D SPACE',''
  ) );
#3880 = PCURVE('',#3881,#3886);
#3881 = CYLINDRICAL_SURFACE('',#3882,0.5);
#3882 = AXIS2_PLACEMENT_3D('',#3883,#3884,#3885);
#3883 = CARTESIAN_POINT('',(102.59,-114.04,-1.E-02));
#3884 = DIRECTION('',(0.,0.,1.));
#3885 = DIRECTION('',(1.,0.,-0.));
#3886 = DEFINITIONAL_REPRESENTATION('',(#3887),#3891);
#3887 = LINE('',#3888,#3889);
#3888 = CARTESIAN_POINT('',(0.,1.E-02));
#3889 = VECTOR('',#3890,1.);
#3890 = DIRECTION('',(1.,0.));
#3891 = ( GEOMETRIC_REPRESENTATION_CONTEXT(2) 
PARAMETRIC_REPRESENTATION_CONTEXT() REPRESENTATION_CONTEXT('2D SPACE',''
  ) );
#3892 = FACE_BOUND('',#3893,.T.);
#3893 = EDGE_LOOP('',(#3894));
#3894 = ORIENTED_EDGE('',*,*,#3895,.T.);
#3895 = EDGE_CURVE('',#3896,#3896,#3898,.T.);
#3896 = VERTEX_POINT('',#3897);
#3897 = CARTESIAN_POINT('',(100.55,-114.04,0.));
#3898 = SURFACE_CURVE('',#3899,(#3904,#3915),.PCURVE_S1.);
#3899 = CIRCLE('',#3900,0.5);
#3900 = AXIS2_PLACEMENT_3D('',#3901,#3902,#3903);
#3901 = CARTESIAN_POINT('',(100.05,-114.04,0.));
#3902 = DIRECTION('',(0.,0.,1.));
#3903 = DIRECTION('',(1.,0.,-0.));
#3904 = PCURVE('',#144,#3905);
#3905 = DEFINITIONAL_REPRESENTATION('',(#3906),#3914);
#3906 = ( BOUNDED_CURVE() B_SPLINE_CURVE(2,(#3907,#3908,#3909,#3910,
#3911,#3912,#3913),.UNSPECIFIED.,.T.,.F.) B_SPLINE_CURVE_WITH_KNOTS((1,2
    ,2,2,2,1),(-2.094395102393,0.,2.094395102393,4.188790204786,
6.28318530718,8.377580409573),.UNSPECIFIED.) CURVE() 
GEOMETRIC_REPRESENTATION_ITEM() RATIONAL_B_SPLINE_CURVE((1.,0.5,1.,0.5,
1.,0.5,1.)) REPRESENTATION_ITEM('') );
#3907 = CARTESIAN_POINT('',(43.220843378838,-25.67382496402));
#3908 = CARTESIAN_POINT('',(43.220843378838,-24.80779956023));
#3909 = CARTESIAN_POINT('',(43.970843378838,-25.24081226212));
#3910 = CARTESIAN_POINT('',(44.720843378838,-25.67382496402));
#3911 = CARTESIAN_POINT('',(43.970843378838,-26.10683766591));
#3912 = CARTESIAN_POINT('',(43.220843378838,-26.5398503678));
#3913 = CARTESIAN_POINT('',(43.220843378838,-25.67382496402));
#3914 = ( GEOMETRIC_REPRESENTATION_CONTEXT(2) 
PARAMETRIC_REPRESENTATION_CONTEXT() REPRESENTATION_CONTEXT('2D SPACE',''
  ) );
#3915 = PCURVE('',#3916,#3921);
#3916 = CYLINDRICAL_SURFACE('',#3917,0.5);
#3917 = AXIS2_PLACEMENT_3D('',#3918,#3919,#3920);
#3918 = CARTESIAN_POINT('',(100.05,-114.04,-1.E-02));
#3919 = DIRECTION('',(0.,0.,1.));
#3920 = DIRECTION('',(1.,0.,-0.));
#3921 = DEFINITIONAL_REPRESENTATION('',(#3922),#3926);
#3922 = LINE('',#3923,#3924);
#3923 = CARTESIAN_POINT('',(0.,1.E-02));
#3924 = VECTOR('',#3925,1.);
#3925 = DIRECTION('',(1.,0.));
#3926 = ( GEOMETRIC_REPRESENTATION_CONTEXT(2) 
PARAMETRIC_REPRESENTATION_CONTEXT() REPRESENTATION_CONTEXT('2D SPACE',''
  ) );
#3927 = FACE_BOUND('',#3928,.T.);
#3928 = EDGE_LOOP('',(#3929));
#3929 = ORIENTED_EDGE('',*,*,#3930,.T.);
#3930 = EDGE_CURVE('',#3931,#3931,#3933,.T.);
#3931 = VERTEX_POINT('',#3932);
#3932 = CARTESIAN_POINT('',(103.09,-111.48,0.));
#3933 = SURFACE_CURVE('',#3934,(#3939,#3950),.PCURVE_S1.);
#3934 = CIRCLE('',#3935,0.5);
#3935 = AXIS2_PLACEMENT_3D('',#3936,#3937,#3938);
#3936 = CARTESIAN_POINT('',(102.59,-111.48,0.));
#3937 = DIRECTION('',(0.,0.,1.));
#3938 = DIRECTION('',(1.,0.,-0.));
#3939 = PCURVE('',#144,#3940);
#3940 = DEFINITIONAL_REPRESENTATION('',(#3941),#3949);
#3941 = ( BOUNDED_CURVE() B_SPLINE_CURVE(2,(#3942,#3943,#3944,#3945,
#3946,#3947,#3948),.UNSPECIFIED.,.T.,.F.) B_SPLINE_CURVE_WITH_KNOTS((1,2
    ,2,2,2,1),(-2.094395102393,0.,2.094395102393,4.188790204786,
6.28318530718,8.377580409573),.UNSPECIFIED.) CURVE() 
GEOMETRIC_REPRESENTATION_ITEM() RATIONAL_B_SPLINE_CURVE((1.,0.5,1.,0.5,
1.,0.5,1.)) REPRESENTATION_ITEM('') );
#3942 = CARTESIAN_POINT('',(40.680843378838,-23.11382496402));
#3943 = CARTESIAN_POINT('',(40.680843378838,-22.24779956023));
#3944 = CARTESIAN_POINT('',(41.430843378838,-22.68081226212));
#3945 = CARTESIAN_POINT('',(42.180843378838,-23.11382496402));
#3946 = CARTESIAN_POINT('',(41.430843378838,-23.54683766591));
#3947 = CARTESIAN_POINT('',(40.680843378838,-23.9798503678));
#3948 = CARTESIAN_POINT('',(40.680843378838,-23.11382496402));
#3949 = ( GEOMETRIC_REPRESENTATION_CONTEXT(2) 
PARAMETRIC_REPRESENTATION_CONTEXT() REPRESENTATION_CONTEXT('2D SPACE',''
  ) );
#3950 = PCURVE('',#3951,#3956);
#3951 = CYLINDRICAL_SURFACE('',#3952,0.5);
#3952 = AXIS2_PLACEMENT_3D('',#3953,#3954,#3955);
#3953 = CARTESIAN_POINT('',(102.59,-111.48,-1.E-02));
#3954 = DIRECTION('',(0.,0.,1.));
#3955 = DIRECTION('',(1.,0.,-0.));
#3956 = DEFINITIONAL_REPRESENTATION('',(#3957),#3961);
#3957 = LINE('',#3958,#3959);
#3958 = CARTESIAN_POINT('',(0.,1.E-02));
#3959 = VECTOR('',#3960,1.);
#3960 = DIRECTION('',(1.,0.));
#3961 = ( GEOMETRIC_REPRESENTATION_CONTEXT(2) 
PARAMETRIC_REPRESENTATION_CONTEXT() REPRESENTATION_CONTEXT('2D SPACE',''
  ) );
#3962 = FACE_BOUND('',#3963,.T.);
#3963 = EDGE_LOOP('',(#3964));
#3964 = ORIENTED_EDGE('',*,*,#3965,.T.);
#3965 = EDGE_CURVE('',#3966,#3966,#3968,.T.);
#3966 = VERTEX_POINT('',#3967);
#3967 = CARTESIAN_POINT('',(100.55,-111.48,0.));
#3968 = SURFACE_CURVE('',#3969,(#3974,#3985),.PCURVE_S1.);
#3969 = CIRCLE('',#3970,0.5);
#3970 = AXIS2_PLACEMENT_3D('',#3971,#3972,#3973);
#3971 = CARTESIAN_POINT('',(100.05,-111.48,0.));
#3972 = DIRECTION('',(0.,0.,1.));
#3973 = DIRECTION('',(1.,0.,-0.));
#3974 = PCURVE('',#144,#3975);
#3975 = DEFINITIONAL_REPRESENTATION('',(#3976),#3984);
#3976 = ( BOUNDED_CURVE() B_SPLINE_CURVE(2,(#3977,#3978,#3979,#3980,
#3981,#3982,#3983),.UNSPECIFIED.,.T.,.F.) B_SPLINE_CURVE_WITH_KNOTS((1,2
    ,2,2,2,1),(-2.094395102393,0.,2.094395102393,4.188790204786,
6.28318530718,8.377580409573),.UNSPECIFIED.) CURVE() 
GEOMETRIC_REPRESENTATION_ITEM() RATIONAL_B_SPLINE_CURVE((1.,0.5,1.,0.5,
1.,0.5,1.)) REPRESENTATION_ITEM('') );
#3977 = CARTESIAN_POINT('',(43.220843378838,-23.11382496402));
#3978 = CARTESIAN_POINT('',(43.220843378838,-22.24779956023));
#3979 = CARTESIAN_POINT('',(43.970843378838,-22.68081226212));
#3980 = CARTESIAN_POINT('',(44.720843378838,-23.11382496402));
#3981 = CARTESIAN_POINT('',(43.970843378838,-23.54683766591));
#3982 = CARTESIAN_POINT('',(43.220843378838,-23.9798503678));
#3983 = CARTESIAN_POINT('',(43.220843378838,-23.11382496402));
#3984 = ( GEOMETRIC_REPRESENTATION_CONTEXT(2) 
PARAMETRIC_REPRESENTATION_CONTEXT() REPRESENTATION_CONTEXT('2D SPACE',''
  ) );
#3985 = PCURVE('',#3986,#3991);
#3986 = CYLINDRICAL_SURFACE('',#3987,0.5);
#3987 = AXIS2_PLACEMENT_3D('',#3988,#3989,#3990);
#3988 = CARTESIAN_POINT('',(100.05,-111.48,-1.E-02));
#3989 = DIRECTION('',(0.,0.,1.));
#3990 = DIRECTION('',(1.,0.,-0.));
#3991 = DEFINITIONAL_REPRESENTATION('',(#3992),#3996);
#3992 = LINE('',#3993,#3994);
#3993 = CARTESIAN_POINT('',(0.,1.E-02));
#3994 = VECTOR('',#3995,1.);
#3995 = DIRECTION('',(1.,0.));
#3996 = ( GEOMETRIC_REPRESENTATION_CONTEXT(2) 
PARAMETRIC_REPRESENTATION_CONTEXT() REPRESENTATION_CONTEXT('2D SPACE',''
  ) );
#3997 = FACE_BOUND('',#3998,.T.);
#3998 = EDGE_LOOP('',(#3999));
#3999 = ORIENTED_EDGE('',*,*,#4000,.T.);
#4000 = EDGE_CURVE('',#4001,#4001,#4003,.T.);
#4001 = VERTEX_POINT('',#4002);
#4002 = CARTESIAN_POINT('',(183.38,-83.82,0.));
#4003 = SURFACE_CURVE('',#4004,(#4009,#4020),.PCURVE_S1.);
#4004 = CIRCLE('',#4005,0.5);
#4005 = AXIS2_PLACEMENT_3D('',#4006,#4007,#4008);
#4006 = CARTESIAN_POINT('',(182.88,-83.82,0.));
#4007 = DIRECTION('',(0.,0.,1.));
#4008 = DIRECTION('',(1.,0.,-0.));
#4009 = PCURVE('',#144,#4010);
#4010 = DEFINITIONAL_REPRESENTATION('',(#4011),#4019);
#4011 = ( BOUNDED_CURVE() B_SPLINE_CURVE(2,(#4012,#4013,#4014,#4015,
#4016,#4017,#4018),.UNSPECIFIED.,.T.,.F.) B_SPLINE_CURVE_WITH_KNOTS((1,2
    ,2,2,2,1),(-2.094395102393,0.,2.094395102393,4.188790204786,
6.28318530718,8.377580409573),.UNSPECIFIED.) CURVE() 
GEOMETRIC_REPRESENTATION_ITEM() RATIONAL_B_SPLINE_CURVE((1.,0.5,1.,0.5,
1.,0.5,1.)) REPRESENTATION_ITEM('') );
#4012 = CARTESIAN_POINT('',(-39.60915662116,4.546175035979));
#4013 = CARTESIAN_POINT('',(-39.60915662116,5.412200439763));
#4014 = CARTESIAN_POINT('',(-38.85915662116,4.979187737871));
#4015 = CARTESIAN_POINT('',(-38.10915662116,4.546175035979));
#4016 = CARTESIAN_POINT('',(-38.85915662116,4.113162334086));
#4017 = CARTESIAN_POINT('',(-39.60915662116,3.680149632194));
#4018 = CARTESIAN_POINT('',(-39.60915662116,4.546175035979));
#4019 = ( GEOMETRIC_REPRESENTATION_CONTEXT(2) 
PARAMETRIC_REPRESENTATION_CONTEXT() REPRESENTATION_CONTEXT('2D SPACE',''
  ) );
#4020 = PCURVE('',#4021,#4026);
#4021 = CYLINDRICAL_SURFACE('',#4022,0.5);
#4022 = AXIS2_PLACEMENT_3D('',#4023,#4024,#4025);
#4023 = CARTESIAN_POINT('',(182.88,-83.82,-1.E-02));
#4024 = DIRECTION('',(0.,0.,1.));
#4025 = DIRECTION('',(1.,0.,-0.));
#4026 = DEFINITIONAL_REPRESENTATION('',(#4027),#4031);
#4027 = LINE('',#4028,#4029);
#4028 = CARTESIAN_POINT('',(0.,1.E-02));
#4029 = VECTOR('',#4030,1.);
#4030 = DIRECTION('',(1.,0.));
#4031 = ( GEOMETRIC_REPRESENTATION_CONTEXT(2) 
PARAMETRIC_REPRESENTATION_CONTEXT() REPRESENTATION_CONTEXT('2D SPACE',''
  ) );
#4032 = FACE_BOUND('',#4033,.T.);
#4033 = EDGE_LOOP('',(#4034));
#4034 = ORIENTED_EDGE('',*,*,#4035,.T.);
#4035 = EDGE_CURVE('',#4036,#4036,#4038,.T.);
#4036 = VERTEX_POINT('',#4037);
#4037 = CARTESIAN_POINT('',(183.38,-81.28,0.));
#4038 = SURFACE_CURVE('',#4039,(#4044,#4055),.PCURVE_S1.);
#4039 = CIRCLE('',#4040,0.5);
#4040 = AXIS2_PLACEMENT_3D('',#4041,#4042,#4043);
#4041 = CARTESIAN_POINT('',(182.88,-81.28,0.));
#4042 = DIRECTION('',(0.,0.,1.));
#4043 = DIRECTION('',(1.,0.,-0.));
#4044 = PCURVE('',#144,#4045);
#4045 = DEFINITIONAL_REPRESENTATION('',(#4046),#4054);
#4046 = ( BOUNDED_CURVE() B_SPLINE_CURVE(2,(#4047,#4048,#4049,#4050,
#4051,#4052,#4053),.UNSPECIFIED.,.T.,.F.) B_SPLINE_CURVE_WITH_KNOTS((1,2
    ,2,2,2,1),(-2.094395102393,0.,2.094395102393,4.188790204786,
6.28318530718,8.377580409573),.UNSPECIFIED.) CURVE() 
GEOMETRIC_REPRESENTATION_ITEM() RATIONAL_B_SPLINE_CURVE((1.,0.5,1.,0.5,
1.,0.5,1.)) REPRESENTATION_ITEM('') );
#4047 = CARTESIAN_POINT('',(-39.60915662116,7.086175035979));
#4048 = CARTESIAN_POINT('',(-39.60915662116,7.952200439763));
#4049 = CARTESIAN_POINT('',(-38.85915662116,7.519187737871));
#4050 = CARTESIAN_POINT('',(-38.10915662116,7.086175035979));
#4051 = CARTESIAN_POINT('',(-38.85915662116,6.653162334086));
#4052 = CARTESIAN_POINT('',(-39.60915662116,6.220149632194));
#4053 = CARTESIAN_POINT('',(-39.60915662116,7.086175035979));
#4054 = ( GEOMETRIC_REPRESENTATION_CONTEXT(2) 
PARAMETRIC_REPRESENTATION_CONTEXT() REPRESENTATION_CONTEXT('2D SPACE',''
  ) );
#4055 = PCURVE('',#4056,#4061);
#4056 = CYLINDRICAL_SURFACE('',#4057,0.5);
#4057 = AXIS2_PLACEMENT_3D('',#4058,#4059,#4060);
#4058 = CARTESIAN_POINT('',(182.88,-81.28,-1.E-02));
#4059 = DIRECTION('',(0.,0.,1.));
#4060 = DIRECTION('',(1.,0.,-0.));
#4061 = DEFINITIONAL_REPRESENTATION('',(#4062),#4066);
#4062 = LINE('',#4063,#4064);
#4063 = CARTESIAN_POINT('',(0.,1.E-02));
#4064 = VECTOR('',#4065,1.);
#4065 = DIRECTION('',(1.,0.));
#4066 = ( GEOMETRIC_REPRESENTATION_CONTEXT(2) 
PARAMETRIC_REPRESENTATION_CONTEXT() REPRESENTATION_CONTEXT('2D SPACE',''
  ) );
#4067 = FACE_BOUND('',#4068,.T.);
#4068 = EDGE_LOOP('',(#4069));
#4069 = ORIENTED_EDGE('',*,*,#4070,.T.);
#4070 = EDGE_CURVE('',#4071,#4071,#4073,.T.);
#4071 = VERTEX_POINT('',#4072);
#4072 = CARTESIAN_POINT('',(183.38,-78.74,0.));
#4073 = SURFACE_CURVE('',#4074,(#4079,#4090),.PCURVE_S1.);
#4074 = CIRCLE('',#4075,0.5);
#4075 = AXIS2_PLACEMENT_3D('',#4076,#4077,#4078);
#4076 = CARTESIAN_POINT('',(182.88,-78.74,0.));
#4077 = DIRECTION('',(0.,0.,1.));
#4078 = DIRECTION('',(1.,0.,-0.));
#4079 = PCURVE('',#144,#4080);
#4080 = DEFINITIONAL_REPRESENTATION('',(#4081),#4089);
#4081 = ( BOUNDED_CURVE() B_SPLINE_CURVE(2,(#4082,#4083,#4084,#4085,
#4086,#4087,#4088),.UNSPECIFIED.,.T.,.F.) B_SPLINE_CURVE_WITH_KNOTS((1,2
    ,2,2,2,1),(-2.094395102393,0.,2.094395102393,4.188790204786,
6.28318530718,8.377580409573),.UNSPECIFIED.) CURVE() 
GEOMETRIC_REPRESENTATION_ITEM() RATIONAL_B_SPLINE_CURVE((1.,0.5,1.,0.5,
1.,0.5,1.)) REPRESENTATION_ITEM('') );
#4082 = CARTESIAN_POINT('',(-39.60915662116,9.626175035979));
#4083 = CARTESIAN_POINT('',(-39.60915662116,10.492200439763));
#4084 = CARTESIAN_POINT('',(-38.85915662116,10.059187737871));
#4085 = CARTESIAN_POINT('',(-38.10915662116,9.626175035979));
#4086 = CARTESIAN_POINT('',(-38.85915662116,9.193162334086));
#4087 = CARTESIAN_POINT('',(-39.60915662116,8.760149632194));
#4088 = CARTESIAN_POINT('',(-39.60915662116,9.626175035979));
#4089 = ( GEOMETRIC_REPRESENTATION_CONTEXT(2) 
PARAMETRIC_REPRESENTATION_CONTEXT() REPRESENTATION_CONTEXT('2D SPACE',''
  ) );
#4090 = PCURVE('',#4091,#4096);
#4091 = CYLINDRICAL_SURFACE('',#4092,0.5);
#4092 = AXIS2_PLACEMENT_3D('',#4093,#4094,#4095);
#4093 = CARTESIAN_POINT('',(182.88,-78.74,-1.E-02));
#4094 = DIRECTION('',(0.,0.,1.));
#4095 = DIRECTION('',(1.,0.,-0.));
#4096 = DEFINITIONAL_REPRESENTATION('',(#4097),#4101);
#4097 = LINE('',#4098,#4099);
#4098 = CARTESIAN_POINT('',(0.,1.E-02));
#4099 = VECTOR('',#4100,1.);
#4100 = DIRECTION('',(1.,0.));
#4101 = ( GEOMETRIC_REPRESENTATION_CONTEXT(2) 
PARAMETRIC_REPRESENTATION_CONTEXT() REPRESENTATION_CONTEXT('2D SPACE',''
  ) );
#4102 = FACE_BOUND('',#4103,.T.);
#4103 = EDGE_LOOP('',(#4104));
#4104 = ORIENTED_EDGE('',*,*,#4105,.T.);
#4105 = EDGE_CURVE('',#4106,#4106,#4108,.T.);
#4106 = VERTEX_POINT('',#4107);
#4107 = CARTESIAN_POINT('',(169.41,-85.09,0.));
#4108 = SURFACE_CURVE('',#4109,(#4114,#4125),.PCURVE_S1.);
#4109 = CIRCLE('',#4110,0.5);
#4110 = AXIS2_PLACEMENT_3D('',#4111,#4112,#4113);
#4111 = CARTESIAN_POINT('',(168.91,-85.09,0.));
#4112 = DIRECTION('',(0.,0.,1.));
#4113 = DIRECTION('',(1.,0.,-0.));
#4114 = PCURVE('',#144,#4115);
#4115 = DEFINITIONAL_REPRESENTATION('',(#4116),#4124);
#4116 = ( BOUNDED_CURVE() B_SPLINE_CURVE(2,(#4117,#4118,#4119,#4120,
#4121,#4122,#4123),.UNSPECIFIED.,.T.,.F.) B_SPLINE_CURVE_WITH_KNOTS((1,2
    ,2,2,2,1),(-2.094395102393,0.,2.094395102393,4.188790204786,
6.28318530718,8.377580409573),.UNSPECIFIED.) CURVE() 
GEOMETRIC_REPRESENTATION_ITEM() RATIONAL_B_SPLINE_CURVE((1.,0.5,1.,0.5,
1.,0.5,1.)) REPRESENTATION_ITEM('') );
#4117 = CARTESIAN_POINT('',(-25.63915662116,3.276175035979));
#4118 = CARTESIAN_POINT('',(-25.63915662116,4.142200439763));
#4119 = CARTESIAN_POINT('',(-24.88915662116,3.709187737871));
#4120 = CARTESIAN_POINT('',(-24.13915662116,3.276175035979));
#4121 = CARTESIAN_POINT('',(-24.88915662116,2.843162334086));
#4122 = CARTESIAN_POINT('',(-25.63915662116,2.410149632194));
#4123 = CARTESIAN_POINT('',(-25.63915662116,3.276175035979));
#4124 = ( GEOMETRIC_REPRESENTATION_CONTEXT(2) 
PARAMETRIC_REPRESENTATION_CONTEXT() REPRESENTATION_CONTEXT('2D SPACE',''
  ) );
#4125 = PCURVE('',#4126,#4131);
#4126 = CYLINDRICAL_SURFACE('',#4127,0.5);
#4127 = AXIS2_PLACEMENT_3D('',#4128,#4129,#4130);
#4128 = CARTESIAN_POINT('',(168.91,-85.09,-1.E-02));
#4129 = DIRECTION('',(0.,0.,1.));
#4130 = DIRECTION('',(1.,0.,-0.));
#4131 = DEFINITIONAL_REPRESENTATION('',(#4132),#4136);
#4132 = LINE('',#4133,#4134);
#4133 = CARTESIAN_POINT('',(0.,1.E-02));
#4134 = VECTOR('',#4135,1.);
#4135 = DIRECTION('',(1.,0.));
#4136 = ( GEOMETRIC_REPRESENTATION_CONTEXT(2) 
PARAMETRIC_REPRESENTATION_CONTEXT() REPRESENTATION_CONTEXT('2D SPACE',''
  ) );
#4137 = FACE_BOUND('',#4138,.T.);
#4138 = EDGE_LOOP('',(#4139));
#4139 = ORIENTED_EDGE('',*,*,#4140,.T.);
#4140 = EDGE_CURVE('',#4141,#4141,#4143,.T.);
#4141 = VERTEX_POINT('',#4142);
#4142 = CARTESIAN_POINT('',(169.41,-82.55,0.));
#4143 = SURFACE_CURVE('',#4144,(#4149,#4160),.PCURVE_S1.);
#4144 = CIRCLE('',#4145,0.5);
#4145 = AXIS2_PLACEMENT_3D('',#4146,#4147,#4148);
#4146 = CARTESIAN_POINT('',(168.91,-82.55,0.));
#4147 = DIRECTION('',(0.,0.,1.));
#4148 = DIRECTION('',(1.,0.,-0.));
#4149 = PCURVE('',#144,#4150);
#4150 = DEFINITIONAL_REPRESENTATION('',(#4151),#4159);
#4151 = ( BOUNDED_CURVE() B_SPLINE_CURVE(2,(#4152,#4153,#4154,#4155,
#4156,#4157,#4158),.UNSPECIFIED.,.T.,.F.) B_SPLINE_CURVE_WITH_KNOTS((1,2
    ,2,2,2,1),(-2.094395102393,0.,2.094395102393,4.188790204786,
6.28318530718,8.377580409573),.UNSPECIFIED.) CURVE() 
GEOMETRIC_REPRESENTATION_ITEM() RATIONAL_B_SPLINE_CURVE((1.,0.5,1.,0.5,
1.,0.5,1.)) REPRESENTATION_ITEM('') );
#4152 = CARTESIAN_POINT('',(-25.63915662116,5.816175035979));
#4153 = CARTESIAN_POINT('',(-25.63915662116,6.682200439763));
#4154 = CARTESIAN_POINT('',(-24.88915662116,6.249187737871));
#4155 = CARTESIAN_POINT('',(-24.13915662116,5.816175035979));
#4156 = CARTESIAN_POINT('',(-24.88915662116,5.383162334086));
#4157 = CARTESIAN_POINT('',(-25.63915662116,4.950149632194));
#4158 = CARTESIAN_POINT('',(-25.63915662116,5.816175035979));
#4159 = ( GEOMETRIC_REPRESENTATION_CONTEXT(2) 
PARAMETRIC_REPRESENTATION_CONTEXT() REPRESENTATION_CONTEXT('2D SPACE',''
  ) );
#4160 = PCURVE('',#4161,#4166);
#4161 = CYLINDRICAL_SURFACE('',#4162,0.5);
#4162 = AXIS2_PLACEMENT_3D('',#4163,#4164,#4165);
#4163 = CARTESIAN_POINT('',(168.91,-82.55,-1.E-02));
#4164 = DIRECTION('',(0.,0.,1.));
#4165 = DIRECTION('',(1.,0.,-0.));
#4166 = DEFINITIONAL_REPRESENTATION('',(#4167),#4171);
#4167 = LINE('',#4168,#4169);
#4168 = CARTESIAN_POINT('',(0.,1.E-02));
#4169 = VECTOR('',#4170,1.);
#4170 = DIRECTION('',(1.,0.));
#4171 = ( GEOMETRIC_REPRESENTATION_CONTEXT(2) 
PARAMETRIC_REPRESENTATION_CONTEXT() REPRESENTATION_CONTEXT('2D SPACE',''
  ) );
#4172 = FACE_BOUND('',#4173,.T.);
#4173 = EDGE_LOOP('',(#4174));
#4174 = ORIENTED_EDGE('',*,*,#4175,.T.);
#4175 = EDGE_CURVE('',#4176,#4176,#4178,.T.);
#4176 = VERTEX_POINT('',#4177);
#4177 = CARTESIAN_POINT('',(169.41,-80.01,0.));
#4178 = SURFACE_CURVE('',#4179,(#4184,#4195),.PCURVE_S1.);
#4179 = CIRCLE('',#4180,0.5);
#4180 = AXIS2_PLACEMENT_3D('',#4181,#4182,#4183);
#4181 = CARTESIAN_POINT('',(168.91,-80.01,0.));
#4182 = DIRECTION('',(0.,0.,1.));
#4183 = DIRECTION('',(1.,0.,-0.));
#4184 = PCURVE('',#144,#4185);
#4185 = DEFINITIONAL_REPRESENTATION('',(#4186),#4194);
#4186 = ( BOUNDED_CURVE() B_SPLINE_CURVE(2,(#4187,#4188,#4189,#4190,
#4191,#4192,#4193),.UNSPECIFIED.,.T.,.F.) B_SPLINE_CURVE_WITH_KNOTS((1,2
    ,2,2,2,1),(-2.094395102393,0.,2.094395102393,4.188790204786,
6.28318530718,8.377580409573),.UNSPECIFIED.) CURVE() 
GEOMETRIC_REPRESENTATION_ITEM() RATIONAL_B_SPLINE_CURVE((1.,0.5,1.,0.5,
1.,0.5,1.)) REPRESENTATION_ITEM('') );
#4187 = CARTESIAN_POINT('',(-25.63915662116,8.356175035979));
#4188 = CARTESIAN_POINT('',(-25.63915662116,9.222200439763));
#4189 = CARTESIAN_POINT('',(-24.88915662116,8.789187737871));
#4190 = CARTESIAN_POINT('',(-24.13915662116,8.356175035979));
#4191 = CARTESIAN_POINT('',(-24.88915662116,7.923162334086));
#4192 = CARTESIAN_POINT('',(-25.63915662116,7.490149632194));
#4193 = CARTESIAN_POINT('',(-25.63915662116,8.356175035979));
#4194 = ( GEOMETRIC_REPRESENTATION_CONTEXT(2) 
PARAMETRIC_REPRESENTATION_CONTEXT() REPRESENTATION_CONTEXT('2D SPACE',''
  ) );
#4195 = PCURVE('',#4196,#4201);
#4196 = CYLINDRICAL_SURFACE('',#4197,0.5);
#4197 = AXIS2_PLACEMENT_3D('',#4198,#4199,#4200);
#4198 = CARTESIAN_POINT('',(168.91,-80.01,-1.E-02));
#4199 = DIRECTION('',(0.,0.,1.));
#4200 = DIRECTION('',(1.,0.,-0.));
#4201 = DEFINITIONAL_REPRESENTATION('',(#4202),#4206);
#4202 = LINE('',#4203,#4204);
#4203 = CARTESIAN_POINT('',(0.,1.E-02));
#4204 = VECTOR('',#4205,1.);
#4205 = DIRECTION('',(1.,0.));
#4206 = ( GEOMETRIC_REPRESENTATION_CONTEXT(2) 
PARAMETRIC_REPRESENTATION_CONTEXT() REPRESENTATION_CONTEXT('2D SPACE',''
  ) );
#4207 = FACE_BOUND('',#4208,.T.);
#4208 = EDGE_LOOP('',(#4209));
#4209 = ORIENTED_EDGE('',*,*,#4210,.T.);
#4210 = EDGE_CURVE('',#4211,#4211,#4213,.T.);
#4211 = VERTEX_POINT('',#4212);
#4212 = CARTESIAN_POINT('',(183.38,-76.2,0.));
#4213 = SURFACE_CURVE('',#4214,(#4219,#4230),.PCURVE_S1.);
#4214 = CIRCLE('',#4215,0.5);
#4215 = AXIS2_PLACEMENT_3D('',#4216,#4217,#4218);
#4216 = CARTESIAN_POINT('',(182.88,-76.2,0.));
#4217 = DIRECTION('',(0.,0.,1.));
#4218 = DIRECTION('',(1.,0.,-0.));
#4219 = PCURVE('',#144,#4220);
#4220 = DEFINITIONAL_REPRESENTATION('',(#4221),#4229);
#4221 = ( BOUNDED_CURVE() B_SPLINE_CURVE(2,(#4222,#4223,#4224,#4225,
#4226,#4227,#4228),.UNSPECIFIED.,.T.,.F.) B_SPLINE_CURVE_WITH_KNOTS((1,2
    ,2,2,2,1),(-2.094395102393,0.,2.094395102393,4.188790204786,
6.28318530718,8.377580409573),.UNSPECIFIED.) CURVE() 
GEOMETRIC_REPRESENTATION_ITEM() RATIONAL_B_SPLINE_CURVE((1.,0.5,1.,0.5,
1.,0.5,1.)) REPRESENTATION_ITEM('') );
#4222 = CARTESIAN_POINT('',(-39.60915662116,12.166175035979));
#4223 = CARTESIAN_POINT('',(-39.60915662116,13.032200439763));
#4224 = CARTESIAN_POINT('',(-38.85915662116,12.599187737871));
#4225 = CARTESIAN_POINT('',(-38.10915662116,12.166175035979));
#4226 = CARTESIAN_POINT('',(-38.85915662116,11.733162334086));
#4227 = CARTESIAN_POINT('',(-39.60915662116,11.300149632194));
#4228 = CARTESIAN_POINT('',(-39.60915662116,12.166175035979));
#4229 = ( GEOMETRIC_REPRESENTATION_CONTEXT(2) 
PARAMETRIC_REPRESENTATION_CONTEXT() REPRESENTATION_CONTEXT('2D SPACE',''
  ) );
#4230 = PCURVE('',#4231,#4236);
#4231 = CYLINDRICAL_SURFACE('',#4232,0.5);
#4232 = AXIS2_PLACEMENT_3D('',#4233,#4234,#4235);
#4233 = CARTESIAN_POINT('',(182.88,-76.2,-1.E-02));
#4234 = DIRECTION('',(0.,0.,1.));
#4235 = DIRECTION('',(1.,0.,-0.));
#4236 = DEFINITIONAL_REPRESENTATION('',(#4237),#4241);
#4237 = LINE('',#4238,#4239);
#4238 = CARTESIAN_POINT('',(0.,1.E-02));
#4239 = VECTOR('',#4240,1.);
#4240 = DIRECTION('',(1.,0.));
#4241 = ( GEOMETRIC_REPRESENTATION_CONTEXT(2) 
PARAMETRIC_REPRESENTATION_CONTEXT() REPRESENTATION_CONTEXT('2D SPACE',''
  ) );
#4242 = FACE_BOUND('',#4243,.T.);
#4243 = EDGE_LOOP('',(#4244));
#4244 = ORIENTED_EDGE('',*,*,#4245,.T.);
#4245 = EDGE_CURVE('',#4246,#4246,#4248,.T.);
#4246 = VERTEX_POINT('',#4247);
#4247 = CARTESIAN_POINT('',(169.41,-77.47,0.));
#4248 = SURFACE_CURVE('',#4249,(#4254,#4265),.PCURVE_S1.);
#4249 = CIRCLE('',#4250,0.5);
#4250 = AXIS2_PLACEMENT_3D('',#4251,#4252,#4253);
#4251 = CARTESIAN_POINT('',(168.91,-77.47,0.));
#4252 = DIRECTION('',(0.,0.,1.));
#4253 = DIRECTION('',(1.,0.,-0.));
#4254 = PCURVE('',#144,#4255);
#4255 = DEFINITIONAL_REPRESENTATION('',(#4256),#4264);
#4256 = ( BOUNDED_CURVE() B_SPLINE_CURVE(2,(#4257,#4258,#4259,#4260,
#4261,#4262,#4263),.UNSPECIFIED.,.T.,.F.) B_SPLINE_CURVE_WITH_KNOTS((1,2
    ,2,2,2,1),(-2.094395102393,0.,2.094395102393,4.188790204786,
6.28318530718,8.377580409573),.UNSPECIFIED.) CURVE() 
GEOMETRIC_REPRESENTATION_ITEM() RATIONAL_B_SPLINE_CURVE((1.,0.5,1.,0.5,
1.,0.5,1.)) REPRESENTATION_ITEM('') );
#4257 = CARTESIAN_POINT('',(-25.63915662116,10.896175035979));
#4258 = CARTESIAN_POINT('',(-25.63915662116,11.762200439763));
#4259 = CARTESIAN_POINT('',(-24.88915662116,11.329187737871));
#4260 = CARTESIAN_POINT('',(-24.13915662116,10.896175035979));
#4261 = CARTESIAN_POINT('',(-24.88915662116,10.463162334086));
#4262 = CARTESIAN_POINT('',(-25.63915662116,10.030149632194));
#4263 = CARTESIAN_POINT('',(-25.63915662116,10.896175035979));
#4264 = ( GEOMETRIC_REPRESENTATION_CONTEXT(2) 
PARAMETRIC_REPRESENTATION_CONTEXT() REPRESENTATION_CONTEXT('2D SPACE',''
  ) );
#4265 = PCURVE('',#4266,#4271);
#4266 = CYLINDRICAL_SURFACE('',#4267,0.5);
#4267 = AXIS2_PLACEMENT_3D('',#4268,#4269,#4270);
#4268 = CARTESIAN_POINT('',(168.91,-77.47,-1.E-02));
#4269 = DIRECTION('',(0.,0.,1.));
#4270 = DIRECTION('',(1.,0.,-0.));
#4271 = DEFINITIONAL_REPRESENTATION('',(#4272),#4276);
#4272 = LINE('',#4273,#4274);
#4273 = CARTESIAN_POINT('',(0.,1.E-02));
#4274 = VECTOR('',#4275,1.);
#4275 = DIRECTION('',(1.,0.));
#4276 = ( GEOMETRIC_REPRESENTATION_CONTEXT(2) 
PARAMETRIC_REPRESENTATION_CONTEXT() REPRESENTATION_CONTEXT('2D SPACE',''
  ) );
#4277 = FACE_BOUND('',#4278,.T.);
#4278 = EDGE_LOOP('',(#4279));
#4279 = ORIENTED_EDGE('',*,*,#4280,.T.);
#4280 = EDGE_CURVE('',#4281,#4281,#4283,.T.);
#4281 = VERTEX_POINT('',#4282);
#4282 = CARTESIAN_POINT('',(169.41,-74.93,0.));
#4283 = SURFACE_CURVE('',#4284,(#4289,#4300),.PCURVE_S1.);
#4284 = CIRCLE('',#4285,0.5);
#4285 = AXIS2_PLACEMENT_3D('',#4286,#4287,#4288);
#4286 = CARTESIAN_POINT('',(168.91,-74.93,0.));
#4287 = DIRECTION('',(0.,0.,1.));
#4288 = DIRECTION('',(1.,0.,-0.));
#4289 = PCURVE('',#144,#4290);
#4290 = DEFINITIONAL_REPRESENTATION('',(#4291),#4299);
#4291 = ( BOUNDED_CURVE() B_SPLINE_CURVE(2,(#4292,#4293,#4294,#4295,
#4296,#4297,#4298),.UNSPECIFIED.,.T.,.F.) B_SPLINE_CURVE_WITH_KNOTS((1,2
    ,2,2,2,1),(-2.094395102393,0.,2.094395102393,4.188790204786,
6.28318530718,8.377580409573),.UNSPECIFIED.) CURVE() 
GEOMETRIC_REPRESENTATION_ITEM() RATIONAL_B_SPLINE_CURVE((1.,0.5,1.,0.5,
1.,0.5,1.)) REPRESENTATION_ITEM('') );
#4292 = CARTESIAN_POINT('',(-25.63915662116,13.436175035979));
#4293 = CARTESIAN_POINT('',(-25.63915662116,14.302200439763));
#4294 = CARTESIAN_POINT('',(-24.88915662116,13.869187737871));
#4295 = CARTESIAN_POINT('',(-24.13915662116,13.436175035979));
#4296 = CARTESIAN_POINT('',(-24.88915662116,13.003162334086));
#4297 = CARTESIAN_POINT('',(-25.63915662116,12.570149632194));
#4298 = CARTESIAN_POINT('',(-25.63915662116,13.436175035979));
#4299 = ( GEOMETRIC_REPRESENTATION_CONTEXT(2) 
PARAMETRIC_REPRESENTATION_CONTEXT() REPRESENTATION_CONTEXT('2D SPACE',''
  ) );
#4300 = PCURVE('',#4301,#4306);
#4301 = CYLINDRICAL_SURFACE('',#4302,0.5);
#4302 = AXIS2_PLACEMENT_3D('',#4303,#4304,#4305);
#4303 = CARTESIAN_POINT('',(168.91,-74.93,-1.E-02));
#4304 = DIRECTION('',(0.,0.,1.));
#4305 = DIRECTION('',(1.,0.,-0.));
#4306 = DEFINITIONAL_REPRESENTATION('',(#4307),#4311);
#4307 = LINE('',#4308,#4309);
#4308 = CARTESIAN_POINT('',(0.,1.E-02));
#4309 = VECTOR('',#4310,1.);
#4310 = DIRECTION('',(1.,0.));
#4311 = ( GEOMETRIC_REPRESENTATION_CONTEXT(2) 
PARAMETRIC_REPRESENTATION_CONTEXT() REPRESENTATION_CONTEXT('2D SPACE',''
  ) );
#4312 = FACE_BOUND('',#4313,.T.);
#4313 = EDGE_LOOP('',(#4314));
#4314 = ORIENTED_EDGE('',*,*,#4315,.T.);
#4315 = EDGE_CURVE('',#4316,#4316,#4318,.T.);
#4316 = VERTEX_POINT('',#4317);
#4317 = CARTESIAN_POINT('',(169.41,-72.39,0.));
#4318 = SURFACE_CURVE('',#4319,(#4324,#4335),.PCURVE_S1.);
#4319 = CIRCLE('',#4320,0.5);
#4320 = AXIS2_PLACEMENT_3D('',#4321,#4322,#4323);
#4321 = CARTESIAN_POINT('',(168.91,-72.39,0.));
#4322 = DIRECTION('',(0.,0.,1.));
#4323 = DIRECTION('',(1.,0.,-0.));
#4324 = PCURVE('',#144,#4325);
#4325 = DEFINITIONAL_REPRESENTATION('',(#4326),#4334);
#4326 = ( BOUNDED_CURVE() B_SPLINE_CURVE(2,(#4327,#4328,#4329,#4330,
#4331,#4332,#4333),.UNSPECIFIED.,.T.,.F.) B_SPLINE_CURVE_WITH_KNOTS((1,2
    ,2,2,2,1),(-2.094395102393,0.,2.094395102393,4.188790204786,
6.28318530718,8.377580409573),.UNSPECIFIED.) CURVE() 
GEOMETRIC_REPRESENTATION_ITEM() RATIONAL_B_SPLINE_CURVE((1.,0.5,1.,0.5,
1.,0.5,1.)) REPRESENTATION_ITEM('') );
#4327 = CARTESIAN_POINT('',(-25.63915662116,15.976175035979));
#4328 = CARTESIAN_POINT('',(-25.63915662116,16.842200439763));
#4329 = CARTESIAN_POINT('',(-24.88915662116,16.409187737871));
#4330 = CARTESIAN_POINT('',(-24.13915662116,15.976175035979));
#4331 = CARTESIAN_POINT('',(-24.88915662116,15.543162334086));
#4332 = CARTESIAN_POINT('',(-25.63915662116,15.110149632194));
#4333 = CARTESIAN_POINT('',(-25.63915662116,15.976175035979));
#4334 = ( GEOMETRIC_REPRESENTATION_CONTEXT(2) 
PARAMETRIC_REPRESENTATION_CONTEXT() REPRESENTATION_CONTEXT('2D SPACE',''
  ) );
#4335 = PCURVE('',#4336,#4341);
#4336 = CYLINDRICAL_SURFACE('',#4337,0.5);
#4337 = AXIS2_PLACEMENT_3D('',#4338,#4339,#4340);
#4338 = CARTESIAN_POINT('',(168.91,-72.39,-1.E-02));
#4339 = DIRECTION('',(0.,0.,1.));
#4340 = DIRECTION('',(1.,0.,-0.));
#4341 = DEFINITIONAL_REPRESENTATION('',(#4342),#4346);
#4342 = LINE('',#4343,#4344);
#4343 = CARTESIAN_POINT('',(0.,1.E-02));
#4344 = VECTOR('',#4345,1.);
#4345 = DIRECTION('',(1.,0.));
#4346 = ( GEOMETRIC_REPRESENTATION_CONTEXT(2) 
PARAMETRIC_REPRESENTATION_CONTEXT() REPRESENTATION_CONTEXT('2D SPACE',''
  ) );
#4347 = FACE_BOUND('',#4348,.T.);
#4348 = EDGE_LOOP('',(#4349));
#4349 = ORIENTED_EDGE('',*,*,#4350,.T.);
#4350 = EDGE_CURVE('',#4351,#4351,#4353,.T.);
#4351 = VERTEX_POINT('',#4352);
#4352 = CARTESIAN_POINT('',(161.79,-85.09,0.));
#4353 = SURFACE_CURVE('',#4354,(#4359,#4370),.PCURVE_S1.);
#4354 = CIRCLE('',#4355,0.5);
#4355 = AXIS2_PLACEMENT_3D('',#4356,#4357,#4358);
#4356 = CARTESIAN_POINT('',(161.29,-85.09,0.));
#4357 = DIRECTION('',(0.,0.,1.));
#4358 = DIRECTION('',(1.,0.,-0.));
#4359 = PCURVE('',#144,#4360);
#4360 = DEFINITIONAL_REPRESENTATION('',(#4361),#4369);
#4361 = ( BOUNDED_CURVE() B_SPLINE_CURVE(2,(#4362,#4363,#4364,#4365,
#4366,#4367,#4368),.UNSPECIFIED.,.T.,.F.) B_SPLINE_CURVE_WITH_KNOTS((1,2
    ,2,2,2,1),(-2.094395102393,0.,2.094395102393,4.188790204786,
6.28318530718,8.377580409573),.UNSPECIFIED.) CURVE() 
GEOMETRIC_REPRESENTATION_ITEM() RATIONAL_B_SPLINE_CURVE((1.,0.5,1.,0.5,
1.,0.5,1.)) REPRESENTATION_ITEM('') );
#4362 = CARTESIAN_POINT('',(-18.01915662116,3.276175035979));
#4363 = CARTESIAN_POINT('',(-18.01915662116,4.142200439763));
#4364 = CARTESIAN_POINT('',(-17.26915662116,3.709187737871));
#4365 = CARTESIAN_POINT('',(-16.51915662116,3.276175035979));
#4366 = CARTESIAN_POINT('',(-17.26915662116,2.843162334086));
#4367 = CARTESIAN_POINT('',(-18.01915662116,2.410149632194));
#4368 = CARTESIAN_POINT('',(-18.01915662116,3.276175035979));
#4369 = ( GEOMETRIC_REPRESENTATION_CONTEXT(2) 
PARAMETRIC_REPRESENTATION_CONTEXT() REPRESENTATION_CONTEXT('2D SPACE',''
  ) );
#4370 = PCURVE('',#4371,#4376);
#4371 = CYLINDRICAL_SURFACE('',#4372,0.5);
#4372 = AXIS2_PLACEMENT_3D('',#4373,#4374,#4375);
#4373 = CARTESIAN_POINT('',(161.29,-85.09,-1.E-02));
#4374 = DIRECTION('',(0.,0.,1.));
#4375 = DIRECTION('',(1.,0.,-0.));
#4376 = DEFINITIONAL_REPRESENTATION('',(#4377),#4381);
#4377 = LINE('',#4378,#4379);
#4378 = CARTESIAN_POINT('',(0.,1.E-02));
#4379 = VECTOR('',#4380,1.);
#4380 = DIRECTION('',(1.,0.));
#4381 = ( GEOMETRIC_REPRESENTATION_CONTEXT(2) 
PARAMETRIC_REPRESENTATION_CONTEXT() REPRESENTATION_CONTEXT('2D SPACE',''
  ) );
#4382 = FACE_BOUND('',#4383,.T.);
#4383 = EDGE_LOOP('',(#4384));
#4384 = ORIENTED_EDGE('',*,*,#4385,.T.);
#4385 = EDGE_CURVE('',#4386,#4386,#4388,.T.);
#4386 = VERTEX_POINT('',#4387);
#4387 = CARTESIAN_POINT('',(161.79,-82.55,0.));
#4388 = SURFACE_CURVE('',#4389,(#4394,#4405),.PCURVE_S1.);
#4389 = CIRCLE('',#4390,0.5);
#4390 = AXIS2_PLACEMENT_3D('',#4391,#4392,#4393);
#4391 = CARTESIAN_POINT('',(161.29,-82.55,0.));
#4392 = DIRECTION('',(0.,0.,1.));
#4393 = DIRECTION('',(1.,0.,-0.));
#4394 = PCURVE('',#144,#4395);
#4395 = DEFINITIONAL_REPRESENTATION('',(#4396),#4404);
#4396 = ( BOUNDED_CURVE() B_SPLINE_CURVE(2,(#4397,#4398,#4399,#4400,
#4401,#4402,#4403),.UNSPECIFIED.,.T.,.F.) B_SPLINE_CURVE_WITH_KNOTS((1,2
    ,2,2,2,1),(-2.094395102393,0.,2.094395102393,4.188790204786,
6.28318530718,8.377580409573),.UNSPECIFIED.) CURVE() 
GEOMETRIC_REPRESENTATION_ITEM() RATIONAL_B_SPLINE_CURVE((1.,0.5,1.,0.5,
1.,0.5,1.)) REPRESENTATION_ITEM('') );
#4397 = CARTESIAN_POINT('',(-18.01915662116,5.816175035979));
#4398 = CARTESIAN_POINT('',(-18.01915662116,6.682200439763));
#4399 = CARTESIAN_POINT('',(-17.26915662116,6.249187737871));
#4400 = CARTESIAN_POINT('',(-16.51915662116,5.816175035979));
#4401 = CARTESIAN_POINT('',(-17.26915662116,5.383162334086));
#4402 = CARTESIAN_POINT('',(-18.01915662116,4.950149632194));
#4403 = CARTESIAN_POINT('',(-18.01915662116,5.816175035979));
#4404 = ( GEOMETRIC_REPRESENTATION_CONTEXT(2) 
PARAMETRIC_REPRESENTATION_CONTEXT() REPRESENTATION_CONTEXT('2D SPACE',''
  ) );
#4405 = PCURVE('',#4406,#4411);
#4406 = CYLINDRICAL_SURFACE('',#4407,0.5);
#4407 = AXIS2_PLACEMENT_3D('',#4408,#4409,#4410);
#4408 = CARTESIAN_POINT('',(161.29,-82.55,-1.E-02));
#4409 = DIRECTION('',(0.,0.,1.));
#4410 = DIRECTION('',(1.,0.,-0.));
#4411 = DEFINITIONAL_REPRESENTATION('',(#4412),#4416);
#4412 = LINE('',#4413,#4414);
#4413 = CARTESIAN_POINT('',(0.,1.E-02));
#4414 = VECTOR('',#4415,1.);
#4415 = DIRECTION('',(1.,0.));
#4416 = ( GEOMETRIC_REPRESENTATION_CONTEXT(2) 
PARAMETRIC_REPRESENTATION_CONTEXT() REPRESENTATION_CONTEXT('2D SPACE',''
  ) );
#4417 = FACE_BOUND('',#4418,.T.);
#4418 = EDGE_LOOP('',(#4419));
#4419 = ORIENTED_EDGE('',*,*,#4420,.T.);
#4420 = EDGE_CURVE('',#4421,#4421,#4423,.T.);
#4421 = VERTEX_POINT('',#4422);
#4422 = CARTESIAN_POINT('',(161.79,-80.01,0.));
#4423 = SURFACE_CURVE('',#4424,(#4429,#4440),.PCURVE_S1.);
#4424 = CIRCLE('',#4425,0.5);
#4425 = AXIS2_PLACEMENT_3D('',#4426,#4427,#4428);
#4426 = CARTESIAN_POINT('',(161.29,-80.01,0.));
#4427 = DIRECTION('',(0.,0.,1.));
#4428 = DIRECTION('',(1.,0.,-0.));
#4429 = PCURVE('',#144,#4430);
#4430 = DEFINITIONAL_REPRESENTATION('',(#4431),#4439);
#4431 = ( BOUNDED_CURVE() B_SPLINE_CURVE(2,(#4432,#4433,#4434,#4435,
#4436,#4437,#4438),.UNSPECIFIED.,.T.,.F.) B_SPLINE_CURVE_WITH_KNOTS((1,2
    ,2,2,2,1),(-2.094395102393,0.,2.094395102393,4.188790204786,
6.28318530718,8.377580409573),.UNSPECIFIED.) CURVE() 
GEOMETRIC_REPRESENTATION_ITEM() RATIONAL_B_SPLINE_CURVE((1.,0.5,1.,0.5,
1.,0.5,1.)) REPRESENTATION_ITEM('') );
#4432 = CARTESIAN_POINT('',(-18.01915662116,8.356175035979));
#4433 = CARTESIAN_POINT('',(-18.01915662116,9.222200439763));
#4434 = CARTESIAN_POINT('',(-17.26915662116,8.789187737871));
#4435 = CARTESIAN_POINT('',(-16.51915662116,8.356175035979));
#4436 = CARTESIAN_POINT('',(-17.26915662116,7.923162334086));
#4437 = CARTESIAN_POINT('',(-18.01915662116,7.490149632194));
#4438 = CARTESIAN_POINT('',(-18.01915662116,8.356175035979));
#4439 = ( GEOMETRIC_REPRESENTATION_CONTEXT(2) 
PARAMETRIC_REPRESENTATION_CONTEXT() REPRESENTATION_CONTEXT('2D SPACE',''
  ) );
#4440 = PCURVE('',#4441,#4446);
#4441 = CYLINDRICAL_SURFACE('',#4442,0.5);
#4442 = AXIS2_PLACEMENT_3D('',#4443,#4444,#4445);
#4443 = CARTESIAN_POINT('',(161.29,-80.01,-1.E-02));
#4444 = DIRECTION('',(0.,0.,1.));
#4445 = DIRECTION('',(1.,0.,-0.));
#4446 = DEFINITIONAL_REPRESENTATION('',(#4447),#4451);
#4447 = LINE('',#4448,#4449);
#4448 = CARTESIAN_POINT('',(0.,1.E-02));
#4449 = VECTOR('',#4450,1.);
#4450 = DIRECTION('',(1.,0.));
#4451 = ( GEOMETRIC_REPRESENTATION_CONTEXT(2) 
PARAMETRIC_REPRESENTATION_CONTEXT() REPRESENTATION_CONTEXT('2D SPACE',''
  ) );
#4452 = FACE_BOUND('',#4453,.T.);
#4453 = EDGE_LOOP('',(#4454));
#4454 = ORIENTED_EDGE('',*,*,#4455,.T.);
#4455 = EDGE_CURVE('',#4456,#4456,#4458,.T.);
#4456 = VERTEX_POINT('',#4457);
#4457 = CARTESIAN_POINT('',(161.79,-77.47,0.));
#4458 = SURFACE_CURVE('',#4459,(#4464,#4475),.PCURVE_S1.);
#4459 = CIRCLE('',#4460,0.5);
#4460 = AXIS2_PLACEMENT_3D('',#4461,#4462,#4463);
#4461 = CARTESIAN_POINT('',(161.29,-77.47,0.));
#4462 = DIRECTION('',(0.,0.,1.));
#4463 = DIRECTION('',(1.,0.,-0.));
#4464 = PCURVE('',#144,#4465);
#4465 = DEFINITIONAL_REPRESENTATION('',(#4466),#4474);
#4466 = ( BOUNDED_CURVE() B_SPLINE_CURVE(2,(#4467,#4468,#4469,#4470,
#4471,#4472,#4473),.UNSPECIFIED.,.T.,.F.) B_SPLINE_CURVE_WITH_KNOTS((1,2
    ,2,2,2,1),(-2.094395102393,0.,2.094395102393,4.188790204786,
6.28318530718,8.377580409573),.UNSPECIFIED.) CURVE() 
GEOMETRIC_REPRESENTATION_ITEM() RATIONAL_B_SPLINE_CURVE((1.,0.5,1.,0.5,
1.,0.5,1.)) REPRESENTATION_ITEM('') );
#4467 = CARTESIAN_POINT('',(-18.01915662116,10.896175035979));
#4468 = CARTESIAN_POINT('',(-18.01915662116,11.762200439763));
#4469 = CARTESIAN_POINT('',(-17.26915662116,11.329187737871));
#4470 = CARTESIAN_POINT('',(-16.51915662116,10.896175035979));
#4471 = CARTESIAN_POINT('',(-17.26915662116,10.463162334086));
#4472 = CARTESIAN_POINT('',(-18.01915662116,10.030149632194));
#4473 = CARTESIAN_POINT('',(-18.01915662116,10.896175035979));
#4474 = ( GEOMETRIC_REPRESENTATION_CONTEXT(2) 
PARAMETRIC_REPRESENTATION_CONTEXT() REPRESENTATION_CONTEXT('2D SPACE',''
  ) );
#4475 = PCURVE('',#4476,#4481);
#4476 = CYLINDRICAL_SURFACE('',#4477,0.5);
#4477 = AXIS2_PLACEMENT_3D('',#4478,#4479,#4480);
#4478 = CARTESIAN_POINT('',(161.29,-77.47,-1.E-02));
#4479 = DIRECTION('',(0.,0.,1.));
#4480 = DIRECTION('',(1.,0.,-0.));
#4481 = DEFINITIONAL_REPRESENTATION('',(#4482),#4486);
#4482 = LINE('',#4483,#4484);
#4483 = CARTESIAN_POINT('',(0.,1.E-02));
#4484 = VECTOR('',#4485,1.);
#4485 = DIRECTION('',(1.,0.));
#4486 = ( GEOMETRIC_REPRESENTATION_CONTEXT(2) 
PARAMETRIC_REPRESENTATION_CONTEXT() REPRESENTATION_CONTEXT('2D SPACE',''
  ) );
#4487 = FACE_BOUND('',#4488,.T.);
#4488 = EDGE_LOOP('',(#4489));
#4489 = ORIENTED_EDGE('',*,*,#4490,.T.);
#4490 = EDGE_CURVE('',#4491,#4491,#4493,.T.);
#4491 = VERTEX_POINT('',#4492);
#4492 = CARTESIAN_POINT('',(161.79,-74.93,0.));
#4493 = SURFACE_CURVE('',#4494,(#4499,#4510),.PCURVE_S1.);
#4494 = CIRCLE('',#4495,0.5);
#4495 = AXIS2_PLACEMENT_3D('',#4496,#4497,#4498);
#4496 = CARTESIAN_POINT('',(161.29,-74.93,0.));
#4497 = DIRECTION('',(0.,0.,1.));
#4498 = DIRECTION('',(1.,0.,-0.));
#4499 = PCURVE('',#144,#4500);
#4500 = DEFINITIONAL_REPRESENTATION('',(#4501),#4509);
#4501 = ( BOUNDED_CURVE() B_SPLINE_CURVE(2,(#4502,#4503,#4504,#4505,
#4506,#4507,#4508),.UNSPECIFIED.,.T.,.F.) B_SPLINE_CURVE_WITH_KNOTS((1,2
    ,2,2,2,1),(-2.094395102393,0.,2.094395102393,4.188790204786,
6.28318530718,8.377580409573),.UNSPECIFIED.) CURVE() 
GEOMETRIC_REPRESENTATION_ITEM() RATIONAL_B_SPLINE_CURVE((1.,0.5,1.,0.5,
1.,0.5,1.)) REPRESENTATION_ITEM('') );
#4502 = CARTESIAN_POINT('',(-18.01915662116,13.436175035979));
#4503 = CARTESIAN_POINT('',(-18.01915662116,14.302200439763));
#4504 = CARTESIAN_POINT('',(-17.26915662116,13.869187737871));
#4505 = CARTESIAN_POINT('',(-16.51915662116,13.436175035979));
#4506 = CARTESIAN_POINT('',(-17.26915662116,13.003162334086));
#4507 = CARTESIAN_POINT('',(-18.01915662116,12.570149632194));
#4508 = CARTESIAN_POINT('',(-18.01915662116,13.436175035979));
#4509 = ( GEOMETRIC_REPRESENTATION_CONTEXT(2) 
PARAMETRIC_REPRESENTATION_CONTEXT() REPRESENTATION_CONTEXT('2D SPACE',''
  ) );
#4510 = PCURVE('',#4511,#4516);
#4511 = CYLINDRICAL_SURFACE('',#4512,0.5);
#4512 = AXIS2_PLACEMENT_3D('',#4513,#4514,#4515);
#4513 = CARTESIAN_POINT('',(161.29,-74.93,-1.E-02));
#4514 = DIRECTION('',(0.,0.,1.));
#4515 = DIRECTION('',(1.,0.,-0.));
#4516 = DEFINITIONAL_REPRESENTATION('',(#4517),#4521);
#4517 = LINE('',#4518,#4519);
#4518 = CARTESIAN_POINT('',(0.,1.E-02));
#4519 = VECTOR('',#4520,1.);
#4520 = DIRECTION('',(1.,0.));
#4521 = ( GEOMETRIC_REPRESENTATION_CONTEXT(2) 
PARAMETRIC_REPRESENTATION_CONTEXT() REPRESENTATION_CONTEXT('2D SPACE',''
  ) );
#4522 = FACE_BOUND('',#4523,.T.);
#4523 = EDGE_LOOP('',(#4524));
#4524 = ORIENTED_EDGE('',*,*,#4525,.T.);
#4525 = EDGE_CURVE('',#4526,#4526,#4528,.T.);
#4526 = VERTEX_POINT('',#4527);
#4527 = CARTESIAN_POINT('',(161.79,-72.39,0.));
#4528 = SURFACE_CURVE('',#4529,(#4534,#4545),.PCURVE_S1.);
#4529 = CIRCLE('',#4530,0.5);
#4530 = AXIS2_PLACEMENT_3D('',#4531,#4532,#4533);
#4531 = CARTESIAN_POINT('',(161.29,-72.39,0.));
#4532 = DIRECTION('',(0.,0.,1.));
#4533 = DIRECTION('',(1.,0.,-0.));
#4534 = PCURVE('',#144,#4535);
#4535 = DEFINITIONAL_REPRESENTATION('',(#4536),#4544);
#4536 = ( BOUNDED_CURVE() B_SPLINE_CURVE(2,(#4537,#4538,#4539,#4540,
#4541,#4542,#4543),.UNSPECIFIED.,.T.,.F.) B_SPLINE_CURVE_WITH_KNOTS((1,2
    ,2,2,2,1),(-2.094395102393,0.,2.094395102393,4.188790204786,
6.28318530718,8.377580409573),.UNSPECIFIED.) CURVE() 
GEOMETRIC_REPRESENTATION_ITEM() RATIONAL_B_SPLINE_CURVE((1.,0.5,1.,0.5,
1.,0.5,1.)) REPRESENTATION_ITEM('') );
#4537 = CARTESIAN_POINT('',(-18.01915662116,15.976175035979));
#4538 = CARTESIAN_POINT('',(-18.01915662116,16.842200439763));
#4539 = CARTESIAN_POINT('',(-17.26915662116,16.409187737871));
#4540 = CARTESIAN_POINT('',(-16.51915662116,15.976175035979));
#4541 = CARTESIAN_POINT('',(-17.26915662116,15.543162334086));
#4542 = CARTESIAN_POINT('',(-18.01915662116,15.110149632194));
#4543 = CARTESIAN_POINT('',(-18.01915662116,15.976175035979));
#4544 = ( GEOMETRIC_REPRESENTATION_CONTEXT(2) 
PARAMETRIC_REPRESENTATION_CONTEXT() REPRESENTATION_CONTEXT('2D SPACE',''
  ) );
#4545 = PCURVE('',#4546,#4551);
#4546 = CYLINDRICAL_SURFACE('',#4547,0.5);
#4547 = AXIS2_PLACEMENT_3D('',#4548,#4549,#4550);
#4548 = CARTESIAN_POINT('',(161.29,-72.39,-1.E-02));
#4549 = DIRECTION('',(0.,0.,1.));
#4550 = DIRECTION('',(1.,0.,-0.));
#4551 = DEFINITIONAL_REPRESENTATION('',(#4552),#4556);
#4552 = LINE('',#4553,#4554);
#4553 = CARTESIAN_POINT('',(0.,1.E-02));
#4554 = VECTOR('',#4555,1.);
#4555 = DIRECTION('',(1.,0.));
#4556 = ( GEOMETRIC_REPRESENTATION_CONTEXT(2) 
PARAMETRIC_REPRESENTATION_CONTEXT() REPRESENTATION_CONTEXT('2D SPACE',''
  ) );
#4557 = FACE_BOUND('',#4558,.T.);
#4558 = EDGE_LOOP('',(#4559));
#4559 = ORIENTED_EDGE('',*,*,#4560,.T.);
#4560 = EDGE_CURVE('',#4561,#4561,#4563,.T.);
#4561 = VERTEX_POINT('',#4562);
#4562 = CARTESIAN_POINT('',(150.08,-60.9,0.));
#4563 = SURFACE_CURVE('',#4564,(#4569,#4580),.PCURVE_S1.);
#4564 = CIRCLE('',#4565,0.5);
#4565 = AXIS2_PLACEMENT_3D('',#4566,#4567,#4568);
#4566 = CARTESIAN_POINT('',(149.58,-60.9,0.));
#4567 = DIRECTION('',(0.,0.,1.));
#4568 = DIRECTION('',(1.,0.,-0.));
#4569 = PCURVE('',#144,#4570);
#4570 = DEFINITIONAL_REPRESENTATION('',(#4571),#4579);
#4571 = ( BOUNDED_CURVE() B_SPLINE_CURVE(2,(#4572,#4573,#4574,#4575,
#4576,#4577,#4578),.UNSPECIFIED.,.T.,.F.) B_SPLINE_CURVE_WITH_KNOTS((1,2
    ,2,2,2,1),(-2.094395102393,0.,2.094395102393,4.188790204786,
6.28318530718,8.377580409573),.UNSPECIFIED.) CURVE() 
GEOMETRIC_REPRESENTATION_ITEM() RATIONAL_B_SPLINE_CURVE((1.,0.5,1.,0.5,
1.,0.5,1.)) REPRESENTATION_ITEM('') );
#4572 = CARTESIAN_POINT('',(-6.309156621162,27.466175035979));
#4573 = CARTESIAN_POINT('',(-6.309156621162,28.332200439763));
#4574 = CARTESIAN_POINT('',(-5.559156621162,27.899187737871));
#4575 = CARTESIAN_POINT('',(-4.809156621162,27.466175035979));
#4576 = CARTESIAN_POINT('',(-5.559156621162,27.033162334086));
#4577 = CARTESIAN_POINT('',(-6.309156621162,26.600149632194));
#4578 = CARTESIAN_POINT('',(-6.309156621162,27.466175035979));
#4579 = ( GEOMETRIC_REPRESENTATION_CONTEXT(2) 
PARAMETRIC_REPRESENTATION_CONTEXT() REPRESENTATION_CONTEXT('2D SPACE',''
  ) );
#4580 = PCURVE('',#4581,#4586);
#4581 = CYLINDRICAL_SURFACE('',#4582,0.5);
#4582 = AXIS2_PLACEMENT_3D('',#4583,#4584,#4585);
#4583 = CARTESIAN_POINT('',(149.58,-60.9,-1.E-02));
#4584 = DIRECTION('',(0.,0.,1.));
#4585 = DIRECTION('',(1.,0.,-0.));
#4586 = DEFINITIONAL_REPRESENTATION('',(#4587),#4591);
#4587 = LINE('',#4588,#4589);
#4588 = CARTESIAN_POINT('',(0.,1.E-02));
#4589 = VECTOR('',#4590,1.);
#4590 = DIRECTION('',(1.,0.));
#4591 = ( GEOMETRIC_REPRESENTATION_CONTEXT(2) 
PARAMETRIC_REPRESENTATION_CONTEXT() REPRESENTATION_CONTEXT('2D SPACE',''
  ) );
#4592 = FACE_BOUND('',#4593,.T.);
#4593 = EDGE_LOOP('',(#4594));
#4594 = ORIENTED_EDGE('',*,*,#4595,.T.);
#4595 = EDGE_CURVE('',#4596,#4596,#4598,.T.);
#4596 = VERTEX_POINT('',#4597);
#4597 = CARTESIAN_POINT('',(147.54,-60.9,0.));
#4598 = SURFACE_CURVE('',#4599,(#4604,#4615),.PCURVE_S1.);
#4599 = CIRCLE('',#4600,0.5);
#4600 = AXIS2_PLACEMENT_3D('',#4601,#4602,#4603);
#4601 = CARTESIAN_POINT('',(147.04,-60.9,0.));
#4602 = DIRECTION('',(0.,0.,1.));
#4603 = DIRECTION('',(1.,0.,-0.));
#4604 = PCURVE('',#144,#4605);
#4605 = DEFINITIONAL_REPRESENTATION('',(#4606),#4614);
#4606 = ( BOUNDED_CURVE() B_SPLINE_CURVE(2,(#4607,#4608,#4609,#4610,
#4611,#4612,#4613),.UNSPECIFIED.,.T.,.F.) B_SPLINE_CURVE_WITH_KNOTS((1,2
    ,2,2,2,1),(-2.094395102393,0.,2.094395102393,4.188790204786,
6.28318530718,8.377580409573),.UNSPECIFIED.) CURVE() 
GEOMETRIC_REPRESENTATION_ITEM() RATIONAL_B_SPLINE_CURVE((1.,0.5,1.,0.5,
1.,0.5,1.)) REPRESENTATION_ITEM('') );
#4607 = CARTESIAN_POINT('',(-3.769156621162,27.466175035979));
#4608 = CARTESIAN_POINT('',(-3.769156621162,28.332200439763));
#4609 = CARTESIAN_POINT('',(-3.019156621162,27.899187737871));
#4610 = CARTESIAN_POINT('',(-2.269156621162,27.466175035979));
#4611 = CARTESIAN_POINT('',(-3.019156621162,27.033162334086));
#4612 = CARTESIAN_POINT('',(-3.769156621162,26.600149632194));
#4613 = CARTESIAN_POINT('',(-3.769156621162,27.466175035979));
#4614 = ( GEOMETRIC_REPRESENTATION_CONTEXT(2) 
PARAMETRIC_REPRESENTATION_CONTEXT() REPRESENTATION_CONTEXT('2D SPACE',''
  ) );
#4615 = PCURVE('',#4616,#4621);
#4616 = CYLINDRICAL_SURFACE('',#4617,0.5);
#4617 = AXIS2_PLACEMENT_3D('',#4618,#4619,#4620);
#4618 = CARTESIAN_POINT('',(147.04,-60.9,-1.E-02));
#4619 = DIRECTION('',(0.,0.,1.));
#4620 = DIRECTION('',(1.,0.,-0.));
#4621 = DEFINITIONAL_REPRESENTATION('',(#4622),#4626);
#4622 = LINE('',#4623,#4624);
#4623 = CARTESIAN_POINT('',(0.,1.E-02));
#4624 = VECTOR('',#4625,1.);
#4625 = DIRECTION('',(1.,0.));
#4626 = ( GEOMETRIC_REPRESENTATION_CONTEXT(2) 
PARAMETRIC_REPRESENTATION_CONTEXT() REPRESENTATION_CONTEXT('2D SPACE',''
  ) );
#4627 = FACE_BOUND('',#4628,.T.);
#4628 = EDGE_LOOP('',(#4629));
#4629 = ORIENTED_EDGE('',*,*,#4630,.T.);
#4630 = EDGE_CURVE('',#4631,#4631,#4633,.T.);
#4631 = VERTEX_POINT('',#4632);
#4632 = CARTESIAN_POINT('',(150.08,-58.36,0.));
#4633 = SURFACE_CURVE('',#4634,(#4639,#4650),.PCURVE_S1.);
#4634 = CIRCLE('',#4635,0.5);
#4635 = AXIS2_PLACEMENT_3D('',#4636,#4637,#4638);
#4636 = CARTESIAN_POINT('',(149.58,-58.36,0.));
#4637 = DIRECTION('',(0.,0.,1.));
#4638 = DIRECTION('',(1.,0.,-0.));
#4639 = PCURVE('',#144,#4640);
#4640 = DEFINITIONAL_REPRESENTATION('',(#4641),#4649);
#4641 = ( BOUNDED_CURVE() B_SPLINE_CURVE(2,(#4642,#4643,#4644,#4645,
#4646,#4647,#4648),.UNSPECIFIED.,.T.,.F.) B_SPLINE_CURVE_WITH_KNOTS((1,2
    ,2,2,2,1),(-2.094395102393,0.,2.094395102393,4.188790204786,
6.28318530718,8.377580409573),.UNSPECIFIED.) CURVE() 
GEOMETRIC_REPRESENTATION_ITEM() RATIONAL_B_SPLINE_CURVE((1.,0.5,1.,0.5,
1.,0.5,1.)) REPRESENTATION_ITEM('') );
#4642 = CARTESIAN_POINT('',(-6.309156621162,30.006175035979));
#4643 = CARTESIAN_POINT('',(-6.309156621162,30.872200439763));
#4644 = CARTESIAN_POINT('',(-5.559156621162,30.439187737871));
#4645 = CARTESIAN_POINT('',(-4.809156621162,30.006175035979));
#4646 = CARTESIAN_POINT('',(-5.559156621162,29.573162334086));
#4647 = CARTESIAN_POINT('',(-6.309156621162,29.140149632194));
#4648 = CARTESIAN_POINT('',(-6.309156621162,30.006175035979));
#4649 = ( GEOMETRIC_REPRESENTATION_CONTEXT(2) 
PARAMETRIC_REPRESENTATION_CONTEXT() REPRESENTATION_CONTEXT('2D SPACE',''
  ) );
#4650 = PCURVE('',#4651,#4656);
#4651 = CYLINDRICAL_SURFACE('',#4652,0.5);
#4652 = AXIS2_PLACEMENT_3D('',#4653,#4654,#4655);
#4653 = CARTESIAN_POINT('',(149.58,-58.36,-1.E-02));
#4654 = DIRECTION('',(0.,0.,1.));
#4655 = DIRECTION('',(1.,0.,-0.));
#4656 = DEFINITIONAL_REPRESENTATION('',(#4657),#4661);
#4657 = LINE('',#4658,#4659);
#4658 = CARTESIAN_POINT('',(0.,1.E-02));
#4659 = VECTOR('',#4660,1.);
#4660 = DIRECTION('',(1.,0.));
#4661 = ( GEOMETRIC_REPRESENTATION_CONTEXT(2) 
PARAMETRIC_REPRESENTATION_CONTEXT() REPRESENTATION_CONTEXT('2D SPACE',''
  ) );
#4662 = FACE_BOUND('',#4663,.T.);
#4663 = EDGE_LOOP('',(#4664));
#4664 = ORIENTED_EDGE('',*,*,#4665,.T.);
#4665 = EDGE_CURVE('',#4666,#4666,#4668,.T.);
#4666 = VERTEX_POINT('',#4667);
#4667 = CARTESIAN_POINT('',(147.54,-58.36,0.));
#4668 = SURFACE_CURVE('',#4669,(#4674,#4685),.PCURVE_S1.);
#4669 = CIRCLE('',#4670,0.5);
#4670 = AXIS2_PLACEMENT_3D('',#4671,#4672,#4673);
#4671 = CARTESIAN_POINT('',(147.04,-58.36,0.));
#4672 = DIRECTION('',(0.,0.,1.));
#4673 = DIRECTION('',(1.,0.,-0.));
#4674 = PCURVE('',#144,#4675);
#4675 = DEFINITIONAL_REPRESENTATION('',(#4676),#4684);
#4676 = ( BOUNDED_CURVE() B_SPLINE_CURVE(2,(#4677,#4678,#4679,#4680,
#4681,#4682,#4683),.UNSPECIFIED.,.T.,.F.) B_SPLINE_CURVE_WITH_KNOTS((1,2
    ,2,2,2,1),(-2.094395102393,0.,2.094395102393,4.188790204786,
6.28318530718,8.377580409573),.UNSPECIFIED.) CURVE() 
GEOMETRIC_REPRESENTATION_ITEM() RATIONAL_B_SPLINE_CURVE((1.,0.5,1.,0.5,
1.,0.5,1.)) REPRESENTATION_ITEM('') );
#4677 = CARTESIAN_POINT('',(-3.769156621162,30.006175035979));
#4678 = CARTESIAN_POINT('',(-3.769156621162,30.872200439763));
#4679 = CARTESIAN_POINT('',(-3.019156621162,30.439187737871));
#4680 = CARTESIAN_POINT('',(-2.269156621162,30.006175035979));
#4681 = CARTESIAN_POINT('',(-3.019156621162,29.573162334086));
#4682 = CARTESIAN_POINT('',(-3.769156621162,29.140149632194));
#4683 = CARTESIAN_POINT('',(-3.769156621162,30.006175035979));
#4684 = ( GEOMETRIC_REPRESENTATION_CONTEXT(2) 
PARAMETRIC_REPRESENTATION_CONTEXT() REPRESENTATION_CONTEXT('2D SPACE',''
  ) );
#4685 = PCURVE('',#4686,#4691);
#4686 = CYLINDRICAL_SURFACE('',#4687,0.5);
#4687 = AXIS2_PLACEMENT_3D('',#4688,#4689,#4690);
#4688 = CARTESIAN_POINT('',(147.04,-58.36,-1.E-02));
#4689 = DIRECTION('',(0.,0.,1.));
#4690 = DIRECTION('',(1.,0.,-0.));
#4691 = DEFINITIONAL_REPRESENTATION('',(#4692),#4696);
#4692 = LINE('',#4693,#4694);
#4693 = CARTESIAN_POINT('',(0.,1.E-02));
#4694 = VECTOR('',#4695,1.);
#4695 = DIRECTION('',(1.,0.));
#4696 = ( GEOMETRIC_REPRESENTATION_CONTEXT(2) 
PARAMETRIC_REPRESENTATION_CONTEXT() REPRESENTATION_CONTEXT('2D SPACE',''
  ) );
#4697 = FACE_BOUND('',#4698,.T.);
#4698 = EDGE_LOOP('',(#4699));
#4699 = ORIENTED_EDGE('',*,*,#4700,.T.);
#4700 = EDGE_CURVE('',#4701,#4701,#4703,.T.);
#4701 = VERTEX_POINT('',#4702);
#4702 = CARTESIAN_POINT('',(145.,-60.9,0.));
#4703 = SURFACE_CURVE('',#4704,(#4709,#4720),.PCURVE_S1.);
#4704 = CIRCLE('',#4705,0.5);
#4705 = AXIS2_PLACEMENT_3D('',#4706,#4707,#4708);
#4706 = CARTESIAN_POINT('',(144.5,-60.9,0.));
#4707 = DIRECTION('',(0.,0.,1.));
#4708 = DIRECTION('',(1.,0.,-0.));
#4709 = PCURVE('',#144,#4710);
#4710 = DEFINITIONAL_REPRESENTATION('',(#4711),#4719);
#4711 = ( BOUNDED_CURVE() B_SPLINE_CURVE(2,(#4712,#4713,#4714,#4715,
#4716,#4717,#4718),.UNSPECIFIED.,.T.,.F.) B_SPLINE_CURVE_WITH_KNOTS((1,2
    ,2,2,2,1),(-2.094395102393,0.,2.094395102393,4.188790204786,
6.28318530718,8.377580409573),.UNSPECIFIED.) CURVE() 
GEOMETRIC_REPRESENTATION_ITEM() RATIONAL_B_SPLINE_CURVE((1.,0.5,1.,0.5,
1.,0.5,1.)) REPRESENTATION_ITEM('') );
#4712 = CARTESIAN_POINT('',(-1.229156621162,27.466175035979));
#4713 = CARTESIAN_POINT('',(-1.229156621162,28.332200439763));
#4714 = CARTESIAN_POINT('',(-0.479156621162,27.899187737871));
#4715 = CARTESIAN_POINT('',(0.270843378838,27.466175035979));
#4716 = CARTESIAN_POINT('',(-0.479156621162,27.033162334086));
#4717 = CARTESIAN_POINT('',(-1.229156621162,26.600149632194));
#4718 = CARTESIAN_POINT('',(-1.229156621162,27.466175035979));
#4719 = ( GEOMETRIC_REPRESENTATION_CONTEXT(2) 
PARAMETRIC_REPRESENTATION_CONTEXT() REPRESENTATION_CONTEXT('2D SPACE',''
  ) );
#4720 = PCURVE('',#4721,#4726);
#4721 = CYLINDRICAL_SURFACE('',#4722,0.5);
#4722 = AXIS2_PLACEMENT_3D('',#4723,#4724,#4725);
#4723 = CARTESIAN_POINT('',(144.5,-60.9,-1.E-02));
#4724 = DIRECTION('',(0.,0.,1.));
#4725 = DIRECTION('',(1.,0.,-0.));
#4726 = DEFINITIONAL_REPRESENTATION('',(#4727),#4731);
#4727 = LINE('',#4728,#4729);
#4728 = CARTESIAN_POINT('',(0.,1.E-02));
#4729 = VECTOR('',#4730,1.);
#4730 = DIRECTION('',(1.,0.));
#4731 = ( GEOMETRIC_REPRESENTATION_CONTEXT(2) 
PARAMETRIC_REPRESENTATION_CONTEXT() REPRESENTATION_CONTEXT('2D SPACE',''
  ) );
#4732 = FACE_BOUND('',#4733,.T.);
#4733 = EDGE_LOOP('',(#4734));
#4734 = ORIENTED_EDGE('',*,*,#4735,.T.);
#4735 = EDGE_CURVE('',#4736,#4736,#4738,.T.);
#4736 = VERTEX_POINT('',#4737);
#4737 = CARTESIAN_POINT('',(142.46,-60.9,0.));
#4738 = SURFACE_CURVE('',#4739,(#4744,#4755),.PCURVE_S1.);
#4739 = CIRCLE('',#4740,0.5);
#4740 = AXIS2_PLACEMENT_3D('',#4741,#4742,#4743);
#4741 = CARTESIAN_POINT('',(141.96,-60.9,0.));
#4742 = DIRECTION('',(0.,0.,1.));
#4743 = DIRECTION('',(1.,0.,-0.));
#4744 = PCURVE('',#144,#4745);
#4745 = DEFINITIONAL_REPRESENTATION('',(#4746),#4754);
#4746 = ( BOUNDED_CURVE() B_SPLINE_CURVE(2,(#4747,#4748,#4749,#4750,
#4751,#4752,#4753),.UNSPECIFIED.,.T.,.F.) B_SPLINE_CURVE_WITH_KNOTS((1,2
    ,2,2,2,1),(-2.094395102393,0.,2.094395102393,4.188790204786,
6.28318530718,8.377580409573),.UNSPECIFIED.) CURVE() 
GEOMETRIC_REPRESENTATION_ITEM() RATIONAL_B_SPLINE_CURVE((1.,0.5,1.,0.5,
1.,0.5,1.)) REPRESENTATION_ITEM('') );
#4747 = CARTESIAN_POINT('',(1.310843378838,27.466175035979));
#4748 = CARTESIAN_POINT('',(1.310843378838,28.332200439763));
#4749 = CARTESIAN_POINT('',(2.060843378838,27.899187737871));
#4750 = CARTESIAN_POINT('',(2.810843378838,27.466175035979));
#4751 = CARTESIAN_POINT('',(2.060843378838,27.033162334086));
#4752 = CARTESIAN_POINT('',(1.310843378838,26.600149632194));
#4753 = CARTESIAN_POINT('',(1.310843378838,27.466175035979));
#4754 = ( GEOMETRIC_REPRESENTATION_CONTEXT(2) 
PARAMETRIC_REPRESENTATION_CONTEXT() REPRESENTATION_CONTEXT('2D SPACE',''
  ) );
#4755 = PCURVE('',#4756,#4761);
#4756 = CYLINDRICAL_SURFACE('',#4757,0.5);
#4757 = AXIS2_PLACEMENT_3D('',#4758,#4759,#4760);
#4758 = CARTESIAN_POINT('',(141.96,-60.9,-1.E-02));
#4759 = DIRECTION('',(0.,0.,1.));
#4760 = DIRECTION('',(1.,0.,-0.));
#4761 = DEFINITIONAL_REPRESENTATION('',(#4762),#4766);
#4762 = LINE('',#4763,#4764);
#4763 = CARTESIAN_POINT('',(0.,1.E-02));
#4764 = VECTOR('',#4765,1.);
#4765 = DIRECTION('',(1.,0.));
#4766 = ( GEOMETRIC_REPRESENTATION_CONTEXT(2) 
PARAMETRIC_REPRESENTATION_CONTEXT() REPRESENTATION_CONTEXT('2D SPACE',''
  ) );
#4767 = FACE_BOUND('',#4768,.T.);
#4768 = EDGE_LOOP('',(#4769));
#4769 = ORIENTED_EDGE('',*,*,#4770,.T.);
#4770 = EDGE_CURVE('',#4771,#4771,#4773,.T.);
#4771 = VERTEX_POINT('',#4772);
#4772 = CARTESIAN_POINT('',(145.,-58.36,0.));
#4773 = SURFACE_CURVE('',#4774,(#4779,#4790),.PCURVE_S1.);
#4774 = CIRCLE('',#4775,0.5);
#4775 = AXIS2_PLACEMENT_3D('',#4776,#4777,#4778);
#4776 = CARTESIAN_POINT('',(144.5,-58.36,0.));
#4777 = DIRECTION('',(0.,0.,1.));
#4778 = DIRECTION('',(1.,0.,-0.));
#4779 = PCURVE('',#144,#4780);
#4780 = DEFINITIONAL_REPRESENTATION('',(#4781),#4789);
#4781 = ( BOUNDED_CURVE() B_SPLINE_CURVE(2,(#4782,#4783,#4784,#4785,
#4786,#4787,#4788),.UNSPECIFIED.,.T.,.F.) B_SPLINE_CURVE_WITH_KNOTS((1,2
    ,2,2,2,1),(-2.094395102393,0.,2.094395102393,4.188790204786,
6.28318530718,8.377580409573),.UNSPECIFIED.) CURVE() 
GEOMETRIC_REPRESENTATION_ITEM() RATIONAL_B_SPLINE_CURVE((1.,0.5,1.,0.5,
1.,0.5,1.)) REPRESENTATION_ITEM('') );
#4782 = CARTESIAN_POINT('',(-1.229156621162,30.006175035979));
#4783 = CARTESIAN_POINT('',(-1.229156621162,30.872200439763));
#4784 = CARTESIAN_POINT('',(-0.479156621162,30.439187737871));
#4785 = CARTESIAN_POINT('',(0.270843378838,30.006175035979));
#4786 = CARTESIAN_POINT('',(-0.479156621162,29.573162334086));
#4787 = CARTESIAN_POINT('',(-1.229156621162,29.140149632194));
#4788 = CARTESIAN_POINT('',(-1.229156621162,30.006175035979));
#4789 = ( GEOMETRIC_REPRESENTATION_CONTEXT(2) 
PARAMETRIC_REPRESENTATION_CONTEXT() REPRESENTATION_CONTEXT('2D SPACE',''
  ) );
#4790 = PCURVE('',#4791,#4796);
#4791 = CYLINDRICAL_SURFACE('',#4792,0.5);
#4792 = AXIS2_PLACEMENT_3D('',#4793,#4794,#4795);
#4793 = CARTESIAN_POINT('',(144.5,-58.36,-1.E-02));
#4794 = DIRECTION('',(0.,0.,1.));
#4795 = DIRECTION('',(1.,0.,-0.));
#4796 = DEFINITIONAL_REPRESENTATION('',(#4797),#4801);
#4797 = LINE('',#4798,#4799);
#4798 = CARTESIAN_POINT('',(0.,1.E-02));
#4799 = VECTOR('',#4800,1.);
#4800 = DIRECTION('',(1.,0.));
#4801 = ( GEOMETRIC_REPRESENTATION_CONTEXT(2) 
PARAMETRIC_REPRESENTATION_CONTEXT() REPRESENTATION_CONTEXT('2D SPACE',''
  ) );
#4802 = FACE_BOUND('',#4803,.T.);
#4803 = EDGE_LOOP('',(#4804));
#4804 = ORIENTED_EDGE('',*,*,#4805,.T.);
#4805 = EDGE_CURVE('',#4806,#4806,#4808,.T.);
#4806 = VERTEX_POINT('',#4807);
#4807 = CARTESIAN_POINT('',(142.46,-58.36,0.));
#4808 = SURFACE_CURVE('',#4809,(#4814,#4825),.PCURVE_S1.);
#4809 = CIRCLE('',#4810,0.5);
#4810 = AXIS2_PLACEMENT_3D('',#4811,#4812,#4813);
#4811 = CARTESIAN_POINT('',(141.96,-58.36,0.));
#4812 = DIRECTION('',(0.,0.,1.));
#4813 = DIRECTION('',(1.,0.,-0.));
#4814 = PCURVE('',#144,#4815);
#4815 = DEFINITIONAL_REPRESENTATION('',(#4816),#4824);
#4816 = ( BOUNDED_CURVE() B_SPLINE_CURVE(2,(#4817,#4818,#4819,#4820,
#4821,#4822,#4823),.UNSPECIFIED.,.T.,.F.) B_SPLINE_CURVE_WITH_KNOTS((1,2
    ,2,2,2,1),(-2.094395102393,0.,2.094395102393,4.188790204786,
6.28318530718,8.377580409573),.UNSPECIFIED.) CURVE() 
GEOMETRIC_REPRESENTATION_ITEM() RATIONAL_B_SPLINE_CURVE((1.,0.5,1.,0.5,
1.,0.5,1.)) REPRESENTATION_ITEM('') );
#4817 = CARTESIAN_POINT('',(1.310843378838,30.006175035979));
#4818 = CARTESIAN_POINT('',(1.310843378838,30.872200439763));
#4819 = CARTESIAN_POINT('',(2.060843378838,30.439187737871));
#4820 = CARTESIAN_POINT('',(2.810843378838,30.006175035979));
#4821 = CARTESIAN_POINT('',(2.060843378838,29.573162334086));
#4822 = CARTESIAN_POINT('',(1.310843378838,29.140149632194));
#4823 = CARTESIAN_POINT('',(1.310843378838,30.006175035979));
#4824 = ( GEOMETRIC_REPRESENTATION_CONTEXT(2) 
PARAMETRIC_REPRESENTATION_CONTEXT() REPRESENTATION_CONTEXT('2D SPACE',''
  ) );
#4825 = PCURVE('',#4826,#4831);
#4826 = CYLINDRICAL_SURFACE('',#4827,0.5);
#4827 = AXIS2_PLACEMENT_3D('',#4828,#4829,#4830);
#4828 = CARTESIAN_POINT('',(141.96,-58.36,-1.E-02));
#4829 = DIRECTION('',(0.,0.,1.));
#4830 = DIRECTION('',(1.,0.,-0.));
#4831 = DEFINITIONAL_REPRESENTATION('',(#4832),#4836);
#4832 = LINE('',#4833,#4834);
#4833 = CARTESIAN_POINT('',(0.,1.E-02));
#4834 = VECTOR('',#4835,1.);
#4835 = DIRECTION('',(1.,0.));
#4836 = ( GEOMETRIC_REPRESENTATION_CONTEXT(2) 
PARAMETRIC_REPRESENTATION_CONTEXT() REPRESENTATION_CONTEXT('2D SPACE',''
  ) );
#4837 = FACE_BOUND('',#4838,.T.);
#4838 = EDGE_LOOP('',(#4839));
#4839 = ORIENTED_EDGE('',*,*,#4840,.T.);
#4840 = EDGE_CURVE('',#4841,#4841,#4843,.T.);
#4841 = VERTEX_POINT('',#4842);
#4842 = CARTESIAN_POINT('',(150.08,-55.82,0.));
#4843 = SURFACE_CURVE('',#4844,(#4849,#4860),.PCURVE_S1.);
#4844 = CIRCLE('',#4845,0.5);
#4845 = AXIS2_PLACEMENT_3D('',#4846,#4847,#4848);
#4846 = CARTESIAN_POINT('',(149.58,-55.82,0.));
#4847 = DIRECTION('',(0.,0.,1.));
#4848 = DIRECTION('',(1.,0.,-0.));
#4849 = PCURVE('',#144,#4850);
#4850 = DEFINITIONAL_REPRESENTATION('',(#4851),#4859);
#4851 = ( BOUNDED_CURVE() B_SPLINE_CURVE(2,(#4852,#4853,#4854,#4855,
#4856,#4857,#4858),.UNSPECIFIED.,.T.,.F.) B_SPLINE_CURVE_WITH_KNOTS((1,2
    ,2,2,2,1),(-2.094395102393,0.,2.094395102393,4.188790204786,
6.28318530718,8.377580409573),.UNSPECIFIED.) CURVE() 
GEOMETRIC_REPRESENTATION_ITEM() RATIONAL_B_SPLINE_CURVE((1.,0.5,1.,0.5,
1.,0.5,1.)) REPRESENTATION_ITEM('') );
#4852 = CARTESIAN_POINT('',(-6.309156621162,32.546175035979));
#4853 = CARTESIAN_POINT('',(-6.309156621162,33.412200439763));
#4854 = CARTESIAN_POINT('',(-5.559156621162,32.979187737871));
#4855 = CARTESIAN_POINT('',(-4.809156621162,32.546175035979));
#4856 = CARTESIAN_POINT('',(-5.559156621162,32.113162334086));
#4857 = CARTESIAN_POINT('',(-6.309156621162,31.680149632194));
#4858 = CARTESIAN_POINT('',(-6.309156621162,32.546175035979));
#4859 = ( GEOMETRIC_REPRESENTATION_CONTEXT(2) 
PARAMETRIC_REPRESENTATION_CONTEXT() REPRESENTATION_CONTEXT('2D SPACE',''
  ) );
#4860 = PCURVE('',#4861,#4866);
#4861 = CYLINDRICAL_SURFACE('',#4862,0.5);
#4862 = AXIS2_PLACEMENT_3D('',#4863,#4864,#4865);
#4863 = CARTESIAN_POINT('',(149.58,-55.82,-1.E-02));
#4864 = DIRECTION('',(0.,0.,1.));
#4865 = DIRECTION('',(1.,0.,-0.));
#4866 = DEFINITIONAL_REPRESENTATION('',(#4867),#4871);
#4867 = LINE('',#4868,#4869);
#4868 = CARTESIAN_POINT('',(0.,1.E-02));
#4869 = VECTOR('',#4870,1.);
#4870 = DIRECTION('',(1.,0.));
#4871 = ( GEOMETRIC_REPRESENTATION_CONTEXT(2) 
PARAMETRIC_REPRESENTATION_CONTEXT() REPRESENTATION_CONTEXT('2D SPACE',''
  ) );
#4872 = FACE_BOUND('',#4873,.T.);
#4873 = EDGE_LOOP('',(#4874));
#4874 = ORIENTED_EDGE('',*,*,#4875,.T.);
#4875 = EDGE_CURVE('',#4876,#4876,#4878,.T.);
#4876 = VERTEX_POINT('',#4877);
#4877 = CARTESIAN_POINT('',(147.54,-55.82,0.));
#4878 = SURFACE_CURVE('',#4879,(#4884,#4895),.PCURVE_S1.);
#4879 = CIRCLE('',#4880,0.5);
#4880 = AXIS2_PLACEMENT_3D('',#4881,#4882,#4883);
#4881 = CARTESIAN_POINT('',(147.04,-55.82,0.));
#4882 = DIRECTION('',(0.,0.,1.));
#4883 = DIRECTION('',(1.,0.,-0.));
#4884 = PCURVE('',#144,#4885);
#4885 = DEFINITIONAL_REPRESENTATION('',(#4886),#4894);
#4886 = ( BOUNDED_CURVE() B_SPLINE_CURVE(2,(#4887,#4888,#4889,#4890,
#4891,#4892,#4893),.UNSPECIFIED.,.T.,.F.) B_SPLINE_CURVE_WITH_KNOTS((1,2
    ,2,2,2,1),(-2.094395102393,0.,2.094395102393,4.188790204786,
6.28318530718,8.377580409573),.UNSPECIFIED.) CURVE() 
GEOMETRIC_REPRESENTATION_ITEM() RATIONAL_B_SPLINE_CURVE((1.,0.5,1.,0.5,
1.,0.5,1.)) REPRESENTATION_ITEM('') );
#4887 = CARTESIAN_POINT('',(-3.769156621162,32.546175035979));
#4888 = CARTESIAN_POINT('',(-3.769156621162,33.412200439763));
#4889 = CARTESIAN_POINT('',(-3.019156621162,32.979187737871));
#4890 = CARTESIAN_POINT('',(-2.269156621162,32.546175035979));
#4891 = CARTESIAN_POINT('',(-3.019156621162,32.113162334086));
#4892 = CARTESIAN_POINT('',(-3.769156621162,31.680149632194));
#4893 = CARTESIAN_POINT('',(-3.769156621162,32.546175035979));
#4894 = ( GEOMETRIC_REPRESENTATION_CONTEXT(2) 
PARAMETRIC_REPRESENTATION_CONTEXT() REPRESENTATION_CONTEXT('2D SPACE',''
  ) );
#4895 = PCURVE('',#4896,#4901);
#4896 = CYLINDRICAL_SURFACE('',#4897,0.5);
#4897 = AXIS2_PLACEMENT_3D('',#4898,#4899,#4900);
#4898 = CARTESIAN_POINT('',(147.04,-55.82,-1.E-02));
#4899 = DIRECTION('',(0.,0.,1.));
#4900 = DIRECTION('',(1.,0.,-0.));
#4901 = DEFINITIONAL_REPRESENTATION('',(#4902),#4906);
#4902 = LINE('',#4903,#4904);
#4903 = CARTESIAN_POINT('',(0.,1.E-02));
#4904 = VECTOR('',#4905,1.);
#4905 = DIRECTION('',(1.,0.));
#4906 = ( GEOMETRIC_REPRESENTATION_CONTEXT(2) 
PARAMETRIC_REPRESENTATION_CONTEXT() REPRESENTATION_CONTEXT('2D SPACE',''
  ) );
#4907 = FACE_BOUND('',#4908,.T.);
#4908 = EDGE_LOOP('',(#4909));
#4909 = ORIENTED_EDGE('',*,*,#4910,.T.);
#4910 = EDGE_CURVE('',#4911,#4911,#4913,.T.);
#4911 = VERTEX_POINT('',#4912);
#4912 = CARTESIAN_POINT('',(150.08,-53.28,0.));
#4913 = SURFACE_CURVE('',#4914,(#4919,#4930),.PCURVE_S1.);
#4914 = CIRCLE('',#4915,0.5);
#4915 = AXIS2_PLACEMENT_3D('',#4916,#4917,#4918);
#4916 = CARTESIAN_POINT('',(149.58,-53.28,0.));
#4917 = DIRECTION('',(0.,0.,1.));
#4918 = DIRECTION('',(1.,0.,-0.));
#4919 = PCURVE('',#144,#4920);
#4920 = DEFINITIONAL_REPRESENTATION('',(#4921),#4929);
#4921 = ( BOUNDED_CURVE() B_SPLINE_CURVE(2,(#4922,#4923,#4924,#4925,
#4926,#4927,#4928),.UNSPECIFIED.,.T.,.F.) B_SPLINE_CURVE_WITH_KNOTS((1,2
    ,2,2,2,1),(-2.094395102393,0.,2.094395102393,4.188790204786,
6.28318530718,8.377580409573),.UNSPECIFIED.) CURVE() 
GEOMETRIC_REPRESENTATION_ITEM() RATIONAL_B_SPLINE_CURVE((1.,0.5,1.,0.5,
1.,0.5,1.)) REPRESENTATION_ITEM('') );
#4922 = CARTESIAN_POINT('',(-6.309156621162,35.086175035979));
#4923 = CARTESIAN_POINT('',(-6.309156621162,35.952200439763));
#4924 = CARTESIAN_POINT('',(-5.559156621162,35.519187737871));
#4925 = CARTESIAN_POINT('',(-4.809156621162,35.086175035979));
#4926 = CARTESIAN_POINT('',(-5.559156621162,34.653162334086));
#4927 = CARTESIAN_POINT('',(-6.309156621162,34.220149632194));
#4928 = CARTESIAN_POINT('',(-6.309156621162,35.086175035979));
#4929 = ( GEOMETRIC_REPRESENTATION_CONTEXT(2) 
PARAMETRIC_REPRESENTATION_CONTEXT() REPRESENTATION_CONTEXT('2D SPACE',''
  ) );
#4930 = PCURVE('',#4931,#4936);
#4931 = CYLINDRICAL_SURFACE('',#4932,0.5);
#4932 = AXIS2_PLACEMENT_3D('',#4933,#4934,#4935);
#4933 = CARTESIAN_POINT('',(149.58,-53.28,-1.E-02));
#4934 = DIRECTION('',(0.,0.,1.));
#4935 = DIRECTION('',(1.,0.,-0.));
#4936 = DEFINITIONAL_REPRESENTATION('',(#4937),#4941);
#4937 = LINE('',#4938,#4939);
#4938 = CARTESIAN_POINT('',(0.,1.E-02));
#4939 = VECTOR('',#4940,1.);
#4940 = DIRECTION('',(1.,0.));
#4941 = ( GEOMETRIC_REPRESENTATION_CONTEXT(2) 
PARAMETRIC_REPRESENTATION_CONTEXT() REPRESENTATION_CONTEXT('2D SPACE',''
  ) );
#4942 = FACE_BOUND('',#4943,.T.);
#4943 = EDGE_LOOP('',(#4944));
#4944 = ORIENTED_EDGE('',*,*,#4945,.T.);
#4945 = EDGE_CURVE('',#4946,#4946,#4948,.T.);
#4946 = VERTEX_POINT('',#4947);
#4947 = CARTESIAN_POINT('',(147.54,-53.28,0.));
#4948 = SURFACE_CURVE('',#4949,(#4954,#4965),.PCURVE_S1.);
#4949 = CIRCLE('',#4950,0.5);
#4950 = AXIS2_PLACEMENT_3D('',#4951,#4952,#4953);
#4951 = CARTESIAN_POINT('',(147.04,-53.28,0.));
#4952 = DIRECTION('',(0.,0.,1.));
#4953 = DIRECTION('',(1.,0.,-0.));
#4954 = PCURVE('',#144,#4955);
#4955 = DEFINITIONAL_REPRESENTATION('',(#4956),#4964);
#4956 = ( BOUNDED_CURVE() B_SPLINE_CURVE(2,(#4957,#4958,#4959,#4960,
#4961,#4962,#4963),.UNSPECIFIED.,.T.,.F.) B_SPLINE_CURVE_WITH_KNOTS((1,2
    ,2,2,2,1),(-2.094395102393,0.,2.094395102393,4.188790204786,
6.28318530718,8.377580409573),.UNSPECIFIED.) CURVE() 
GEOMETRIC_REPRESENTATION_ITEM() RATIONAL_B_SPLINE_CURVE((1.,0.5,1.,0.5,
1.,0.5,1.)) REPRESENTATION_ITEM('') );
#4957 = CARTESIAN_POINT('',(-3.769156621162,35.086175035979));
#4958 = CARTESIAN_POINT('',(-3.769156621162,35.952200439763));
#4959 = CARTESIAN_POINT('',(-3.019156621162,35.519187737871));
#4960 = CARTESIAN_POINT('',(-2.269156621162,35.086175035979));
#4961 = CARTESIAN_POINT('',(-3.019156621162,34.653162334086));
#4962 = CARTESIAN_POINT('',(-3.769156621162,34.220149632194));
#4963 = CARTESIAN_POINT('',(-3.769156621162,35.086175035979));
#4964 = ( GEOMETRIC_REPRESENTATION_CONTEXT(2) 
PARAMETRIC_REPRESENTATION_CONTEXT() REPRESENTATION_CONTEXT('2D SPACE',''
  ) );
#4965 = PCURVE('',#4966,#4971);
#4966 = CYLINDRICAL_SURFACE('',#4967,0.5);
#4967 = AXIS2_PLACEMENT_3D('',#4968,#4969,#4970);
#4968 = CARTESIAN_POINT('',(147.04,-53.28,-1.E-02));
#4969 = DIRECTION('',(0.,0.,1.));
#4970 = DIRECTION('',(1.,0.,-0.));
#4971 = DEFINITIONAL_REPRESENTATION('',(#4972),#4976);
#4972 = LINE('',#4973,#4974);
#4973 = CARTESIAN_POINT('',(0.,1.E-02));
#4974 = VECTOR('',#4975,1.);
#4975 = DIRECTION('',(1.,0.));
#4976 = ( GEOMETRIC_REPRESENTATION_CONTEXT(2) 
PARAMETRIC_REPRESENTATION_CONTEXT() REPRESENTATION_CONTEXT('2D SPACE',''
  ) );
#4977 = FACE_BOUND('',#4978,.T.);
#4978 = EDGE_LOOP('',(#4979));
#4979 = ORIENTED_EDGE('',*,*,#4980,.T.);
#4980 = EDGE_CURVE('',#4981,#4981,#4983,.T.);
#4981 = VERTEX_POINT('',#4982);
#4982 = CARTESIAN_POINT('',(145.,-55.82,0.));
#4983 = SURFACE_CURVE('',#4984,(#4989,#5000),.PCURVE_S1.);
#4984 = CIRCLE('',#4985,0.5);
#4985 = AXIS2_PLACEMENT_3D('',#4986,#4987,#4988);
#4986 = CARTESIAN_POINT('',(144.5,-55.82,0.));
#4987 = DIRECTION('',(0.,0.,1.));
#4988 = DIRECTION('',(1.,0.,-0.));
#4989 = PCURVE('',#144,#4990);
#4990 = DEFINITIONAL_REPRESENTATION('',(#4991),#4999);
#4991 = ( BOUNDED_CURVE() B_SPLINE_CURVE(2,(#4992,#4993,#4994,#4995,
#4996,#4997,#4998),.UNSPECIFIED.,.T.,.F.) B_SPLINE_CURVE_WITH_KNOTS((1,2
    ,2,2,2,1),(-2.094395102393,0.,2.094395102393,4.188790204786,
6.28318530718,8.377580409573),.UNSPECIFIED.) CURVE() 
GEOMETRIC_REPRESENTATION_ITEM() RATIONAL_B_SPLINE_CURVE((1.,0.5,1.,0.5,
1.,0.5,1.)) REPRESENTATION_ITEM('') );
#4992 = CARTESIAN_POINT('',(-1.229156621162,32.546175035979));
#4993 = CARTESIAN_POINT('',(-1.229156621162,33.412200439763));
#4994 = CARTESIAN_POINT('',(-0.479156621162,32.979187737871));
#4995 = CARTESIAN_POINT('',(0.270843378838,32.546175035979));
#4996 = CARTESIAN_POINT('',(-0.479156621162,32.113162334086));
#4997 = CARTESIAN_POINT('',(-1.229156621162,31.680149632194));
#4998 = CARTESIAN_POINT('',(-1.229156621162,32.546175035979));
#4999 = ( GEOMETRIC_REPRESENTATION_CONTEXT(2) 
PARAMETRIC_REPRESENTATION_CONTEXT() REPRESENTATION_CONTEXT('2D SPACE',''
  ) );
#5000 = PCURVE('',#5001,#5006);
#5001 = CYLINDRICAL_SURFACE('',#5002,0.5);
#5002 = AXIS2_PLACEMENT_3D('',#5003,#5004,#5005);
#5003 = CARTESIAN_POINT('',(144.5,-55.82,-1.E-02));
#5004 = DIRECTION('',(0.,0.,1.));
#5005 = DIRECTION('',(1.,0.,-0.));
#5006 = DEFINITIONAL_REPRESENTATION('',(#5007),#5011);
#5007 = LINE('',#5008,#5009);
#5008 = CARTESIAN_POINT('',(0.,1.E-02));
#5009 = VECTOR('',#5010,1.);
#5010 = DIRECTION('',(1.,0.));
#5011 = ( GEOMETRIC_REPRESENTATION_CONTEXT(2) 
PARAMETRIC_REPRESENTATION_CONTEXT() REPRESENTATION_CONTEXT('2D SPACE',''
  ) );
#5012 = FACE_BOUND('',#5013,.T.);
#5013 = EDGE_LOOP('',(#5014));
#5014 = ORIENTED_EDGE('',*,*,#5015,.T.);
#5015 = EDGE_CURVE('',#5016,#5016,#5018,.T.);
#5016 = VERTEX_POINT('',#5017);
#5017 = CARTESIAN_POINT('',(142.46,-55.82,0.));
#5018 = SURFACE_CURVE('',#5019,(#5024,#5035),.PCURVE_S1.);
#5019 = CIRCLE('',#5020,0.5);
#5020 = AXIS2_PLACEMENT_3D('',#5021,#5022,#5023);
#5021 = CARTESIAN_POINT('',(141.96,-55.82,0.));
#5022 = DIRECTION('',(0.,0.,1.));
#5023 = DIRECTION('',(1.,0.,-0.));
#5024 = PCURVE('',#144,#5025);
#5025 = DEFINITIONAL_REPRESENTATION('',(#5026),#5034);
#5026 = ( BOUNDED_CURVE() B_SPLINE_CURVE(2,(#5027,#5028,#5029,#5030,
#5031,#5032,#5033),.UNSPECIFIED.,.T.,.F.) B_SPLINE_CURVE_WITH_KNOTS((1,2
    ,2,2,2,1),(-2.094395102393,0.,2.094395102393,4.188790204786,
6.28318530718,8.377580409573),.UNSPECIFIED.) CURVE() 
GEOMETRIC_REPRESENTATION_ITEM() RATIONAL_B_SPLINE_CURVE((1.,0.5,1.,0.5,
1.,0.5,1.)) REPRESENTATION_ITEM('') );
#5027 = CARTESIAN_POINT('',(1.310843378838,32.546175035979));
#5028 = CARTESIAN_POINT('',(1.310843378838,33.412200439763));
#5029 = CARTESIAN_POINT('',(2.060843378838,32.979187737871));
#5030 = CARTESIAN_POINT('',(2.810843378838,32.546175035979));
#5031 = CARTESIAN_POINT('',(2.060843378838,32.113162334086));
#5032 = CARTESIAN_POINT('',(1.310843378838,31.680149632194));
#5033 = CARTESIAN_POINT('',(1.310843378838,32.546175035979));
#5034 = ( GEOMETRIC_REPRESENTATION_CONTEXT(2) 
PARAMETRIC_REPRESENTATION_CONTEXT() REPRESENTATION_CONTEXT('2D SPACE',''
  ) );
#5035 = PCURVE('',#5036,#5041);
#5036 = CYLINDRICAL_SURFACE('',#5037,0.5);
#5037 = AXIS2_PLACEMENT_3D('',#5038,#5039,#5040);
#5038 = CARTESIAN_POINT('',(141.96,-55.82,-1.E-02));
#5039 = DIRECTION('',(0.,0.,1.));
#5040 = DIRECTION('',(1.,0.,-0.));
#5041 = DEFINITIONAL_REPRESENTATION('',(#5042),#5046);
#5042 = LINE('',#5043,#5044);
#5043 = CARTESIAN_POINT('',(0.,1.E-02));
#5044 = VECTOR('',#5045,1.);
#5045 = DIRECTION('',(1.,0.));
#5046 = ( GEOMETRIC_REPRESENTATION_CONTEXT(2) 
PARAMETRIC_REPRESENTATION_CONTEXT() REPRESENTATION_CONTEXT('2D SPACE',''
  ) );
#5047 = FACE_BOUND('',#5048,.T.);
#5048 = EDGE_LOOP('',(#5049));
#5049 = ORIENTED_EDGE('',*,*,#5050,.T.);
#5050 = EDGE_CURVE('',#5051,#5051,#5053,.T.);
#5051 = VERTEX_POINT('',#5052);
#5052 = CARTESIAN_POINT('',(145.,-53.28,0.));
#5053 = SURFACE_CURVE('',#5054,(#5059,#5070),.PCURVE_S1.);
#5054 = CIRCLE('',#5055,0.5);
#5055 = AXIS2_PLACEMENT_3D('',#5056,#5057,#5058);
#5056 = CARTESIAN_POINT('',(144.5,-53.28,0.));
#5057 = DIRECTION('',(0.,0.,1.));
#5058 = DIRECTION('',(1.,0.,-0.));
#5059 = PCURVE('',#144,#5060);
#5060 = DEFINITIONAL_REPRESENTATION('',(#5061),#5069);
#5061 = ( BOUNDED_CURVE() B_SPLINE_CURVE(2,(#5062,#5063,#5064,#5065,
#5066,#5067,#5068),.UNSPECIFIED.,.T.,.F.) B_SPLINE_CURVE_WITH_KNOTS((1,2
    ,2,2,2,1),(-2.094395102393,0.,2.094395102393,4.188790204786,
6.28318530718,8.377580409573),.UNSPECIFIED.) CURVE() 
GEOMETRIC_REPRESENTATION_ITEM() RATIONAL_B_SPLINE_CURVE((1.,0.5,1.,0.5,
1.,0.5,1.)) REPRESENTATION_ITEM('') );
#5062 = CARTESIAN_POINT('',(-1.229156621162,35.086175035979));
#5063 = CARTESIAN_POINT('',(-1.229156621162,35.952200439763));
#5064 = CARTESIAN_POINT('',(-0.479156621162,35.519187737871));
#5065 = CARTESIAN_POINT('',(0.270843378838,35.086175035979));
#5066 = CARTESIAN_POINT('',(-0.479156621162,34.653162334086));
#5067 = CARTESIAN_POINT('',(-1.229156621162,34.220149632194));
#5068 = CARTESIAN_POINT('',(-1.229156621162,35.086175035979));
#5069 = ( GEOMETRIC_REPRESENTATION_CONTEXT(2) 
PARAMETRIC_REPRESENTATION_CONTEXT() REPRESENTATION_CONTEXT('2D SPACE',''
  ) );
#5070 = PCURVE('',#5071,#5076);
#5071 = CYLINDRICAL_SURFACE('',#5072,0.5);
#5072 = AXIS2_PLACEMENT_3D('',#5073,#5074,#5075);
#5073 = CARTESIAN_POINT('',(144.5,-53.28,-1.E-02));
#5074 = DIRECTION('',(0.,0.,1.));
#5075 = DIRECTION('',(1.,0.,-0.));
#5076 = DEFINITIONAL_REPRESENTATION('',(#5077),#5081);
#5077 = LINE('',#5078,#5079);
#5078 = CARTESIAN_POINT('',(0.,1.E-02));
#5079 = VECTOR('',#5080,1.);
#5080 = DIRECTION('',(1.,0.));
#5081 = ( GEOMETRIC_REPRESENTATION_CONTEXT(2) 
PARAMETRIC_REPRESENTATION_CONTEXT() REPRESENTATION_CONTEXT('2D SPACE',''
  ) );
#5082 = FACE_BOUND('',#5083,.T.);
#5083 = EDGE_LOOP('',(#5084));
#5084 = ORIENTED_EDGE('',*,*,#5085,.T.);
#5085 = EDGE_CURVE('',#5086,#5086,#5088,.T.);
#5086 = VERTEX_POINT('',#5087);
#5087 = CARTESIAN_POINT('',(142.46,-53.28,0.));
#5088 = SURFACE_CURVE('',#5089,(#5094,#5105),.PCURVE_S1.);
#5089 = CIRCLE('',#5090,0.5);
#5090 = AXIS2_PLACEMENT_3D('',#5091,#5092,#5093);
#5091 = CARTESIAN_POINT('',(141.96,-53.28,0.));
#5092 = DIRECTION('',(0.,0.,1.));
#5093 = DIRECTION('',(1.,0.,-0.));
#5094 = PCURVE('',#144,#5095);
#5095 = DEFINITIONAL_REPRESENTATION('',(#5096),#5104);
#5096 = ( BOUNDED_CURVE() B_SPLINE_CURVE(2,(#5097,#5098,#5099,#5100,
#5101,#5102,#5103),.UNSPECIFIED.,.T.,.F.) B_SPLINE_CURVE_WITH_KNOTS((1,2
    ,2,2,2,1),(-2.094395102393,0.,2.094395102393,4.188790204786,
6.28318530718,8.377580409573),.UNSPECIFIED.) CURVE() 
GEOMETRIC_REPRESENTATION_ITEM() RATIONAL_B_SPLINE_CURVE((1.,0.5,1.,0.5,
1.,0.5,1.)) REPRESENTATION_ITEM('') );
#5097 = CARTESIAN_POINT('',(1.310843378838,35.086175035979));
#5098 = CARTESIAN_POINT('',(1.310843378838,35.952200439763));
#5099 = CARTESIAN_POINT('',(2.060843378838,35.519187737871));
#5100 = CARTESIAN_POINT('',(2.810843378838,35.086175035979));
#5101 = CARTESIAN_POINT('',(2.060843378838,34.653162334086));
#5102 = CARTESIAN_POINT('',(1.310843378838,34.220149632194));
#5103 = CARTESIAN_POINT('',(1.310843378838,35.086175035979));
#5104 = ( GEOMETRIC_REPRESENTATION_CONTEXT(2) 
PARAMETRIC_REPRESENTATION_CONTEXT() REPRESENTATION_CONTEXT('2D SPACE',''
  ) );
#5105 = PCURVE('',#5106,#5111);
#5106 = CYLINDRICAL_SURFACE('',#5107,0.5);
#5107 = AXIS2_PLACEMENT_3D('',#5108,#5109,#5110);
#5108 = CARTESIAN_POINT('',(141.96,-53.28,-1.E-02));
#5109 = DIRECTION('',(0.,0.,1.));
#5110 = DIRECTION('',(1.,0.,-0.));
#5111 = DEFINITIONAL_REPRESENTATION('',(#5112),#5116);
#5112 = LINE('',#5113,#5114);
#5113 = CARTESIAN_POINT('',(0.,1.E-02));
#5114 = VECTOR('',#5115,1.);
#5115 = DIRECTION('',(1.,0.));
#5116 = ( GEOMETRIC_REPRESENTATION_CONTEXT(2) 
PARAMETRIC_REPRESENTATION_CONTEXT() REPRESENTATION_CONTEXT('2D SPACE',''
  ) );
#5117 = FACE_BOUND('',#5118,.T.);
#5118 = EDGE_LOOP('',(#5119));
#5119 = ORIENTED_EDGE('',*,*,#5120,.T.);
#5120 = EDGE_CURVE('',#5121,#5121,#5123,.T.);
#5121 = VERTEX_POINT('',#5122);
#5122 = CARTESIAN_POINT('',(139.92,-60.9,0.));
#5123 = SURFACE_CURVE('',#5124,(#5129,#5140),.PCURVE_S1.);
#5124 = CIRCLE('',#5125,0.5);
#5125 = AXIS2_PLACEMENT_3D('',#5126,#5127,#5128);
#5126 = CARTESIAN_POINT('',(139.42,-60.9,0.));
#5127 = DIRECTION('',(0.,0.,1.));
#5128 = DIRECTION('',(1.,0.,-0.));
#5129 = PCURVE('',#144,#5130);
#5130 = DEFINITIONAL_REPRESENTATION('',(#5131),#5139);
#5131 = ( BOUNDED_CURVE() B_SPLINE_CURVE(2,(#5132,#5133,#5134,#5135,
#5136,#5137,#5138),.UNSPECIFIED.,.T.,.F.) B_SPLINE_CURVE_WITH_KNOTS((1,2
    ,2,2,2,1),(-2.094395102393,0.,2.094395102393,4.188790204786,
6.28318530718,8.377580409573),.UNSPECIFIED.) CURVE() 
GEOMETRIC_REPRESENTATION_ITEM() RATIONAL_B_SPLINE_CURVE((1.,0.5,1.,0.5,
1.,0.5,1.)) REPRESENTATION_ITEM('') );
#5132 = CARTESIAN_POINT('',(3.850843378838,27.466175035979));
#5133 = CARTESIAN_POINT('',(3.850843378838,28.332200439763));
#5134 = CARTESIAN_POINT('',(4.600843378838,27.899187737871));
#5135 = CARTESIAN_POINT('',(5.350843378838,27.466175035979));
#5136 = CARTESIAN_POINT('',(4.600843378838,27.033162334086));
#5137 = CARTESIAN_POINT('',(3.850843378838,26.600149632194));
#5138 = CARTESIAN_POINT('',(3.850843378838,27.466175035979));
#5139 = ( GEOMETRIC_REPRESENTATION_CONTEXT(2) 
PARAMETRIC_REPRESENTATION_CONTEXT() REPRESENTATION_CONTEXT('2D SPACE',''
  ) );
#5140 = PCURVE('',#5141,#5146);
#5141 = CYLINDRICAL_SURFACE('',#5142,0.5);
#5142 = AXIS2_PLACEMENT_3D('',#5143,#5144,#5145);
#5143 = CARTESIAN_POINT('',(139.42,-60.9,-1.E-02));
#5144 = DIRECTION('',(0.,0.,1.));
#5145 = DIRECTION('',(1.,0.,-0.));
#5146 = DEFINITIONAL_REPRESENTATION('',(#5147),#5151);
#5147 = LINE('',#5148,#5149);
#5148 = CARTESIAN_POINT('',(0.,1.E-02));
#5149 = VECTOR('',#5150,1.);
#5150 = DIRECTION('',(1.,0.));
#5151 = ( GEOMETRIC_REPRESENTATION_CONTEXT(2) 
PARAMETRIC_REPRESENTATION_CONTEXT() REPRESENTATION_CONTEXT('2D SPACE',''
  ) );
#5152 = FACE_BOUND('',#5153,.T.);
#5153 = EDGE_LOOP('',(#5154));
#5154 = ORIENTED_EDGE('',*,*,#5155,.T.);
#5155 = EDGE_CURVE('',#5156,#5156,#5158,.T.);
#5156 = VERTEX_POINT('',#5157);
#5157 = CARTESIAN_POINT('',(137.38,-60.9,0.));
#5158 = SURFACE_CURVE('',#5159,(#5164,#5175),.PCURVE_S1.);
#5159 = CIRCLE('',#5160,0.5);
#5160 = AXIS2_PLACEMENT_3D('',#5161,#5162,#5163);
#5161 = CARTESIAN_POINT('',(136.88,-60.9,0.));
#5162 = DIRECTION('',(0.,0.,1.));
#5163 = DIRECTION('',(1.,0.,-0.));
#5164 = PCURVE('',#144,#5165);
#5165 = DEFINITIONAL_REPRESENTATION('',(#5166),#5174);
#5166 = ( BOUNDED_CURVE() B_SPLINE_CURVE(2,(#5167,#5168,#5169,#5170,
#5171,#5172,#5173),.UNSPECIFIED.,.T.,.F.) B_SPLINE_CURVE_WITH_KNOTS((1,2
    ,2,2,2,1),(-2.094395102393,0.,2.094395102393,4.188790204786,
6.28318530718,8.377580409573),.UNSPECIFIED.) CURVE() 
GEOMETRIC_REPRESENTATION_ITEM() RATIONAL_B_SPLINE_CURVE((1.,0.5,1.,0.5,
1.,0.5,1.)) REPRESENTATION_ITEM('') );
#5167 = CARTESIAN_POINT('',(6.390843378838,27.466175035979));
#5168 = CARTESIAN_POINT('',(6.390843378838,28.332200439763));
#5169 = CARTESIAN_POINT('',(7.140843378838,27.899187737871));
#5170 = CARTESIAN_POINT('',(7.890843378838,27.466175035979));
#5171 = CARTESIAN_POINT('',(7.140843378838,27.033162334086));
#5172 = CARTESIAN_POINT('',(6.390843378838,26.600149632194));
#5173 = CARTESIAN_POINT('',(6.390843378838,27.466175035979));
#5174 = ( GEOMETRIC_REPRESENTATION_CONTEXT(2) 
PARAMETRIC_REPRESENTATION_CONTEXT() REPRESENTATION_CONTEXT('2D SPACE',''
  ) );
#5175 = PCURVE('',#5176,#5181);
#5176 = CYLINDRICAL_SURFACE('',#5177,0.5);
#5177 = AXIS2_PLACEMENT_3D('',#5178,#5179,#5180);
#5178 = CARTESIAN_POINT('',(136.88,-60.9,-1.E-02));
#5179 = DIRECTION('',(0.,0.,1.));
#5180 = DIRECTION('',(1.,0.,-0.));
#5181 = DEFINITIONAL_REPRESENTATION('',(#5182),#5186);
#5182 = LINE('',#5183,#5184);
#5183 = CARTESIAN_POINT('',(0.,1.E-02));
#5184 = VECTOR('',#5185,1.);
#5185 = DIRECTION('',(1.,0.));
#5186 = ( GEOMETRIC_REPRESENTATION_CONTEXT(2) 
PARAMETRIC_REPRESENTATION_CONTEXT() REPRESENTATION_CONTEXT('2D SPACE',''
  ) );
#5187 = FACE_BOUND('',#5188,.T.);
#5188 = EDGE_LOOP('',(#5189));
#5189 = ORIENTED_EDGE('',*,*,#5190,.T.);
#5190 = EDGE_CURVE('',#5191,#5191,#5193,.T.);
#5191 = VERTEX_POINT('',#5192);
#5192 = CARTESIAN_POINT('',(139.92,-58.36,0.));
#5193 = SURFACE_CURVE('',#5194,(#5199,#5210),.PCURVE_S1.);
#5194 = CIRCLE('',#5195,0.5);
#5195 = AXIS2_PLACEMENT_3D('',#5196,#5197,#5198);
#5196 = CARTESIAN_POINT('',(139.42,-58.36,0.));
#5197 = DIRECTION('',(0.,0.,1.));
#5198 = DIRECTION('',(1.,0.,-0.));
#5199 = PCURVE('',#144,#5200);
#5200 = DEFINITIONAL_REPRESENTATION('',(#5201),#5209);
#5201 = ( BOUNDED_CURVE() B_SPLINE_CURVE(2,(#5202,#5203,#5204,#5205,
#5206,#5207,#5208),.UNSPECIFIED.,.T.,.F.) B_SPLINE_CURVE_WITH_KNOTS((1,2
    ,2,2,2,1),(-2.094395102393,0.,2.094395102393,4.188790204786,
6.28318530718,8.377580409573),.UNSPECIFIED.) CURVE() 
GEOMETRIC_REPRESENTATION_ITEM() RATIONAL_B_SPLINE_CURVE((1.,0.5,1.,0.5,
1.,0.5,1.)) REPRESENTATION_ITEM('') );
#5202 = CARTESIAN_POINT('',(3.850843378838,30.006175035979));
#5203 = CARTESIAN_POINT('',(3.850843378838,30.872200439763));
#5204 = CARTESIAN_POINT('',(4.600843378838,30.439187737871));
#5205 = CARTESIAN_POINT('',(5.350843378838,30.006175035979));
#5206 = CARTESIAN_POINT('',(4.600843378838,29.573162334086));
#5207 = CARTESIAN_POINT('',(3.850843378838,29.140149632194));
#5208 = CARTESIAN_POINT('',(3.850843378838,30.006175035979));
#5209 = ( GEOMETRIC_REPRESENTATION_CONTEXT(2) 
PARAMETRIC_REPRESENTATION_CONTEXT() REPRESENTATION_CONTEXT('2D SPACE',''
  ) );
#5210 = PCURVE('',#5211,#5216);
#5211 = CYLINDRICAL_SURFACE('',#5212,0.5);
#5212 = AXIS2_PLACEMENT_3D('',#5213,#5214,#5215);
#5213 = CARTESIAN_POINT('',(139.42,-58.36,-1.E-02));
#5214 = DIRECTION('',(0.,0.,1.));
#5215 = DIRECTION('',(1.,0.,-0.));
#5216 = DEFINITIONAL_REPRESENTATION('',(#5217),#5221);
#5217 = LINE('',#5218,#5219);
#5218 = CARTESIAN_POINT('',(0.,1.E-02));
#5219 = VECTOR('',#5220,1.);
#5220 = DIRECTION('',(1.,0.));
#5221 = ( GEOMETRIC_REPRESENTATION_CONTEXT(2) 
PARAMETRIC_REPRESENTATION_CONTEXT() REPRESENTATION_CONTEXT('2D SPACE',''
  ) );
#5222 = FACE_BOUND('',#5223,.T.);
#5223 = EDGE_LOOP('',(#5224));
#5224 = ORIENTED_EDGE('',*,*,#5225,.T.);
#5225 = EDGE_CURVE('',#5226,#5226,#5228,.T.);
#5226 = VERTEX_POINT('',#5227);
#5227 = CARTESIAN_POINT('',(137.38,-58.36,0.));
#5228 = SURFACE_CURVE('',#5229,(#5234,#5245),.PCURVE_S1.);
#5229 = CIRCLE('',#5230,0.5);
#5230 = AXIS2_PLACEMENT_3D('',#5231,#5232,#5233);
#5231 = CARTESIAN_POINT('',(136.88,-58.36,0.));
#5232 = DIRECTION('',(0.,0.,1.));
#5233 = DIRECTION('',(1.,0.,-0.));
#5234 = PCURVE('',#144,#5235);
#5235 = DEFINITIONAL_REPRESENTATION('',(#5236),#5244);
#5236 = ( BOUNDED_CURVE() B_SPLINE_CURVE(2,(#5237,#5238,#5239,#5240,
#5241,#5242,#5243),.UNSPECIFIED.,.T.,.F.) B_SPLINE_CURVE_WITH_KNOTS((1,2
    ,2,2,2,1),(-2.094395102393,0.,2.094395102393,4.188790204786,
6.28318530718,8.377580409573),.UNSPECIFIED.) CURVE() 
GEOMETRIC_REPRESENTATION_ITEM() RATIONAL_B_SPLINE_CURVE((1.,0.5,1.,0.5,
1.,0.5,1.)) REPRESENTATION_ITEM('') );
#5237 = CARTESIAN_POINT('',(6.390843378838,30.006175035979));
#5238 = CARTESIAN_POINT('',(6.390843378838,30.872200439763));
#5239 = CARTESIAN_POINT('',(7.140843378838,30.439187737871));
#5240 = CARTESIAN_POINT('',(7.890843378838,30.006175035979));
#5241 = CARTESIAN_POINT('',(7.140843378838,29.573162334086));
#5242 = CARTESIAN_POINT('',(6.390843378838,29.140149632194));
#5243 = CARTESIAN_POINT('',(6.390843378838,30.006175035979));
#5244 = ( GEOMETRIC_REPRESENTATION_CONTEXT(2) 
PARAMETRIC_REPRESENTATION_CONTEXT() REPRESENTATION_CONTEXT('2D SPACE',''
  ) );
#5245 = PCURVE('',#5246,#5251);
#5246 = CYLINDRICAL_SURFACE('',#5247,0.5);
#5247 = AXIS2_PLACEMENT_3D('',#5248,#5249,#5250);
#5248 = CARTESIAN_POINT('',(136.88,-58.36,-1.E-02));
#5249 = DIRECTION('',(0.,0.,1.));
#5250 = DIRECTION('',(1.,0.,-0.));
#5251 = DEFINITIONAL_REPRESENTATION('',(#5252),#5256);
#5252 = LINE('',#5253,#5254);
#5253 = CARTESIAN_POINT('',(0.,1.E-02));
#5254 = VECTOR('',#5255,1.);
#5255 = DIRECTION('',(1.,0.));
#5256 = ( GEOMETRIC_REPRESENTATION_CONTEXT(2) 
PARAMETRIC_REPRESENTATION_CONTEXT() REPRESENTATION_CONTEXT('2D SPACE',''
  ) );
#5257 = FACE_BOUND('',#5258,.T.);
#5258 = EDGE_LOOP('',(#5259));
#5259 = ORIENTED_EDGE('',*,*,#5260,.T.);
#5260 = EDGE_CURVE('',#5261,#5261,#5263,.T.);
#5261 = VERTEX_POINT('',#5262);
#5262 = CARTESIAN_POINT('',(134.84,-60.9,0.));
#5263 = SURFACE_CURVE('',#5264,(#5269,#5280),.PCURVE_S1.);
#5264 = CIRCLE('',#5265,0.5);
#5265 = AXIS2_PLACEMENT_3D('',#5266,#5267,#5268);
#5266 = CARTESIAN_POINT('',(134.34,-60.9,0.));
#5267 = DIRECTION('',(0.,0.,1.));
#5268 = DIRECTION('',(1.,0.,-0.));
#5269 = PCURVE('',#144,#5270);
#5270 = DEFINITIONAL_REPRESENTATION('',(#5271),#5279);
#5271 = ( BOUNDED_CURVE() B_SPLINE_CURVE(2,(#5272,#5273,#5274,#5275,
#5276,#5277,#5278),.UNSPECIFIED.,.T.,.F.) B_SPLINE_CURVE_WITH_KNOTS((1,2
    ,2,2,2,1),(-2.094395102393,0.,2.094395102393,4.188790204786,
6.28318530718,8.377580409573),.UNSPECIFIED.) CURVE() 
GEOMETRIC_REPRESENTATION_ITEM() RATIONAL_B_SPLINE_CURVE((1.,0.5,1.,0.5,
1.,0.5,1.)) REPRESENTATION_ITEM('') );
#5272 = CARTESIAN_POINT('',(8.930843378838,27.466175035979));
#5273 = CARTESIAN_POINT('',(8.930843378838,28.332200439763));
#5274 = CARTESIAN_POINT('',(9.680843378838,27.899187737871));
#5275 = CARTESIAN_POINT('',(10.430843378838,27.466175035979));
#5276 = CARTESIAN_POINT('',(9.680843378838,27.033162334086));
#5277 = CARTESIAN_POINT('',(8.930843378838,26.600149632194));
#5278 = CARTESIAN_POINT('',(8.930843378838,27.466175035979));
#5279 = ( GEOMETRIC_REPRESENTATION_CONTEXT(2) 
PARAMETRIC_REPRESENTATION_CONTEXT() REPRESENTATION_CONTEXT('2D SPACE',''
  ) );
#5280 = PCURVE('',#5281,#5286);
#5281 = CYLINDRICAL_SURFACE('',#5282,0.5);
#5282 = AXIS2_PLACEMENT_3D('',#5283,#5284,#5285);
#5283 = CARTESIAN_POINT('',(134.34,-60.9,-1.E-02));
#5284 = DIRECTION('',(0.,0.,1.));
#5285 = DIRECTION('',(1.,0.,-0.));
#5286 = DEFINITIONAL_REPRESENTATION('',(#5287),#5291);
#5287 = LINE('',#5288,#5289);
#5288 = CARTESIAN_POINT('',(0.,1.E-02));
#5289 = VECTOR('',#5290,1.);
#5290 = DIRECTION('',(1.,0.));
#5291 = ( GEOMETRIC_REPRESENTATION_CONTEXT(2) 
PARAMETRIC_REPRESENTATION_CONTEXT() REPRESENTATION_CONTEXT('2D SPACE',''
  ) );
#5292 = FACE_BOUND('',#5293,.T.);
#5293 = EDGE_LOOP('',(#5294));
#5294 = ORIENTED_EDGE('',*,*,#5295,.T.);
#5295 = EDGE_CURVE('',#5296,#5296,#5298,.T.);
#5296 = VERTEX_POINT('',#5297);
#5297 = CARTESIAN_POINT('',(132.3,-60.9,0.));
#5298 = SURFACE_CURVE('',#5299,(#5304,#5315),.PCURVE_S1.);
#5299 = CIRCLE('',#5300,0.5);
#5300 = AXIS2_PLACEMENT_3D('',#5301,#5302,#5303);
#5301 = CARTESIAN_POINT('',(131.8,-60.9,0.));
#5302 = DIRECTION('',(0.,0.,1.));
#5303 = DIRECTION('',(1.,0.,-0.));
#5304 = PCURVE('',#144,#5305);
#5305 = DEFINITIONAL_REPRESENTATION('',(#5306),#5314);
#5306 = ( BOUNDED_CURVE() B_SPLINE_CURVE(2,(#5307,#5308,#5309,#5310,
#5311,#5312,#5313),.UNSPECIFIED.,.T.,.F.) B_SPLINE_CURVE_WITH_KNOTS((1,2
    ,2,2,2,1),(-2.094395102393,0.,2.094395102393,4.188790204786,
6.28318530718,8.377580409573),.UNSPECIFIED.) CURVE() 
GEOMETRIC_REPRESENTATION_ITEM() RATIONAL_B_SPLINE_CURVE((1.,0.5,1.,0.5,
1.,0.5,1.)) REPRESENTATION_ITEM('') );
#5307 = CARTESIAN_POINT('',(11.470843378838,27.466175035979));
#5308 = CARTESIAN_POINT('',(11.470843378838,28.332200439763));
#5309 = CARTESIAN_POINT('',(12.220843378838,27.899187737871));
#5310 = CARTESIAN_POINT('',(12.970843378838,27.466175035979));
#5311 = CARTESIAN_POINT('',(12.220843378838,27.033162334086));
#5312 = CARTESIAN_POINT('',(11.470843378838,26.600149632194));
#5313 = CARTESIAN_POINT('',(11.470843378838,27.466175035979));
#5314 = ( GEOMETRIC_REPRESENTATION_CONTEXT(2) 
PARAMETRIC_REPRESENTATION_CONTEXT() REPRESENTATION_CONTEXT('2D SPACE',''
  ) );
#5315 = PCURVE('',#5316,#5321);
#5316 = CYLINDRICAL_SURFACE('',#5317,0.5);
#5317 = AXIS2_PLACEMENT_3D('',#5318,#5319,#5320);
#5318 = CARTESIAN_POINT('',(131.8,-60.9,-1.E-02));
#5319 = DIRECTION('',(0.,0.,1.));
#5320 = DIRECTION('',(1.,0.,-0.));
#5321 = DEFINITIONAL_REPRESENTATION('',(#5322),#5326);
#5322 = LINE('',#5323,#5324);
#5323 = CARTESIAN_POINT('',(0.,1.E-02));
#5324 = VECTOR('',#5325,1.);
#5325 = DIRECTION('',(1.,0.));
#5326 = ( GEOMETRIC_REPRESENTATION_CONTEXT(2) 
PARAMETRIC_REPRESENTATION_CONTEXT() REPRESENTATION_CONTEXT('2D SPACE',''
  ) );
#5327 = FACE_BOUND('',#5328,.T.);
#5328 = EDGE_LOOP('',(#5329));
#5329 = ORIENTED_EDGE('',*,*,#5330,.T.);
#5330 = EDGE_CURVE('',#5331,#5331,#5333,.T.);
#5331 = VERTEX_POINT('',#5332);
#5332 = CARTESIAN_POINT('',(134.84,-58.36,0.));
#5333 = SURFACE_CURVE('',#5334,(#5339,#5350),.PCURVE_S1.);
#5334 = CIRCLE('',#5335,0.5);
#5335 = AXIS2_PLACEMENT_3D('',#5336,#5337,#5338);
#5336 = CARTESIAN_POINT('',(134.34,-58.36,0.));
#5337 = DIRECTION('',(0.,0.,1.));
#5338 = DIRECTION('',(1.,0.,-0.));
#5339 = PCURVE('',#144,#5340);
#5340 = DEFINITIONAL_REPRESENTATION('',(#5341),#5349);
#5341 = ( BOUNDED_CURVE() B_SPLINE_CURVE(2,(#5342,#5343,#5344,#5345,
#5346,#5347,#5348),.UNSPECIFIED.,.T.,.F.) B_SPLINE_CURVE_WITH_KNOTS((1,2
    ,2,2,2,1),(-2.094395102393,0.,2.094395102393,4.188790204786,
6.28318530718,8.377580409573),.UNSPECIFIED.) CURVE() 
GEOMETRIC_REPRESENTATION_ITEM() RATIONAL_B_SPLINE_CURVE((1.,0.5,1.,0.5,
1.,0.5,1.)) REPRESENTATION_ITEM('') );
#5342 = CARTESIAN_POINT('',(8.930843378838,30.006175035979));
#5343 = CARTESIAN_POINT('',(8.930843378838,30.872200439763));
#5344 = CARTESIAN_POINT('',(9.680843378838,30.439187737871));
#5345 = CARTESIAN_POINT('',(10.430843378838,30.006175035979));
#5346 = CARTESIAN_POINT('',(9.680843378838,29.573162334086));
#5347 = CARTESIAN_POINT('',(8.930843378838,29.140149632194));
#5348 = CARTESIAN_POINT('',(8.930843378838,30.006175035979));
#5349 = ( GEOMETRIC_REPRESENTATION_CONTEXT(2) 
PARAMETRIC_REPRESENTATION_CONTEXT() REPRESENTATION_CONTEXT('2D SPACE',''
  ) );
#5350 = PCURVE('',#5351,#5356);
#5351 = CYLINDRICAL_SURFACE('',#5352,0.5);
#5352 = AXIS2_PLACEMENT_3D('',#5353,#5354,#5355);
#5353 = CARTESIAN_POINT('',(134.34,-58.36,-1.E-02));
#5354 = DIRECTION('',(0.,0.,1.));
#5355 = DIRECTION('',(1.,0.,-0.));
#5356 = DEFINITIONAL_REPRESENTATION('',(#5357),#5361);
#5357 = LINE('',#5358,#5359);
#5358 = CARTESIAN_POINT('',(0.,1.E-02));
#5359 = VECTOR('',#5360,1.);
#5360 = DIRECTION('',(1.,0.));
#5361 = ( GEOMETRIC_REPRESENTATION_CONTEXT(2) 
PARAMETRIC_REPRESENTATION_CONTEXT() REPRESENTATION_CONTEXT('2D SPACE',''
  ) );
#5362 = FACE_BOUND('',#5363,.T.);
#5363 = EDGE_LOOP('',(#5364));
#5364 = ORIENTED_EDGE('',*,*,#5365,.T.);
#5365 = EDGE_CURVE('',#5366,#5366,#5368,.T.);
#5366 = VERTEX_POINT('',#5367);
#5367 = CARTESIAN_POINT('',(132.3,-58.36,0.));
#5368 = SURFACE_CURVE('',#5369,(#5374,#5385),.PCURVE_S1.);
#5369 = CIRCLE('',#5370,0.5);
#5370 = AXIS2_PLACEMENT_3D('',#5371,#5372,#5373);
#5371 = CARTESIAN_POINT('',(131.8,-58.36,0.));
#5372 = DIRECTION('',(0.,0.,1.));
#5373 = DIRECTION('',(1.,0.,-0.));
#5374 = PCURVE('',#144,#5375);
#5375 = DEFINITIONAL_REPRESENTATION('',(#5376),#5384);
#5376 = ( BOUNDED_CURVE() B_SPLINE_CURVE(2,(#5377,#5378,#5379,#5380,
#5381,#5382,#5383),.UNSPECIFIED.,.T.,.F.) B_SPLINE_CURVE_WITH_KNOTS((1,2
    ,2,2,2,1),(-2.094395102393,0.,2.094395102393,4.188790204786,
6.28318530718,8.377580409573),.UNSPECIFIED.) CURVE() 
GEOMETRIC_REPRESENTATION_ITEM() RATIONAL_B_SPLINE_CURVE((1.,0.5,1.,0.5,
1.,0.5,1.)) REPRESENTATION_ITEM('') );
#5377 = CARTESIAN_POINT('',(11.470843378838,30.006175035979));
#5378 = CARTESIAN_POINT('',(11.470843378838,30.872200439763));
#5379 = CARTESIAN_POINT('',(12.220843378838,30.439187737871));
#5380 = CARTESIAN_POINT('',(12.970843378838,30.006175035979));
#5381 = CARTESIAN_POINT('',(12.220843378838,29.573162334086));
#5382 = CARTESIAN_POINT('',(11.470843378838,29.140149632194));
#5383 = CARTESIAN_POINT('',(11.470843378838,30.006175035979));
#5384 = ( GEOMETRIC_REPRESENTATION_CONTEXT(2) 
PARAMETRIC_REPRESENTATION_CONTEXT() REPRESENTATION_CONTEXT('2D SPACE',''
  ) );
#5385 = PCURVE('',#5386,#5391);
#5386 = CYLINDRICAL_SURFACE('',#5387,0.5);
#5387 = AXIS2_PLACEMENT_3D('',#5388,#5389,#5390);
#5388 = CARTESIAN_POINT('',(131.8,-58.36,-1.E-02));
#5389 = DIRECTION('',(0.,0.,1.));
#5390 = DIRECTION('',(1.,0.,-0.));
#5391 = DEFINITIONAL_REPRESENTATION('',(#5392),#5396);
#5392 = LINE('',#5393,#5394);
#5393 = CARTESIAN_POINT('',(0.,1.E-02));
#5394 = VECTOR('',#5395,1.);
#5395 = DIRECTION('',(1.,0.));
#5396 = ( GEOMETRIC_REPRESENTATION_CONTEXT(2) 
PARAMETRIC_REPRESENTATION_CONTEXT() REPRESENTATION_CONTEXT('2D SPACE',''
  ) );
#5397 = FACE_BOUND('',#5398,.T.);
#5398 = EDGE_LOOP('',(#5399));
#5399 = ORIENTED_EDGE('',*,*,#5400,.T.);
#5400 = EDGE_CURVE('',#5401,#5401,#5403,.T.);
#5401 = VERTEX_POINT('',#5402);
#5402 = CARTESIAN_POINT('',(139.92,-55.82,0.));
#5403 = SURFACE_CURVE('',#5404,(#5409,#5420),.PCURVE_S1.);
#5404 = CIRCLE('',#5405,0.5);
#5405 = AXIS2_PLACEMENT_3D('',#5406,#5407,#5408);
#5406 = CARTESIAN_POINT('',(139.42,-55.82,0.));
#5407 = DIRECTION('',(0.,0.,1.));
#5408 = DIRECTION('',(1.,0.,-0.));
#5409 = PCURVE('',#144,#5410);
#5410 = DEFINITIONAL_REPRESENTATION('',(#5411),#5419);
#5411 = ( BOUNDED_CURVE() B_SPLINE_CURVE(2,(#5412,#5413,#5414,#5415,
#5416,#5417,#5418),.UNSPECIFIED.,.T.,.F.) B_SPLINE_CURVE_WITH_KNOTS((1,2
    ,2,2,2,1),(-2.094395102393,0.,2.094395102393,4.188790204786,
6.28318530718,8.377580409573),.UNSPECIFIED.) CURVE() 
GEOMETRIC_REPRESENTATION_ITEM() RATIONAL_B_SPLINE_CURVE((1.,0.5,1.,0.5,
1.,0.5,1.)) REPRESENTATION_ITEM('') );
#5412 = CARTESIAN_POINT('',(3.850843378838,32.546175035979));
#5413 = CARTESIAN_POINT('',(3.850843378838,33.412200439763));
#5414 = CARTESIAN_POINT('',(4.600843378838,32.979187737871));
#5415 = CARTESIAN_POINT('',(5.350843378838,32.546175035979));
#5416 = CARTESIAN_POINT('',(4.600843378838,32.113162334086));
#5417 = CARTESIAN_POINT('',(3.850843378838,31.680149632194));
#5418 = CARTESIAN_POINT('',(3.850843378838,32.546175035979));
#5419 = ( GEOMETRIC_REPRESENTATION_CONTEXT(2) 
PARAMETRIC_REPRESENTATION_CONTEXT() REPRESENTATION_CONTEXT('2D SPACE',''
  ) );
#5420 = PCURVE('',#5421,#5426);
#5421 = CYLINDRICAL_SURFACE('',#5422,0.5);
#5422 = AXIS2_PLACEMENT_3D('',#5423,#5424,#5425);
#5423 = CARTESIAN_POINT('',(139.42,-55.82,-1.E-02));
#5424 = DIRECTION('',(0.,0.,1.));
#5425 = DIRECTION('',(1.,0.,-0.));
#5426 = DEFINITIONAL_REPRESENTATION('',(#5427),#5431);
#5427 = LINE('',#5428,#5429);
#5428 = CARTESIAN_POINT('',(0.,1.E-02));
#5429 = VECTOR('',#5430,1.);
#5430 = DIRECTION('',(1.,0.));
#5431 = ( GEOMETRIC_REPRESENTATION_CONTEXT(2) 
PARAMETRIC_REPRESENTATION_CONTEXT() REPRESENTATION_CONTEXT('2D SPACE',''
  ) );
#5432 = FACE_BOUND('',#5433,.T.);
#5433 = EDGE_LOOP('',(#5434));
#5434 = ORIENTED_EDGE('',*,*,#5435,.T.);
#5435 = EDGE_CURVE('',#5436,#5436,#5438,.T.);
#5436 = VERTEX_POINT('',#5437);
#5437 = CARTESIAN_POINT('',(137.38,-55.82,0.));
#5438 = SURFACE_CURVE('',#5439,(#5444,#5455),.PCURVE_S1.);
#5439 = CIRCLE('',#5440,0.5);
#5440 = AXIS2_PLACEMENT_3D('',#5441,#5442,#5443);
#5441 = CARTESIAN_POINT('',(136.88,-55.82,0.));
#5442 = DIRECTION('',(0.,0.,1.));
#5443 = DIRECTION('',(1.,0.,-0.));
#5444 = PCURVE('',#144,#5445);
#5445 = DEFINITIONAL_REPRESENTATION('',(#5446),#5454);
#5446 = ( BOUNDED_CURVE() B_SPLINE_CURVE(2,(#5447,#5448,#5449,#5450,
#5451,#5452,#5453),.UNSPECIFIED.,.T.,.F.) B_SPLINE_CURVE_WITH_KNOTS((1,2
    ,2,2,2,1),(-2.094395102393,0.,2.094395102393,4.188790204786,
6.28318530718,8.377580409573),.UNSPECIFIED.) CURVE() 
GEOMETRIC_REPRESENTATION_ITEM() RATIONAL_B_SPLINE_CURVE((1.,0.5,1.,0.5,
1.,0.5,1.)) REPRESENTATION_ITEM('') );
#5447 = CARTESIAN_POINT('',(6.390843378838,32.546175035979));
#5448 = CARTESIAN_POINT('',(6.390843378838,33.412200439763));
#5449 = CARTESIAN_POINT('',(7.140843378838,32.979187737871));
#5450 = CARTESIAN_POINT('',(7.890843378838,32.546175035979));
#5451 = CARTESIAN_POINT('',(7.140843378838,32.113162334086));
#5452 = CARTESIAN_POINT('',(6.390843378838,31.680149632194));
#5453 = CARTESIAN_POINT('',(6.390843378838,32.546175035979));
#5454 = ( GEOMETRIC_REPRESENTATION_CONTEXT(2) 
PARAMETRIC_REPRESENTATION_CONTEXT() REPRESENTATION_CONTEXT('2D SPACE',''
  ) );
#5455 = PCURVE('',#5456,#5461);
#5456 = CYLINDRICAL_SURFACE('',#5457,0.5);
#5457 = AXIS2_PLACEMENT_3D('',#5458,#5459,#5460);
#5458 = CARTESIAN_POINT('',(136.88,-55.82,-1.E-02));
#5459 = DIRECTION('',(0.,0.,1.));
#5460 = DIRECTION('',(1.,0.,-0.));
#5461 = DEFINITIONAL_REPRESENTATION('',(#5462),#5466);
#5462 = LINE('',#5463,#5464);
#5463 = CARTESIAN_POINT('',(0.,1.E-02));
#5464 = VECTOR('',#5465,1.);
#5465 = DIRECTION('',(1.,0.));
#5466 = ( GEOMETRIC_REPRESENTATION_CONTEXT(2) 
PARAMETRIC_REPRESENTATION_CONTEXT() REPRESENTATION_CONTEXT('2D SPACE',''
  ) );
#5467 = FACE_BOUND('',#5468,.T.);
#5468 = EDGE_LOOP('',(#5469));
#5469 = ORIENTED_EDGE('',*,*,#5470,.T.);
#5470 = EDGE_CURVE('',#5471,#5471,#5473,.T.);
#5471 = VERTEX_POINT('',#5472);
#5472 = CARTESIAN_POINT('',(139.92,-53.28,0.));
#5473 = SURFACE_CURVE('',#5474,(#5479,#5490),.PCURVE_S1.);
#5474 = CIRCLE('',#5475,0.5);
#5475 = AXIS2_PLACEMENT_3D('',#5476,#5477,#5478);
#5476 = CARTESIAN_POINT('',(139.42,-53.28,0.));
#5477 = DIRECTION('',(0.,0.,1.));
#5478 = DIRECTION('',(1.,0.,-0.));
#5479 = PCURVE('',#144,#5480);
#5480 = DEFINITIONAL_REPRESENTATION('',(#5481),#5489);
#5481 = ( BOUNDED_CURVE() B_SPLINE_CURVE(2,(#5482,#5483,#5484,#5485,
#5486,#5487,#5488),.UNSPECIFIED.,.T.,.F.) B_SPLINE_CURVE_WITH_KNOTS((1,2
    ,2,2,2,1),(-2.094395102393,0.,2.094395102393,4.188790204786,
6.28318530718,8.377580409573),.UNSPECIFIED.) CURVE() 
GEOMETRIC_REPRESENTATION_ITEM() RATIONAL_B_SPLINE_CURVE((1.,0.5,1.,0.5,
1.,0.5,1.)) REPRESENTATION_ITEM('') );
#5482 = CARTESIAN_POINT('',(3.850843378838,35.086175035979));
#5483 = CARTESIAN_POINT('',(3.850843378838,35.952200439763));
#5484 = CARTESIAN_POINT('',(4.600843378838,35.519187737871));
#5485 = CARTESIAN_POINT('',(5.350843378838,35.086175035979));
#5486 = CARTESIAN_POINT('',(4.600843378838,34.653162334086));
#5487 = CARTESIAN_POINT('',(3.850843378838,34.220149632194));
#5488 = CARTESIAN_POINT('',(3.850843378838,35.086175035979));
#5489 = ( GEOMETRIC_REPRESENTATION_CONTEXT(2) 
PARAMETRIC_REPRESENTATION_CONTEXT() REPRESENTATION_CONTEXT('2D SPACE',''
  ) );
#5490 = PCURVE('',#5491,#5496);
#5491 = CYLINDRICAL_SURFACE('',#5492,0.5);
#5492 = AXIS2_PLACEMENT_3D('',#5493,#5494,#5495);
#5493 = CARTESIAN_POINT('',(139.42,-53.28,-1.E-02));
#5494 = DIRECTION('',(0.,0.,1.));
#5495 = DIRECTION('',(1.,0.,-0.));
#5496 = DEFINITIONAL_REPRESENTATION('',(#5497),#5501);
#5497 = LINE('',#5498,#5499);
#5498 = CARTESIAN_POINT('',(0.,1.E-02));
#5499 = VECTOR('',#5500,1.);
#5500 = DIRECTION('',(1.,0.));
#5501 = ( GEOMETRIC_REPRESENTATION_CONTEXT(2) 
PARAMETRIC_REPRESENTATION_CONTEXT() REPRESENTATION_CONTEXT('2D SPACE',''
  ) );
#5502 = FACE_BOUND('',#5503,.T.);
#5503 = EDGE_LOOP('',(#5504));
#5504 = ORIENTED_EDGE('',*,*,#5505,.T.);
#5505 = EDGE_CURVE('',#5506,#5506,#5508,.T.);
#5506 = VERTEX_POINT('',#5507);
#5507 = CARTESIAN_POINT('',(137.38,-53.28,0.));
#5508 = SURFACE_CURVE('',#5509,(#5514,#5525),.PCURVE_S1.);
#5509 = CIRCLE('',#5510,0.5);
#5510 = AXIS2_PLACEMENT_3D('',#5511,#5512,#5513);
#5511 = CARTESIAN_POINT('',(136.88,-53.28,0.));
#5512 = DIRECTION('',(0.,0.,1.));
#5513 = DIRECTION('',(1.,0.,-0.));
#5514 = PCURVE('',#144,#5515);
#5515 = DEFINITIONAL_REPRESENTATION('',(#5516),#5524);
#5516 = ( BOUNDED_CURVE() B_SPLINE_CURVE(2,(#5517,#5518,#5519,#5520,
#5521,#5522,#5523),.UNSPECIFIED.,.T.,.F.) B_SPLINE_CURVE_WITH_KNOTS((1,2
    ,2,2,2,1),(-2.094395102393,0.,2.094395102393,4.188790204786,
6.28318530718,8.377580409573),.UNSPECIFIED.) CURVE() 
GEOMETRIC_REPRESENTATION_ITEM() RATIONAL_B_SPLINE_CURVE((1.,0.5,1.,0.5,
1.,0.5,1.)) REPRESENTATION_ITEM('') );
#5517 = CARTESIAN_POINT('',(6.390843378838,35.086175035979));
#5518 = CARTESIAN_POINT('',(6.390843378838,35.952200439763));
#5519 = CARTESIAN_POINT('',(7.140843378838,35.519187737871));
#5520 = CARTESIAN_POINT('',(7.890843378838,35.086175035979));
#5521 = CARTESIAN_POINT('',(7.140843378838,34.653162334086));
#5522 = CARTESIAN_POINT('',(6.390843378838,34.220149632194));
#5523 = CARTESIAN_POINT('',(6.390843378838,35.086175035979));
#5524 = ( GEOMETRIC_REPRESENTATION_CONTEXT(2) 
PARAMETRIC_REPRESENTATION_CONTEXT() REPRESENTATION_CONTEXT('2D SPACE',''
  ) );
#5525 = PCURVE('',#5526,#5531);
#5526 = CYLINDRICAL_SURFACE('',#5527,0.5);
#5527 = AXIS2_PLACEMENT_3D('',#5528,#5529,#5530);
#5528 = CARTESIAN_POINT('',(136.88,-53.28,-1.E-02));
#5529 = DIRECTION('',(0.,0.,1.));
#5530 = DIRECTION('',(1.,0.,-0.));
#5531 = DEFINITIONAL_REPRESENTATION('',(#5532),#5536);
#5532 = LINE('',#5533,#5534);
#5533 = CARTESIAN_POINT('',(0.,1.E-02));
#5534 = VECTOR('',#5535,1.);
#5535 = DIRECTION('',(1.,0.));
#5536 = ( GEOMETRIC_REPRESENTATION_CONTEXT(2) 
PARAMETRIC_REPRESENTATION_CONTEXT() REPRESENTATION_CONTEXT('2D SPACE',''
  ) );
#5537 = FACE_BOUND('',#5538,.T.);
#5538 = EDGE_LOOP('',(#5539));
#5539 = ORIENTED_EDGE('',*,*,#5540,.T.);
#5540 = EDGE_CURVE('',#5541,#5541,#5543,.T.);
#5541 = VERTEX_POINT('',#5542);
#5542 = CARTESIAN_POINT('',(134.84,-55.82,0.));
#5543 = SURFACE_CURVE('',#5544,(#5549,#5560),.PCURVE_S1.);
#5544 = CIRCLE('',#5545,0.5);
#5545 = AXIS2_PLACEMENT_3D('',#5546,#5547,#5548);
#5546 = CARTESIAN_POINT('',(134.34,-55.82,0.));
#5547 = DIRECTION('',(0.,0.,1.));
#5548 = DIRECTION('',(1.,0.,-0.));
#5549 = PCURVE('',#144,#5550);
#5550 = DEFINITIONAL_REPRESENTATION('',(#5551),#5559);
#5551 = ( BOUNDED_CURVE() B_SPLINE_CURVE(2,(#5552,#5553,#5554,#5555,
#5556,#5557,#5558),.UNSPECIFIED.,.T.,.F.) B_SPLINE_CURVE_WITH_KNOTS((1,2
    ,2,2,2,1),(-2.094395102393,0.,2.094395102393,4.188790204786,
6.28318530718,8.377580409573),.UNSPECIFIED.) CURVE() 
GEOMETRIC_REPRESENTATION_ITEM() RATIONAL_B_SPLINE_CURVE((1.,0.5,1.,0.5,
1.,0.5,1.)) REPRESENTATION_ITEM('') );
#5552 = CARTESIAN_POINT('',(8.930843378838,32.546175035979));
#5553 = CARTESIAN_POINT('',(8.930843378838,33.412200439763));
#5554 = CARTESIAN_POINT('',(9.680843378838,32.979187737871));
#5555 = CARTESIAN_POINT('',(10.430843378838,32.546175035979));
#5556 = CARTESIAN_POINT('',(9.680843378838,32.113162334086));
#5557 = CARTESIAN_POINT('',(8.930843378838,31.680149632194));
#5558 = CARTESIAN_POINT('',(8.930843378838,32.546175035979));
#5559 = ( GEOMETRIC_REPRESENTATION_CONTEXT(2) 
PARAMETRIC_REPRESENTATION_CONTEXT() REPRESENTATION_CONTEXT('2D SPACE',''
  ) );
#5560 = PCURVE('',#5561,#5566);
#5561 = CYLINDRICAL_SURFACE('',#5562,0.5);
#5562 = AXIS2_PLACEMENT_3D('',#5563,#5564,#5565);
#5563 = CARTESIAN_POINT('',(134.34,-55.82,-1.E-02));
#5564 = DIRECTION('',(0.,0.,1.));
#5565 = DIRECTION('',(1.,0.,-0.));
#5566 = DEFINITIONAL_REPRESENTATION('',(#5567),#5571);
#5567 = LINE('',#5568,#5569);
#5568 = CARTESIAN_POINT('',(0.,1.E-02));
#5569 = VECTOR('',#5570,1.);
#5570 = DIRECTION('',(1.,0.));
#5571 = ( GEOMETRIC_REPRESENTATION_CONTEXT(2) 
PARAMETRIC_REPRESENTATION_CONTEXT() REPRESENTATION_CONTEXT('2D SPACE',''
  ) );
#5572 = FACE_BOUND('',#5573,.T.);
#5573 = EDGE_LOOP('',(#5574));
#5574 = ORIENTED_EDGE('',*,*,#5575,.T.);
#5575 = EDGE_CURVE('',#5576,#5576,#5578,.T.);
#5576 = VERTEX_POINT('',#5577);
#5577 = CARTESIAN_POINT('',(132.3,-55.82,0.));
#5578 = SURFACE_CURVE('',#5579,(#5584,#5595),.PCURVE_S1.);
#5579 = CIRCLE('',#5580,0.5);
#5580 = AXIS2_PLACEMENT_3D('',#5581,#5582,#5583);
#5581 = CARTESIAN_POINT('',(131.8,-55.82,0.));
#5582 = DIRECTION('',(0.,0.,1.));
#5583 = DIRECTION('',(1.,0.,-0.));
#5584 = PCURVE('',#144,#5585);
#5585 = DEFINITIONAL_REPRESENTATION('',(#5586),#5594);
#5586 = ( BOUNDED_CURVE() B_SPLINE_CURVE(2,(#5587,#5588,#5589,#5590,
#5591,#5592,#5593),.UNSPECIFIED.,.T.,.F.) B_SPLINE_CURVE_WITH_KNOTS((1,2
    ,2,2,2,1),(-2.094395102393,0.,2.094395102393,4.188790204786,
6.28318530718,8.377580409573),.UNSPECIFIED.) CURVE() 
GEOMETRIC_REPRESENTATION_ITEM() RATIONAL_B_SPLINE_CURVE((1.,0.5,1.,0.5,
1.,0.5,1.)) REPRESENTATION_ITEM('') );
#5587 = CARTESIAN_POINT('',(11.470843378838,32.546175035979));
#5588 = CARTESIAN_POINT('',(11.470843378838,33.412200439763));
#5589 = CARTESIAN_POINT('',(12.220843378838,32.979187737871));
#5590 = CARTESIAN_POINT('',(12.970843378838,32.546175035979));
#5591 = CARTESIAN_POINT('',(12.220843378838,32.113162334086));
#5592 = CARTESIAN_POINT('',(11.470843378838,31.680149632194));
#5593 = CARTESIAN_POINT('',(11.470843378838,32.546175035979));
#5594 = ( GEOMETRIC_REPRESENTATION_CONTEXT(2) 
PARAMETRIC_REPRESENTATION_CONTEXT() REPRESENTATION_CONTEXT('2D SPACE',''
  ) );
#5595 = PCURVE('',#5596,#5601);
#5596 = CYLINDRICAL_SURFACE('',#5597,0.5);
#5597 = AXIS2_PLACEMENT_3D('',#5598,#5599,#5600);
#5598 = CARTESIAN_POINT('',(131.8,-55.82,-1.E-02));
#5599 = DIRECTION('',(0.,0.,1.));
#5600 = DIRECTION('',(1.,0.,-0.));
#5601 = DEFINITIONAL_REPRESENTATION('',(#5602),#5606);
#5602 = LINE('',#5603,#5604);
#5603 = CARTESIAN_POINT('',(0.,1.E-02));
#5604 = VECTOR('',#5605,1.);
#5605 = DIRECTION('',(1.,0.));
#5606 = ( GEOMETRIC_REPRESENTATION_CONTEXT(2) 
PARAMETRIC_REPRESENTATION_CONTEXT() REPRESENTATION_CONTEXT('2D SPACE',''
  ) );
#5607 = FACE_BOUND('',#5608,.T.);
#5608 = EDGE_LOOP('',(#5609));
#5609 = ORIENTED_EDGE('',*,*,#5610,.T.);
#5610 = EDGE_CURVE('',#5611,#5611,#5613,.T.);
#5611 = VERTEX_POINT('',#5612);
#5612 = CARTESIAN_POINT('',(134.84,-53.28,0.));
#5613 = SURFACE_CURVE('',#5614,(#5619,#5630),.PCURVE_S1.);
#5614 = CIRCLE('',#5615,0.5);
#5615 = AXIS2_PLACEMENT_3D('',#5616,#5617,#5618);
#5616 = CARTESIAN_POINT('',(134.34,-53.28,0.));
#5617 = DIRECTION('',(0.,0.,1.));
#5618 = DIRECTION('',(1.,0.,-0.));
#5619 = PCURVE('',#144,#5620);
#5620 = DEFINITIONAL_REPRESENTATION('',(#5621),#5629);
#5621 = ( BOUNDED_CURVE() B_SPLINE_CURVE(2,(#5622,#5623,#5624,#5625,
#5626,#5627,#5628),.UNSPECIFIED.,.T.,.F.) B_SPLINE_CURVE_WITH_KNOTS((1,2
    ,2,2,2,1),(-2.094395102393,0.,2.094395102393,4.188790204786,
6.28318530718,8.377580409573),.UNSPECIFIED.) CURVE() 
GEOMETRIC_REPRESENTATION_ITEM() RATIONAL_B_SPLINE_CURVE((1.,0.5,1.,0.5,
1.,0.5,1.)) REPRESENTATION_ITEM('') );
#5622 = CARTESIAN_POINT('',(8.930843378838,35.086175035979));
#5623 = CARTESIAN_POINT('',(8.930843378838,35.952200439763));
#5624 = CARTESIAN_POINT('',(9.680843378838,35.519187737871));
#5625 = CARTESIAN_POINT('',(10.430843378838,35.086175035979));
#5626 = CARTESIAN_POINT('',(9.680843378838,34.653162334086));
#5627 = CARTESIAN_POINT('',(8.930843378838,34.220149632194));
#5628 = CARTESIAN_POINT('',(8.930843378838,35.086175035979));
#5629 = ( GEOMETRIC_REPRESENTATION_CONTEXT(2) 
PARAMETRIC_REPRESENTATION_CONTEXT() REPRESENTATION_CONTEXT('2D SPACE',''
  ) );
#5630 = PCURVE('',#5631,#5636);
#5631 = CYLINDRICAL_SURFACE('',#5632,0.5);
#5632 = AXIS2_PLACEMENT_3D('',#5633,#5634,#5635);
#5633 = CARTESIAN_POINT('',(134.34,-53.28,-1.E-02));
#5634 = DIRECTION('',(0.,0.,1.));
#5635 = DIRECTION('',(1.,0.,-0.));
#5636 = DEFINITIONAL_REPRESENTATION('',(#5637),#5641);
#5637 = LINE('',#5638,#5639);
#5638 = CARTESIAN_POINT('',(0.,1.E-02));
#5639 = VECTOR('',#5640,1.);
#5640 = DIRECTION('',(1.,0.));
#5641 = ( GEOMETRIC_REPRESENTATION_CONTEXT(2) 
PARAMETRIC_REPRESENTATION_CONTEXT() REPRESENTATION_CONTEXT('2D SPACE',''
  ) );
#5642 = FACE_BOUND('',#5643,.T.);
#5643 = EDGE_LOOP('',(#5644));
#5644 = ORIENTED_EDGE('',*,*,#5645,.T.);
#5645 = EDGE_CURVE('',#5646,#5646,#5648,.T.);
#5646 = VERTEX_POINT('',#5647);
#5647 = CARTESIAN_POINT('',(132.3,-53.28,0.));
#5648 = SURFACE_CURVE('',#5649,(#5654,#5665),.PCURVE_S1.);
#5649 = CIRCLE('',#5650,0.5);
#5650 = AXIS2_PLACEMENT_3D('',#5651,#5652,#5653);
#5651 = CARTESIAN_POINT('',(131.8,-53.28,0.));
#5652 = DIRECTION('',(0.,0.,1.));
#5653 = DIRECTION('',(1.,0.,-0.));
#5654 = PCURVE('',#144,#5655);
#5655 = DEFINITIONAL_REPRESENTATION('',(#5656),#5664);
#5656 = ( BOUNDED_CURVE() B_SPLINE_CURVE(2,(#5657,#5658,#5659,#5660,
#5661,#5662,#5663),.UNSPECIFIED.,.T.,.F.) B_SPLINE_CURVE_WITH_KNOTS((1,2
    ,2,2,2,1),(-2.094395102393,0.,2.094395102393,4.188790204786,
6.28318530718,8.377580409573),.UNSPECIFIED.) CURVE() 
GEOMETRIC_REPRESENTATION_ITEM() RATIONAL_B_SPLINE_CURVE((1.,0.5,1.,0.5,
1.,0.5,1.)) REPRESENTATION_ITEM('') );
#5657 = CARTESIAN_POINT('',(11.470843378838,35.086175035979));
#5658 = CARTESIAN_POINT('',(11.470843378838,35.952200439763));
#5659 = CARTESIAN_POINT('',(12.220843378838,35.519187737871));
#5660 = CARTESIAN_POINT('',(12.970843378838,35.086175035979));
#5661 = CARTESIAN_POINT('',(12.220843378838,34.653162334086));
#5662 = CARTESIAN_POINT('',(11.470843378838,34.220149632194));
#5663 = CARTESIAN_POINT('',(11.470843378838,35.086175035979));
#5664 = ( GEOMETRIC_REPRESENTATION_CONTEXT(2) 
PARAMETRIC_REPRESENTATION_CONTEXT() REPRESENTATION_CONTEXT('2D SPACE',''
  ) );
#5665 = PCURVE('',#5666,#5671);
#5666 = CYLINDRICAL_SURFACE('',#5667,0.5);
#5667 = AXIS2_PLACEMENT_3D('',#5668,#5669,#5670);
#5668 = CARTESIAN_POINT('',(131.8,-53.28,-1.E-02));
#5669 = DIRECTION('',(0.,0.,1.));
#5670 = DIRECTION('',(1.,0.,-0.));
#5671 = DEFINITIONAL_REPRESENTATION('',(#5672),#5676);
#5672 = LINE('',#5673,#5674);
#5673 = CARTESIAN_POINT('',(0.,1.E-02));
#5674 = VECTOR('',#5675,1.);
#5675 = DIRECTION('',(1.,0.));
#5676 = ( GEOMETRIC_REPRESENTATION_CONTEXT(2) 
PARAMETRIC_REPRESENTATION_CONTEXT() REPRESENTATION_CONTEXT('2D SPACE',''
  ) );
#5677 = FACE_BOUND('',#5678,.T.);
#5678 = EDGE_LOOP('',(#5679));
#5679 = ORIENTED_EDGE('',*,*,#5680,.T.);
#5680 = EDGE_CURVE('',#5681,#5681,#5683,.T.);
#5681 = VERTEX_POINT('',#5682);
#5682 = CARTESIAN_POINT('',(129.76,-60.9,0.));
#5683 = SURFACE_CURVE('',#5684,(#5689,#5700),.PCURVE_S1.);
#5684 = CIRCLE('',#5685,0.5);
#5685 = AXIS2_PLACEMENT_3D('',#5686,#5687,#5688);
#5686 = CARTESIAN_POINT('',(129.26,-60.9,0.));
#5687 = DIRECTION('',(0.,0.,1.));
#5688 = DIRECTION('',(1.,0.,-0.));
#5689 = PCURVE('',#144,#5690);
#5690 = DEFINITIONAL_REPRESENTATION('',(#5691),#5699);
#5691 = ( BOUNDED_CURVE() B_SPLINE_CURVE(2,(#5692,#5693,#5694,#5695,
#5696,#5697,#5698),.UNSPECIFIED.,.T.,.F.) B_SPLINE_CURVE_WITH_KNOTS((1,2
    ,2,2,2,1),(-2.094395102393,0.,2.094395102393,4.188790204786,
6.28318530718,8.377580409573),.UNSPECIFIED.) CURVE() 
GEOMETRIC_REPRESENTATION_ITEM() RATIONAL_B_SPLINE_CURVE((1.,0.5,1.,0.5,
1.,0.5,1.)) REPRESENTATION_ITEM('') );
#5692 = CARTESIAN_POINT('',(14.010843378838,27.466175035979));
#5693 = CARTESIAN_POINT('',(14.010843378838,28.332200439763));
#5694 = CARTESIAN_POINT('',(14.760843378838,27.899187737871));
#5695 = CARTESIAN_POINT('',(15.510843378838,27.466175035979));
#5696 = CARTESIAN_POINT('',(14.760843378838,27.033162334086));
#5697 = CARTESIAN_POINT('',(14.010843378838,26.600149632194));
#5698 = CARTESIAN_POINT('',(14.010843378838,27.466175035979));
#5699 = ( GEOMETRIC_REPRESENTATION_CONTEXT(2) 
PARAMETRIC_REPRESENTATION_CONTEXT() REPRESENTATION_CONTEXT('2D SPACE',''
  ) );
#5700 = PCURVE('',#5701,#5706);
#5701 = CYLINDRICAL_SURFACE('',#5702,0.5);
#5702 = AXIS2_PLACEMENT_3D('',#5703,#5704,#5705);
#5703 = CARTESIAN_POINT('',(129.26,-60.9,-1.E-02));
#5704 = DIRECTION('',(0.,0.,1.));
#5705 = DIRECTION('',(1.,0.,-0.));
#5706 = DEFINITIONAL_REPRESENTATION('',(#5707),#5711);
#5707 = LINE('',#5708,#5709);
#5708 = CARTESIAN_POINT('',(0.,1.E-02));
#5709 = VECTOR('',#5710,1.);
#5710 = DIRECTION('',(1.,0.));
#5711 = ( GEOMETRIC_REPRESENTATION_CONTEXT(2) 
PARAMETRIC_REPRESENTATION_CONTEXT() REPRESENTATION_CONTEXT('2D SPACE',''
  ) );
#5712 = FACE_BOUND('',#5713,.T.);
#5713 = EDGE_LOOP('',(#5714));
#5714 = ORIENTED_EDGE('',*,*,#5715,.T.);
#5715 = EDGE_CURVE('',#5716,#5716,#5718,.T.);
#5716 = VERTEX_POINT('',#5717);
#5717 = CARTESIAN_POINT('',(127.22,-60.9,0.));
#5718 = SURFACE_CURVE('',#5719,(#5724,#5735),.PCURVE_S1.);
#5719 = CIRCLE('',#5720,0.5);
#5720 = AXIS2_PLACEMENT_3D('',#5721,#5722,#5723);
#5721 = CARTESIAN_POINT('',(126.72,-60.9,0.));
#5722 = DIRECTION('',(0.,0.,1.));
#5723 = DIRECTION('',(1.,0.,-0.));
#5724 = PCURVE('',#144,#5725);
#5725 = DEFINITIONAL_REPRESENTATION('',(#5726),#5734);
#5726 = ( BOUNDED_CURVE() B_SPLINE_CURVE(2,(#5727,#5728,#5729,#5730,
#5731,#5732,#5733),.UNSPECIFIED.,.T.,.F.) B_SPLINE_CURVE_WITH_KNOTS((1,2
    ,2,2,2,1),(-2.094395102393,0.,2.094395102393,4.188790204786,
6.28318530718,8.377580409573),.UNSPECIFIED.) CURVE() 
GEOMETRIC_REPRESENTATION_ITEM() RATIONAL_B_SPLINE_CURVE((1.,0.5,1.,0.5,
1.,0.5,1.)) REPRESENTATION_ITEM('') );
#5727 = CARTESIAN_POINT('',(16.550843378838,27.466175035979));
#5728 = CARTESIAN_POINT('',(16.550843378838,28.332200439763));
#5729 = CARTESIAN_POINT('',(17.300843378838,27.899187737871));
#5730 = CARTESIAN_POINT('',(18.050843378838,27.466175035979));
#5731 = CARTESIAN_POINT('',(17.300843378838,27.033162334086));
#5732 = CARTESIAN_POINT('',(16.550843378838,26.600149632194));
#5733 = CARTESIAN_POINT('',(16.550843378838,27.466175035979));
#5734 = ( GEOMETRIC_REPRESENTATION_CONTEXT(2) 
PARAMETRIC_REPRESENTATION_CONTEXT() REPRESENTATION_CONTEXT('2D SPACE',''
  ) );
#5735 = PCURVE('',#5736,#5741);
#5736 = CYLINDRICAL_SURFACE('',#5737,0.5);
#5737 = AXIS2_PLACEMENT_3D('',#5738,#5739,#5740);
#5738 = CARTESIAN_POINT('',(126.72,-60.9,-1.E-02));
#5739 = DIRECTION('',(0.,0.,1.));
#5740 = DIRECTION('',(1.,0.,-0.));
#5741 = DEFINITIONAL_REPRESENTATION('',(#5742),#5746);
#5742 = LINE('',#5743,#5744);
#5743 = CARTESIAN_POINT('',(0.,1.E-02));
#5744 = VECTOR('',#5745,1.);
#5745 = DIRECTION('',(1.,0.));
#5746 = ( GEOMETRIC_REPRESENTATION_CONTEXT(2) 
PARAMETRIC_REPRESENTATION_CONTEXT() REPRESENTATION_CONTEXT('2D SPACE',''
  ) );
#5747 = FACE_BOUND('',#5748,.T.);
#5748 = EDGE_LOOP('',(#5749));
#5749 = ORIENTED_EDGE('',*,*,#5750,.T.);
#5750 = EDGE_CURVE('',#5751,#5751,#5753,.T.);
#5751 = VERTEX_POINT('',#5752);
#5752 = CARTESIAN_POINT('',(129.76,-58.36,0.));
#5753 = SURFACE_CURVE('',#5754,(#5759,#5770),.PCURVE_S1.);
#5754 = CIRCLE('',#5755,0.5);
#5755 = AXIS2_PLACEMENT_3D('',#5756,#5757,#5758);
#5756 = CARTESIAN_POINT('',(129.26,-58.36,0.));
#5757 = DIRECTION('',(0.,0.,1.));
#5758 = DIRECTION('',(1.,0.,-0.));
#5759 = PCURVE('',#144,#5760);
#5760 = DEFINITIONAL_REPRESENTATION('',(#5761),#5769);
#5761 = ( BOUNDED_CURVE() B_SPLINE_CURVE(2,(#5762,#5763,#5764,#5765,
#5766,#5767,#5768),.UNSPECIFIED.,.T.,.F.) B_SPLINE_CURVE_WITH_KNOTS((1,2
    ,2,2,2,1),(-2.094395102393,0.,2.094395102393,4.188790204786,
6.28318530718,8.377580409573),.UNSPECIFIED.) CURVE() 
GEOMETRIC_REPRESENTATION_ITEM() RATIONAL_B_SPLINE_CURVE((1.,0.5,1.,0.5,
1.,0.5,1.)) REPRESENTATION_ITEM('') );
#5762 = CARTESIAN_POINT('',(14.010843378838,30.006175035979));
#5763 = CARTESIAN_POINT('',(14.010843378838,30.872200439763));
#5764 = CARTESIAN_POINT('',(14.760843378838,30.439187737871));
#5765 = CARTESIAN_POINT('',(15.510843378838,30.006175035979));
#5766 = CARTESIAN_POINT('',(14.760843378838,29.573162334086));
#5767 = CARTESIAN_POINT('',(14.010843378838,29.140149632194));
#5768 = CARTESIAN_POINT('',(14.010843378838,30.006175035979));
#5769 = ( GEOMETRIC_REPRESENTATION_CONTEXT(2) 
PARAMETRIC_REPRESENTATION_CONTEXT() REPRESENTATION_CONTEXT('2D SPACE',''
  ) );
#5770 = PCURVE('',#5771,#5776);
#5771 = CYLINDRICAL_SURFACE('',#5772,0.5);
#5772 = AXIS2_PLACEMENT_3D('',#5773,#5774,#5775);
#5773 = CARTESIAN_POINT('',(129.26,-58.36,-1.E-02));
#5774 = DIRECTION('',(0.,0.,1.));
#5775 = DIRECTION('',(1.,0.,-0.));
#5776 = DEFINITIONAL_REPRESENTATION('',(#5777),#5781);
#5777 = LINE('',#5778,#5779);
#5778 = CARTESIAN_POINT('',(0.,1.E-02));
#5779 = VECTOR('',#5780,1.);
#5780 = DIRECTION('',(1.,0.));
#5781 = ( GEOMETRIC_REPRESENTATION_CONTEXT(2) 
PARAMETRIC_REPRESENTATION_CONTEXT() REPRESENTATION_CONTEXT('2D SPACE',''
  ) );
#5782 = FACE_BOUND('',#5783,.T.);
#5783 = EDGE_LOOP('',(#5784));
#5784 = ORIENTED_EDGE('',*,*,#5785,.T.);
#5785 = EDGE_CURVE('',#5786,#5786,#5788,.T.);
#5786 = VERTEX_POINT('',#5787);
#5787 = CARTESIAN_POINT('',(127.22,-58.36,0.));
#5788 = SURFACE_CURVE('',#5789,(#5794,#5805),.PCURVE_S1.);
#5789 = CIRCLE('',#5790,0.5);
#5790 = AXIS2_PLACEMENT_3D('',#5791,#5792,#5793);
#5791 = CARTESIAN_POINT('',(126.72,-58.36,0.));
#5792 = DIRECTION('',(0.,0.,1.));
#5793 = DIRECTION('',(1.,0.,-0.));
#5794 = PCURVE('',#144,#5795);
#5795 = DEFINITIONAL_REPRESENTATION('',(#5796),#5804);
#5796 = ( BOUNDED_CURVE() B_SPLINE_CURVE(2,(#5797,#5798,#5799,#5800,
#5801,#5802,#5803),.UNSPECIFIED.,.T.,.F.) B_SPLINE_CURVE_WITH_KNOTS((1,2
    ,2,2,2,1),(-2.094395102393,0.,2.094395102393,4.188790204786,
6.28318530718,8.377580409573),.UNSPECIFIED.) CURVE() 
GEOMETRIC_REPRESENTATION_ITEM() RATIONAL_B_SPLINE_CURVE((1.,0.5,1.,0.5,
1.,0.5,1.)) REPRESENTATION_ITEM('') );
#5797 = CARTESIAN_POINT('',(16.550843378838,30.006175035979));
#5798 = CARTESIAN_POINT('',(16.550843378838,30.872200439763));
#5799 = CARTESIAN_POINT('',(17.300843378838,30.439187737871));
#5800 = CARTESIAN_POINT('',(18.050843378838,30.006175035979));
#5801 = CARTESIAN_POINT('',(17.300843378838,29.573162334086));
#5802 = CARTESIAN_POINT('',(16.550843378838,29.140149632194));
#5803 = CARTESIAN_POINT('',(16.550843378838,30.006175035979));
#5804 = ( GEOMETRIC_REPRESENTATION_CONTEXT(2) 
PARAMETRIC_REPRESENTATION_CONTEXT() REPRESENTATION_CONTEXT('2D SPACE',''
  ) );
#5805 = PCURVE('',#5806,#5811);
#5806 = CYLINDRICAL_SURFACE('',#5807,0.5);
#5807 = AXIS2_PLACEMENT_3D('',#5808,#5809,#5810);
#5808 = CARTESIAN_POINT('',(126.72,-58.36,-1.E-02));
#5809 = DIRECTION('',(0.,0.,1.));
#5810 = DIRECTION('',(1.,0.,-0.));
#5811 = DEFINITIONAL_REPRESENTATION('',(#5812),#5816);
#5812 = LINE('',#5813,#5814);
#5813 = CARTESIAN_POINT('',(0.,1.E-02));
#5814 = VECTOR('',#5815,1.);
#5815 = DIRECTION('',(1.,0.));
#5816 = ( GEOMETRIC_REPRESENTATION_CONTEXT(2) 
PARAMETRIC_REPRESENTATION_CONTEXT() REPRESENTATION_CONTEXT('2D SPACE',''
  ) );
#5817 = FACE_BOUND('',#5818,.T.);
#5818 = EDGE_LOOP('',(#5819));
#5819 = ORIENTED_EDGE('',*,*,#5820,.T.);
#5820 = EDGE_CURVE('',#5821,#5821,#5823,.T.);
#5821 = VERTEX_POINT('',#5822);
#5822 = CARTESIAN_POINT('',(124.68,-60.9,0.));
#5823 = SURFACE_CURVE('',#5824,(#5829,#5840),.PCURVE_S1.);
#5824 = CIRCLE('',#5825,0.5);
#5825 = AXIS2_PLACEMENT_3D('',#5826,#5827,#5828);
#5826 = CARTESIAN_POINT('',(124.18,-60.9,0.));
#5827 = DIRECTION('',(0.,0.,1.));
#5828 = DIRECTION('',(1.,0.,-0.));
#5829 = PCURVE('',#144,#5830);
#5830 = DEFINITIONAL_REPRESENTATION('',(#5831),#5839);
#5831 = ( BOUNDED_CURVE() B_SPLINE_CURVE(2,(#5832,#5833,#5834,#5835,
#5836,#5837,#5838),.UNSPECIFIED.,.T.,.F.) B_SPLINE_CURVE_WITH_KNOTS((1,2
    ,2,2,2,1),(-2.094395102393,0.,2.094395102393,4.188790204786,
6.28318530718,8.377580409573),.UNSPECIFIED.) CURVE() 
GEOMETRIC_REPRESENTATION_ITEM() RATIONAL_B_SPLINE_CURVE((1.,0.5,1.,0.5,
1.,0.5,1.)) REPRESENTATION_ITEM('') );
#5832 = CARTESIAN_POINT('',(19.090843378838,27.466175035979));
#5833 = CARTESIAN_POINT('',(19.090843378838,28.332200439763));
#5834 = CARTESIAN_POINT('',(19.840843378838,27.899187737871));
#5835 = CARTESIAN_POINT('',(20.590843378838,27.466175035979));
#5836 = CARTESIAN_POINT('',(19.840843378838,27.033162334086));
#5837 = CARTESIAN_POINT('',(19.090843378838,26.600149632194));
#5838 = CARTESIAN_POINT('',(19.090843378838,27.466175035979));
#5839 = ( GEOMETRIC_REPRESENTATION_CONTEXT(2) 
PARAMETRIC_REPRESENTATION_CONTEXT() REPRESENTATION_CONTEXT('2D SPACE',''
  ) );
#5840 = PCURVE('',#5841,#5846);
#5841 = CYLINDRICAL_SURFACE('',#5842,0.5);
#5842 = AXIS2_PLACEMENT_3D('',#5843,#5844,#5845);
#5843 = CARTESIAN_POINT('',(124.18,-60.9,-1.E-02));
#5844 = DIRECTION('',(0.,0.,1.));
#5845 = DIRECTION('',(1.,0.,-0.));
#5846 = DEFINITIONAL_REPRESENTATION('',(#5847),#5851);
#5847 = LINE('',#5848,#5849);
#5848 = CARTESIAN_POINT('',(0.,1.E-02));
#5849 = VECTOR('',#5850,1.);
#5850 = DIRECTION('',(1.,0.));
#5851 = ( GEOMETRIC_REPRESENTATION_CONTEXT(2) 
PARAMETRIC_REPRESENTATION_CONTEXT() REPRESENTATION_CONTEXT('2D SPACE',''
  ) );
#5852 = FACE_BOUND('',#5853,.T.);
#5853 = EDGE_LOOP('',(#5854));
#5854 = ORIENTED_EDGE('',*,*,#5855,.T.);
#5855 = EDGE_CURVE('',#5856,#5856,#5858,.T.);
#5856 = VERTEX_POINT('',#5857);
#5857 = CARTESIAN_POINT('',(122.14,-60.9,0.));
#5858 = SURFACE_CURVE('',#5859,(#5864,#5875),.PCURVE_S1.);
#5859 = CIRCLE('',#5860,0.5);
#5860 = AXIS2_PLACEMENT_3D('',#5861,#5862,#5863);
#5861 = CARTESIAN_POINT('',(121.64,-60.9,0.));
#5862 = DIRECTION('',(0.,0.,1.));
#5863 = DIRECTION('',(1.,0.,-0.));
#5864 = PCURVE('',#144,#5865);
#5865 = DEFINITIONAL_REPRESENTATION('',(#5866),#5874);
#5866 = ( BOUNDED_CURVE() B_SPLINE_CURVE(2,(#5867,#5868,#5869,#5870,
#5871,#5872,#5873),.UNSPECIFIED.,.T.,.F.) B_SPLINE_CURVE_WITH_KNOTS((1,2
    ,2,2,2,1),(-2.094395102393,0.,2.094395102393,4.188790204786,
6.28318530718,8.377580409573),.UNSPECIFIED.) CURVE() 
GEOMETRIC_REPRESENTATION_ITEM() RATIONAL_B_SPLINE_CURVE((1.,0.5,1.,0.5,
1.,0.5,1.)) REPRESENTATION_ITEM('') );
#5867 = CARTESIAN_POINT('',(21.630843378838,27.466175035979));
#5868 = CARTESIAN_POINT('',(21.630843378838,28.332200439763));
#5869 = CARTESIAN_POINT('',(22.380843378838,27.899187737871));
#5870 = CARTESIAN_POINT('',(23.130843378838,27.466175035979));
#5871 = CARTESIAN_POINT('',(22.380843378838,27.033162334086));
#5872 = CARTESIAN_POINT('',(21.630843378838,26.600149632194));
#5873 = CARTESIAN_POINT('',(21.630843378838,27.466175035979));
#5874 = ( GEOMETRIC_REPRESENTATION_CONTEXT(2) 
PARAMETRIC_REPRESENTATION_CONTEXT() REPRESENTATION_CONTEXT('2D SPACE',''
  ) );
#5875 = PCURVE('',#5876,#5881);
#5876 = CYLINDRICAL_SURFACE('',#5877,0.5);
#5877 = AXIS2_PLACEMENT_3D('',#5878,#5879,#5880);
#5878 = CARTESIAN_POINT('',(121.64,-60.9,-1.E-02));
#5879 = DIRECTION('',(0.,0.,1.));
#5880 = DIRECTION('',(1.,0.,-0.));
#5881 = DEFINITIONAL_REPRESENTATION('',(#5882),#5886);
#5882 = LINE('',#5883,#5884);
#5883 = CARTESIAN_POINT('',(0.,1.E-02));
#5884 = VECTOR('',#5885,1.);
#5885 = DIRECTION('',(1.,0.));
#5886 = ( GEOMETRIC_REPRESENTATION_CONTEXT(2) 
PARAMETRIC_REPRESENTATION_CONTEXT() REPRESENTATION_CONTEXT('2D SPACE',''
  ) );
#5887 = FACE_BOUND('',#5888,.T.);
#5888 = EDGE_LOOP('',(#5889));
#5889 = ORIENTED_EDGE('',*,*,#5890,.T.);
#5890 = EDGE_CURVE('',#5891,#5891,#5893,.T.);
#5891 = VERTEX_POINT('',#5892);
#5892 = CARTESIAN_POINT('',(124.68,-58.36,0.));
#5893 = SURFACE_CURVE('',#5894,(#5899,#5910),.PCURVE_S1.);
#5894 = CIRCLE('',#5895,0.5);
#5895 = AXIS2_PLACEMENT_3D('',#5896,#5897,#5898);
#5896 = CARTESIAN_POINT('',(124.18,-58.36,0.));
#5897 = DIRECTION('',(0.,0.,1.));
#5898 = DIRECTION('',(1.,0.,-0.));
#5899 = PCURVE('',#144,#5900);
#5900 = DEFINITIONAL_REPRESENTATION('',(#5901),#5909);
#5901 = ( BOUNDED_CURVE() B_SPLINE_CURVE(2,(#5902,#5903,#5904,#5905,
#5906,#5907,#5908),.UNSPECIFIED.,.T.,.F.) B_SPLINE_CURVE_WITH_KNOTS((1,2
    ,2,2,2,1),(-2.094395102393,0.,2.094395102393,4.188790204786,
6.28318530718,8.377580409573),.UNSPECIFIED.) CURVE() 
GEOMETRIC_REPRESENTATION_ITEM() RATIONAL_B_SPLINE_CURVE((1.,0.5,1.,0.5,
1.,0.5,1.)) REPRESENTATION_ITEM('') );
#5902 = CARTESIAN_POINT('',(19.090843378838,30.006175035979));
#5903 = CARTESIAN_POINT('',(19.090843378838,30.872200439763));
#5904 = CARTESIAN_POINT('',(19.840843378838,30.439187737871));
#5905 = CARTESIAN_POINT('',(20.590843378838,30.006175035979));
#5906 = CARTESIAN_POINT('',(19.840843378838,29.573162334086));
#5907 = CARTESIAN_POINT('',(19.090843378838,29.140149632194));
#5908 = CARTESIAN_POINT('',(19.090843378838,30.006175035979));
#5909 = ( GEOMETRIC_REPRESENTATION_CONTEXT(2) 
PARAMETRIC_REPRESENTATION_CONTEXT() REPRESENTATION_CONTEXT('2D SPACE',''
  ) );
#5910 = PCURVE('',#5911,#5916);
#5911 = CYLINDRICAL_SURFACE('',#5912,0.5);
#5912 = AXIS2_PLACEMENT_3D('',#5913,#5914,#5915);
#5913 = CARTESIAN_POINT('',(124.18,-58.36,-1.E-02));
#5914 = DIRECTION('',(0.,0.,1.));
#5915 = DIRECTION('',(1.,0.,-0.));
#5916 = DEFINITIONAL_REPRESENTATION('',(#5917),#5921);
#5917 = LINE('',#5918,#5919);
#5918 = CARTESIAN_POINT('',(0.,1.E-02));
#5919 = VECTOR('',#5920,1.);
#5920 = DIRECTION('',(1.,0.));
#5921 = ( GEOMETRIC_REPRESENTATION_CONTEXT(2) 
PARAMETRIC_REPRESENTATION_CONTEXT() REPRESENTATION_CONTEXT('2D SPACE',''
  ) );
#5922 = FACE_BOUND('',#5923,.T.);
#5923 = EDGE_LOOP('',(#5924));
#5924 = ORIENTED_EDGE('',*,*,#5925,.T.);
#5925 = EDGE_CURVE('',#5926,#5926,#5928,.T.);
#5926 = VERTEX_POINT('',#5927);
#5927 = CARTESIAN_POINT('',(122.14,-58.36,0.));
#5928 = SURFACE_CURVE('',#5929,(#5934,#5945),.PCURVE_S1.);
#5929 = CIRCLE('',#5930,0.5);
#5930 = AXIS2_PLACEMENT_3D('',#5931,#5932,#5933);
#5931 = CARTESIAN_POINT('',(121.64,-58.36,0.));
#5932 = DIRECTION('',(0.,0.,1.));
#5933 = DIRECTION('',(1.,0.,-0.));
#5934 = PCURVE('',#144,#5935);
#5935 = DEFINITIONAL_REPRESENTATION('',(#5936),#5944);
#5936 = ( BOUNDED_CURVE() B_SPLINE_CURVE(2,(#5937,#5938,#5939,#5940,
#5941,#5942,#5943),.UNSPECIFIED.,.T.,.F.) B_SPLINE_CURVE_WITH_KNOTS((1,2
    ,2,2,2,1),(-2.094395102393,0.,2.094395102393,4.188790204786,
6.28318530718,8.377580409573),.UNSPECIFIED.) CURVE() 
GEOMETRIC_REPRESENTATION_ITEM() RATIONAL_B_SPLINE_CURVE((1.,0.5,1.,0.5,
1.,0.5,1.)) REPRESENTATION_ITEM('') );
#5937 = CARTESIAN_POINT('',(21.630843378838,30.006175035979));
#5938 = CARTESIAN_POINT('',(21.630843378838,30.872200439763));
#5939 = CARTESIAN_POINT('',(22.380843378838,30.439187737871));
#5940 = CARTESIAN_POINT('',(23.130843378838,30.006175035979));
#5941 = CARTESIAN_POINT('',(22.380843378838,29.573162334086));
#5942 = CARTESIAN_POINT('',(21.630843378838,29.140149632194));
#5943 = CARTESIAN_POINT('',(21.630843378838,30.006175035979));
#5944 = ( GEOMETRIC_REPRESENTATION_CONTEXT(2) 
PARAMETRIC_REPRESENTATION_CONTEXT() REPRESENTATION_CONTEXT('2D SPACE',''
  ) );
#5945 = PCURVE('',#5946,#5951);
#5946 = CYLINDRICAL_SURFACE('',#5947,0.5);
#5947 = AXIS2_PLACEMENT_3D('',#5948,#5949,#5950);
#5948 = CARTESIAN_POINT('',(121.64,-58.36,-1.E-02));
#5949 = DIRECTION('',(0.,0.,1.));
#5950 = DIRECTION('',(1.,0.,-0.));
#5951 = DEFINITIONAL_REPRESENTATION('',(#5952),#5956);
#5952 = LINE('',#5953,#5954);
#5953 = CARTESIAN_POINT('',(0.,1.E-02));
#5954 = VECTOR('',#5955,1.);
#5955 = DIRECTION('',(1.,0.));
#5956 = ( GEOMETRIC_REPRESENTATION_CONTEXT(2) 
PARAMETRIC_REPRESENTATION_CONTEXT() REPRESENTATION_CONTEXT('2D SPACE',''
  ) );
#5957 = FACE_BOUND('',#5958,.T.);
#5958 = EDGE_LOOP('',(#5959));
#5959 = ORIENTED_EDGE('',*,*,#5960,.T.);
#5960 = EDGE_CURVE('',#5961,#5961,#5963,.T.);
#5961 = VERTEX_POINT('',#5962);
#5962 = CARTESIAN_POINT('',(129.76,-55.82,0.));
#5963 = SURFACE_CURVE('',#5964,(#5969,#5980),.PCURVE_S1.);
#5964 = CIRCLE('',#5965,0.5);
#5965 = AXIS2_PLACEMENT_3D('',#5966,#5967,#5968);
#5966 = CARTESIAN_POINT('',(129.26,-55.82,0.));
#5967 = DIRECTION('',(0.,0.,1.));
#5968 = DIRECTION('',(1.,0.,-0.));
#5969 = PCURVE('',#144,#5970);
#5970 = DEFINITIONAL_REPRESENTATION('',(#5971),#5979);
#5971 = ( BOUNDED_CURVE() B_SPLINE_CURVE(2,(#5972,#5973,#5974,#5975,
#5976,#5977,#5978),.UNSPECIFIED.,.T.,.F.) B_SPLINE_CURVE_WITH_KNOTS((1,2
    ,2,2,2,1),(-2.094395102393,0.,2.094395102393,4.188790204786,
6.28318530718,8.377580409573),.UNSPECIFIED.) CURVE() 
GEOMETRIC_REPRESENTATION_ITEM() RATIONAL_B_SPLINE_CURVE((1.,0.5,1.,0.5,
1.,0.5,1.)) REPRESENTATION_ITEM('') );
#5972 = CARTESIAN_POINT('',(14.010843378838,32.546175035979));
#5973 = CARTESIAN_POINT('',(14.010843378838,33.412200439763));
#5974 = CARTESIAN_POINT('',(14.760843378838,32.979187737871));
#5975 = CARTESIAN_POINT('',(15.510843378838,32.546175035979));
#5976 = CARTESIAN_POINT('',(14.760843378838,32.113162334086));
#5977 = CARTESIAN_POINT('',(14.010843378838,31.680149632194));
#5978 = CARTESIAN_POINT('',(14.010843378838,32.546175035979));
#5979 = ( GEOMETRIC_REPRESENTATION_CONTEXT(2) 
PARAMETRIC_REPRESENTATION_CONTEXT() REPRESENTATION_CONTEXT('2D SPACE',''
  ) );
#5980 = PCURVE('',#5981,#5986);
#5981 = CYLINDRICAL_SURFACE('',#5982,0.5);
#5982 = AXIS2_PLACEMENT_3D('',#5983,#5984,#5985);
#5983 = CARTESIAN_POINT('',(129.26,-55.82,-1.E-02));
#5984 = DIRECTION('',(0.,0.,1.));
#5985 = DIRECTION('',(1.,0.,-0.));
#5986 = DEFINITIONAL_REPRESENTATION('',(#5987),#5991);
#5987 = LINE('',#5988,#5989);
#5988 = CARTESIAN_POINT('',(0.,1.E-02));
#5989 = VECTOR('',#5990,1.);
#5990 = DIRECTION('',(1.,0.));
#5991 = ( GEOMETRIC_REPRESENTATION_CONTEXT(2) 
PARAMETRIC_REPRESENTATION_CONTEXT() REPRESENTATION_CONTEXT('2D SPACE',''
  ) );
#5992 = FACE_BOUND('',#5993,.T.);
#5993 = EDGE_LOOP('',(#5994));
#5994 = ORIENTED_EDGE('',*,*,#5995,.T.);
#5995 = EDGE_CURVE('',#5996,#5996,#5998,.T.);
#5996 = VERTEX_POINT('',#5997);
#5997 = CARTESIAN_POINT('',(127.22,-55.82,0.));
#5998 = SURFACE_CURVE('',#5999,(#6004,#6015),.PCURVE_S1.);
#5999 = CIRCLE('',#6000,0.5);
#6000 = AXIS2_PLACEMENT_3D('',#6001,#6002,#6003);
#6001 = CARTESIAN_POINT('',(126.72,-55.82,0.));
#6002 = DIRECTION('',(0.,0.,1.));
#6003 = DIRECTION('',(1.,0.,-0.));
#6004 = PCURVE('',#144,#6005);
#6005 = DEFINITIONAL_REPRESENTATION('',(#6006),#6014);
#6006 = ( BOUNDED_CURVE() B_SPLINE_CURVE(2,(#6007,#6008,#6009,#6010,
#6011,#6012,#6013),.UNSPECIFIED.,.T.,.F.) B_SPLINE_CURVE_WITH_KNOTS((1,2
    ,2,2,2,1),(-2.094395102393,0.,2.094395102393,4.188790204786,
6.28318530718,8.377580409573),.UNSPECIFIED.) CURVE() 
GEOMETRIC_REPRESENTATION_ITEM() RATIONAL_B_SPLINE_CURVE((1.,0.5,1.,0.5,
1.,0.5,1.)) REPRESENTATION_ITEM('') );
#6007 = CARTESIAN_POINT('',(16.550843378838,32.546175035979));
#6008 = CARTESIAN_POINT('',(16.550843378838,33.412200439763));
#6009 = CARTESIAN_POINT('',(17.300843378838,32.979187737871));
#6010 = CARTESIAN_POINT('',(18.050843378838,32.546175035979));
#6011 = CARTESIAN_POINT('',(17.300843378838,32.113162334086));
#6012 = CARTESIAN_POINT('',(16.550843378838,31.680149632194));
#6013 = CARTESIAN_POINT('',(16.550843378838,32.546175035979));
#6014 = ( GEOMETRIC_REPRESENTATION_CONTEXT(2) 
PARAMETRIC_REPRESENTATION_CONTEXT() REPRESENTATION_CONTEXT('2D SPACE',''
  ) );
#6015 = PCURVE('',#6016,#6021);
#6016 = CYLINDRICAL_SURFACE('',#6017,0.5);
#6017 = AXIS2_PLACEMENT_3D('',#6018,#6019,#6020);
#6018 = CARTESIAN_POINT('',(126.72,-55.82,-1.E-02));
#6019 = DIRECTION('',(0.,0.,1.));
#6020 = DIRECTION('',(1.,0.,-0.));
#6021 = DEFINITIONAL_REPRESENTATION('',(#6022),#6026);
#6022 = LINE('',#6023,#6024);
#6023 = CARTESIAN_POINT('',(0.,1.E-02));
#6024 = VECTOR('',#6025,1.);
#6025 = DIRECTION('',(1.,0.));
#6026 = ( GEOMETRIC_REPRESENTATION_CONTEXT(2) 
PARAMETRIC_REPRESENTATION_CONTEXT() REPRESENTATION_CONTEXT('2D SPACE',''
  ) );
#6027 = FACE_BOUND('',#6028,.T.);
#6028 = EDGE_LOOP('',(#6029));
#6029 = ORIENTED_EDGE('',*,*,#6030,.T.);
#6030 = EDGE_CURVE('',#6031,#6031,#6033,.T.);
#6031 = VERTEX_POINT('',#6032);
#6032 = CARTESIAN_POINT('',(129.76,-53.28,0.));
#6033 = SURFACE_CURVE('',#6034,(#6039,#6050),.PCURVE_S1.);
#6034 = CIRCLE('',#6035,0.5);
#6035 = AXIS2_PLACEMENT_3D('',#6036,#6037,#6038);
#6036 = CARTESIAN_POINT('',(129.26,-53.28,0.));
#6037 = DIRECTION('',(0.,0.,1.));
#6038 = DIRECTION('',(1.,0.,-0.));
#6039 = PCURVE('',#144,#6040);
#6040 = DEFINITIONAL_REPRESENTATION('',(#6041),#6049);
#6041 = ( BOUNDED_CURVE() B_SPLINE_CURVE(2,(#6042,#6043,#6044,#6045,
#6046,#6047,#6048),.UNSPECIFIED.,.T.,.F.) B_SPLINE_CURVE_WITH_KNOTS((1,2
    ,2,2,2,1),(-2.094395102393,0.,2.094395102393,4.188790204786,
6.28318530718,8.377580409573),.UNSPECIFIED.) CURVE() 
GEOMETRIC_REPRESENTATION_ITEM() RATIONAL_B_SPLINE_CURVE((1.,0.5,1.,0.5,
1.,0.5,1.)) REPRESENTATION_ITEM('') );
#6042 = CARTESIAN_POINT('',(14.010843378838,35.086175035979));
#6043 = CARTESIAN_POINT('',(14.010843378838,35.952200439763));
#6044 = CARTESIAN_POINT('',(14.760843378838,35.519187737871));
#6045 = CARTESIAN_POINT('',(15.510843378838,35.086175035979));
#6046 = CARTESIAN_POINT('',(14.760843378838,34.653162334086));
#6047 = CARTESIAN_POINT('',(14.010843378838,34.220149632194));
#6048 = CARTESIAN_POINT('',(14.010843378838,35.086175035979));
#6049 = ( GEOMETRIC_REPRESENTATION_CONTEXT(2) 
PARAMETRIC_REPRESENTATION_CONTEXT() REPRESENTATION_CONTEXT('2D SPACE',''
  ) );
#6050 = PCURVE('',#6051,#6056);
#6051 = CYLINDRICAL_SURFACE('',#6052,0.5);
#6052 = AXIS2_PLACEMENT_3D('',#6053,#6054,#6055);
#6053 = CARTESIAN_POINT('',(129.26,-53.28,-1.E-02));
#6054 = DIRECTION('',(0.,0.,1.));
#6055 = DIRECTION('',(1.,0.,-0.));
#6056 = DEFINITIONAL_REPRESENTATION('',(#6057),#6061);
#6057 = LINE('',#6058,#6059);
#6058 = CARTESIAN_POINT('',(0.,1.E-02));
#6059 = VECTOR('',#6060,1.);
#6060 = DIRECTION('',(1.,0.));
#6061 = ( GEOMETRIC_REPRESENTATION_CONTEXT(2) 
PARAMETRIC_REPRESENTATION_CONTEXT() REPRESENTATION_CONTEXT('2D SPACE',''
  ) );
#6062 = FACE_BOUND('',#6063,.T.);
#6063 = EDGE_LOOP('',(#6064));
#6064 = ORIENTED_EDGE('',*,*,#6065,.T.);
#6065 = EDGE_CURVE('',#6066,#6066,#6068,.T.);
#6066 = VERTEX_POINT('',#6067);
#6067 = CARTESIAN_POINT('',(127.22,-53.28,0.));
#6068 = SURFACE_CURVE('',#6069,(#6074,#6085),.PCURVE_S1.);
#6069 = CIRCLE('',#6070,0.5);
#6070 = AXIS2_PLACEMENT_3D('',#6071,#6072,#6073);
#6071 = CARTESIAN_POINT('',(126.72,-53.28,0.));
#6072 = DIRECTION('',(0.,0.,1.));
#6073 = DIRECTION('',(1.,0.,-0.));
#6074 = PCURVE('',#144,#6075);
#6075 = DEFINITIONAL_REPRESENTATION('',(#6076),#6084);
#6076 = ( BOUNDED_CURVE() B_SPLINE_CURVE(2,(#6077,#6078,#6079,#6080,
#6081,#6082,#6083),.UNSPECIFIED.,.T.,.F.) B_SPLINE_CURVE_WITH_KNOTS((1,2
    ,2,2,2,1),(-2.094395102393,0.,2.094395102393,4.188790204786,
6.28318530718,8.377580409573),.UNSPECIFIED.) CURVE() 
GEOMETRIC_REPRESENTATION_ITEM() RATIONAL_B_SPLINE_CURVE((1.,0.5,1.,0.5,
1.,0.5,1.)) REPRESENTATION_ITEM('') );
#6077 = CARTESIAN_POINT('',(16.550843378838,35.086175035979));
#6078 = CARTESIAN_POINT('',(16.550843378838,35.952200439763));
#6079 = CARTESIAN_POINT('',(17.300843378838,35.519187737871));
#6080 = CARTESIAN_POINT('',(18.050843378838,35.086175035979));
#6081 = CARTESIAN_POINT('',(17.300843378838,34.653162334086));
#6082 = CARTESIAN_POINT('',(16.550843378838,34.220149632194));
#6083 = CARTESIAN_POINT('',(16.550843378838,35.086175035979));
#6084 = ( GEOMETRIC_REPRESENTATION_CONTEXT(2) 
PARAMETRIC_REPRESENTATION_CONTEXT() REPRESENTATION_CONTEXT('2D SPACE',''
  ) );
#6085 = PCURVE('',#6086,#6091);
#6086 = CYLINDRICAL_SURFACE('',#6087,0.5);
#6087 = AXIS2_PLACEMENT_3D('',#6088,#6089,#6090);
#6088 = CARTESIAN_POINT('',(126.72,-53.28,-1.E-02));
#6089 = DIRECTION('',(0.,0.,1.));
#6090 = DIRECTION('',(1.,0.,-0.));
#6091 = DEFINITIONAL_REPRESENTATION('',(#6092),#6096);
#6092 = LINE('',#6093,#6094);
#6093 = CARTESIAN_POINT('',(0.,1.E-02));
#6094 = VECTOR('',#6095,1.);
#6095 = DIRECTION('',(1.,0.));
#6096 = ( GEOMETRIC_REPRESENTATION_CONTEXT(2) 
PARAMETRIC_REPRESENTATION_CONTEXT() REPRESENTATION_CONTEXT('2D SPACE',''
  ) );
#6097 = FACE_BOUND('',#6098,.T.);
#6098 = EDGE_LOOP('',(#6099));
#6099 = ORIENTED_EDGE('',*,*,#6100,.T.);
#6100 = EDGE_CURVE('',#6101,#6101,#6103,.T.);
#6101 = VERTEX_POINT('',#6102);
#6102 = CARTESIAN_POINT('',(124.68,-55.82,0.));
#6103 = SURFACE_CURVE('',#6104,(#6109,#6120),.PCURVE_S1.);
#6104 = CIRCLE('',#6105,0.5);
#6105 = AXIS2_PLACEMENT_3D('',#6106,#6107,#6108);
#6106 = CARTESIAN_POINT('',(124.18,-55.82,0.));
#6107 = DIRECTION('',(0.,0.,1.));
#6108 = DIRECTION('',(1.,0.,-0.));
#6109 = PCURVE('',#144,#6110);
#6110 = DEFINITIONAL_REPRESENTATION('',(#6111),#6119);
#6111 = ( BOUNDED_CURVE() B_SPLINE_CURVE(2,(#6112,#6113,#6114,#6115,
#6116,#6117,#6118),.UNSPECIFIED.,.T.,.F.) B_SPLINE_CURVE_WITH_KNOTS((1,2
    ,2,2,2,1),(-2.094395102393,0.,2.094395102393,4.188790204786,
6.28318530718,8.377580409573),.UNSPECIFIED.) CURVE() 
GEOMETRIC_REPRESENTATION_ITEM() RATIONAL_B_SPLINE_CURVE((1.,0.5,1.,0.5,
1.,0.5,1.)) REPRESENTATION_ITEM('') );
#6112 = CARTESIAN_POINT('',(19.090843378838,32.546175035979));
#6113 = CARTESIAN_POINT('',(19.090843378838,33.412200439763));
#6114 = CARTESIAN_POINT('',(19.840843378838,32.979187737871));
#6115 = CARTESIAN_POINT('',(20.590843378838,32.546175035979));
#6116 = CARTESIAN_POINT('',(19.840843378838,32.113162334086));
#6117 = CARTESIAN_POINT('',(19.090843378838,31.680149632194));
#6118 = CARTESIAN_POINT('',(19.090843378838,32.546175035979));
#6119 = ( GEOMETRIC_REPRESENTATION_CONTEXT(2) 
PARAMETRIC_REPRESENTATION_CONTEXT() REPRESENTATION_CONTEXT('2D SPACE',''
  ) );
#6120 = PCURVE('',#6121,#6126);
#6121 = CYLINDRICAL_SURFACE('',#6122,0.5);
#6122 = AXIS2_PLACEMENT_3D('',#6123,#6124,#6125);
#6123 = CARTESIAN_POINT('',(124.18,-55.82,-1.E-02));
#6124 = DIRECTION('',(0.,0.,1.));
#6125 = DIRECTION('',(1.,0.,-0.));
#6126 = DEFINITIONAL_REPRESENTATION('',(#6127),#6131);
#6127 = LINE('',#6128,#6129);
#6128 = CARTESIAN_POINT('',(0.,1.E-02));
#6129 = VECTOR('',#6130,1.);
#6130 = DIRECTION('',(1.,0.));
#6131 = ( GEOMETRIC_REPRESENTATION_CONTEXT(2) 
PARAMETRIC_REPRESENTATION_CONTEXT() REPRESENTATION_CONTEXT('2D SPACE',''
  ) );
#6132 = FACE_BOUND('',#6133,.T.);
#6133 = EDGE_LOOP('',(#6134));
#6134 = ORIENTED_EDGE('',*,*,#6135,.T.);
#6135 = EDGE_CURVE('',#6136,#6136,#6138,.T.);
#6136 = VERTEX_POINT('',#6137);
#6137 = CARTESIAN_POINT('',(122.14,-55.82,0.));
#6138 = SURFACE_CURVE('',#6139,(#6144,#6155),.PCURVE_S1.);
#6139 = CIRCLE('',#6140,0.5);
#6140 = AXIS2_PLACEMENT_3D('',#6141,#6142,#6143);
#6141 = CARTESIAN_POINT('',(121.64,-55.82,0.));
#6142 = DIRECTION('',(0.,0.,1.));
#6143 = DIRECTION('',(1.,0.,-0.));
#6144 = PCURVE('',#144,#6145);
#6145 = DEFINITIONAL_REPRESENTATION('',(#6146),#6154);
#6146 = ( BOUNDED_CURVE() B_SPLINE_CURVE(2,(#6147,#6148,#6149,#6150,
#6151,#6152,#6153),.UNSPECIFIED.,.T.,.F.) B_SPLINE_CURVE_WITH_KNOTS((1,2
    ,2,2,2,1),(-2.094395102393,0.,2.094395102393,4.188790204786,
6.28318530718,8.377580409573),.UNSPECIFIED.) CURVE() 
GEOMETRIC_REPRESENTATION_ITEM() RATIONAL_B_SPLINE_CURVE((1.,0.5,1.,0.5,
1.,0.5,1.)) REPRESENTATION_ITEM('') );
#6147 = CARTESIAN_POINT('',(21.630843378838,32.546175035979));
#6148 = CARTESIAN_POINT('',(21.630843378838,33.412200439763));
#6149 = CARTESIAN_POINT('',(22.380843378838,32.979187737871));
#6150 = CARTESIAN_POINT('',(23.130843378838,32.546175035979));
#6151 = CARTESIAN_POINT('',(22.380843378838,32.113162334086));
#6152 = CARTESIAN_POINT('',(21.630843378838,31.680149632194));
#6153 = CARTESIAN_POINT('',(21.630843378838,32.546175035979));
#6154 = ( GEOMETRIC_REPRESENTATION_CONTEXT(2) 
PARAMETRIC_REPRESENTATION_CONTEXT() REPRESENTATION_CONTEXT('2D SPACE',''
  ) );
#6155 = PCURVE('',#6156,#6161);
#6156 = CYLINDRICAL_SURFACE('',#6157,0.5);
#6157 = AXIS2_PLACEMENT_3D('',#6158,#6159,#6160);
#6158 = CARTESIAN_POINT('',(121.64,-55.82,-1.E-02));
#6159 = DIRECTION('',(0.,0.,1.));
#6160 = DIRECTION('',(1.,0.,-0.));
#6161 = DEFINITIONAL_REPRESENTATION('',(#6162),#6166);
#6162 = LINE('',#6163,#6164);
#6163 = CARTESIAN_POINT('',(0.,1.E-02));
#6164 = VECTOR('',#6165,1.);
#6165 = DIRECTION('',(1.,0.));
#6166 = ( GEOMETRIC_REPRESENTATION_CONTEXT(2) 
PARAMETRIC_REPRESENTATION_CONTEXT() REPRESENTATION_CONTEXT('2D SPACE',''
  ) );
#6167 = FACE_BOUND('',#6168,.T.);
#6168 = EDGE_LOOP('',(#6169));
#6169 = ORIENTED_EDGE('',*,*,#6170,.T.);
#6170 = EDGE_CURVE('',#6171,#6171,#6173,.T.);
#6171 = VERTEX_POINT('',#6172);
#6172 = CARTESIAN_POINT('',(124.68,-53.28,0.));
#6173 = SURFACE_CURVE('',#6174,(#6179,#6190),.PCURVE_S1.);
#6174 = CIRCLE('',#6175,0.5);
#6175 = AXIS2_PLACEMENT_3D('',#6176,#6177,#6178);
#6176 = CARTESIAN_POINT('',(124.18,-53.28,0.));
#6177 = DIRECTION('',(0.,0.,1.));
#6178 = DIRECTION('',(1.,0.,-0.));
#6179 = PCURVE('',#144,#6180);
#6180 = DEFINITIONAL_REPRESENTATION('',(#6181),#6189);
#6181 = ( BOUNDED_CURVE() B_SPLINE_CURVE(2,(#6182,#6183,#6184,#6185,
#6186,#6187,#6188),.UNSPECIFIED.,.T.,.F.) B_SPLINE_CURVE_WITH_KNOTS((1,2
    ,2,2,2,1),(-2.094395102393,0.,2.094395102393,4.188790204786,
6.28318530718,8.377580409573),.UNSPECIFIED.) CURVE() 
GEOMETRIC_REPRESENTATION_ITEM() RATIONAL_B_SPLINE_CURVE((1.,0.5,1.,0.5,
1.,0.5,1.)) REPRESENTATION_ITEM('') );
#6182 = CARTESIAN_POINT('',(19.090843378838,35.086175035979));
#6183 = CARTESIAN_POINT('',(19.090843378838,35.952200439763));
#6184 = CARTESIAN_POINT('',(19.840843378838,35.519187737871));
#6185 = CARTESIAN_POINT('',(20.590843378838,35.086175035979));
#6186 = CARTESIAN_POINT('',(19.840843378838,34.653162334086));
#6187 = CARTESIAN_POINT('',(19.090843378838,34.220149632194));
#6188 = CARTESIAN_POINT('',(19.090843378838,35.086175035979));
#6189 = ( GEOMETRIC_REPRESENTATION_CONTEXT(2) 
PARAMETRIC_REPRESENTATION_CONTEXT() REPRESENTATION_CONTEXT('2D SPACE',''
  ) );
#6190 = PCURVE('',#6191,#6196);
#6191 = CYLINDRICAL_SURFACE('',#6192,0.5);
#6192 = AXIS2_PLACEMENT_3D('',#6193,#6194,#6195);
#6193 = CARTESIAN_POINT('',(124.18,-53.28,-1.E-02));
#6194 = DIRECTION('',(0.,0.,1.));
#6195 = DIRECTION('',(1.,0.,-0.));
#6196 = DEFINITIONAL_REPRESENTATION('',(#6197),#6201);
#6197 = LINE('',#6198,#6199);
#6198 = CARTESIAN_POINT('',(0.,1.E-02));
#6199 = VECTOR('',#6200,1.);
#6200 = DIRECTION('',(1.,0.));
#6201 = ( GEOMETRIC_REPRESENTATION_CONTEXT(2) 
PARAMETRIC_REPRESENTATION_CONTEXT() REPRESENTATION_CONTEXT('2D SPACE',''
  ) );
#6202 = FACE_BOUND('',#6203,.T.);
#6203 = EDGE_LOOP('',(#6204));
#6204 = ORIENTED_EDGE('',*,*,#6205,.T.);
#6205 = EDGE_CURVE('',#6206,#6206,#6208,.T.);
#6206 = VERTEX_POINT('',#6207);
#6207 = CARTESIAN_POINT('',(122.14,-53.28,0.));
#6208 = SURFACE_CURVE('',#6209,(#6214,#6225),.PCURVE_S1.);
#6209 = CIRCLE('',#6210,0.5);
#6210 = AXIS2_PLACEMENT_3D('',#6211,#6212,#6213);
#6211 = CARTESIAN_POINT('',(121.64,-53.28,0.));
#6212 = DIRECTION('',(0.,0.,1.));
#6213 = DIRECTION('',(1.,0.,-0.));
#6214 = PCURVE('',#144,#6215);
#6215 = DEFINITIONAL_REPRESENTATION('',(#6216),#6224);
#6216 = ( BOUNDED_CURVE() B_SPLINE_CURVE(2,(#6217,#6218,#6219,#6220,
#6221,#6222,#6223),.UNSPECIFIED.,.T.,.F.) B_SPLINE_CURVE_WITH_KNOTS((1,2
    ,2,2,2,1),(-2.094395102393,0.,2.094395102393,4.188790204786,
6.28318530718,8.377580409573),.UNSPECIFIED.) CURVE() 
GEOMETRIC_REPRESENTATION_ITEM() RATIONAL_B_SPLINE_CURVE((1.,0.5,1.,0.5,
1.,0.5,1.)) REPRESENTATION_ITEM('') );
#6217 = CARTESIAN_POINT('',(21.630843378838,35.086175035979));
#6218 = CARTESIAN_POINT('',(21.630843378838,35.952200439763));
#6219 = CARTESIAN_POINT('',(22.380843378838,35.519187737871));
#6220 = CARTESIAN_POINT('',(23.130843378838,35.086175035979));
#6221 = CARTESIAN_POINT('',(22.380843378838,34.653162334086));
#6222 = CARTESIAN_POINT('',(21.630843378838,34.220149632194));
#6223 = CARTESIAN_POINT('',(21.630843378838,35.086175035979));
#6224 = ( GEOMETRIC_REPRESENTATION_CONTEXT(2) 
PARAMETRIC_REPRESENTATION_CONTEXT() REPRESENTATION_CONTEXT('2D SPACE',''
  ) );
#6225 = PCURVE('',#6226,#6231);
#6226 = CYLINDRICAL_SURFACE('',#6227,0.5);
#6227 = AXIS2_PLACEMENT_3D('',#6228,#6229,#6230);
#6228 = CARTESIAN_POINT('',(121.64,-53.28,-1.E-02));
#6229 = DIRECTION('',(0.,0.,1.));
#6230 = DIRECTION('',(1.,0.,-0.));
#6231 = DEFINITIONAL_REPRESENTATION('',(#6232),#6236);
#6232 = LINE('',#6233,#6234);
#6233 = CARTESIAN_POINT('',(0.,1.E-02));
#6234 = VECTOR('',#6235,1.);
#6235 = DIRECTION('',(1.,0.));
#6236 = ( GEOMETRIC_REPRESENTATION_CONTEXT(2) 
PARAMETRIC_REPRESENTATION_CONTEXT() REPRESENTATION_CONTEXT('2D SPACE',''
  ) );
#6237 = FACE_BOUND('',#6238,.T.);
#6238 = EDGE_LOOP('',(#6239));
#6239 = ORIENTED_EDGE('',*,*,#6240,.T.);
#6240 = EDGE_CURVE('',#6241,#6241,#6243,.T.);
#6241 = VERTEX_POINT('',#6242);
#6242 = CARTESIAN_POINT('',(119.6,-60.9,0.));
#6243 = SURFACE_CURVE('',#6244,(#6249,#6260),.PCURVE_S1.);
#6244 = CIRCLE('',#6245,0.5);
#6245 = AXIS2_PLACEMENT_3D('',#6246,#6247,#6248);
#6246 = CARTESIAN_POINT('',(119.1,-60.9,0.));
#6247 = DIRECTION('',(0.,0.,1.));
#6248 = DIRECTION('',(1.,0.,-0.));
#6249 = PCURVE('',#144,#6250);
#6250 = DEFINITIONAL_REPRESENTATION('',(#6251),#6259);
#6251 = ( BOUNDED_CURVE() B_SPLINE_CURVE(2,(#6252,#6253,#6254,#6255,
#6256,#6257,#6258),.UNSPECIFIED.,.T.,.F.) B_SPLINE_CURVE_WITH_KNOTS((1,2
    ,2,2,2,1),(-2.094395102393,0.,2.094395102393,4.188790204786,
6.28318530718,8.377580409573),.UNSPECIFIED.) CURVE() 
GEOMETRIC_REPRESENTATION_ITEM() RATIONAL_B_SPLINE_CURVE((1.,0.5,1.,0.5,
1.,0.5,1.)) REPRESENTATION_ITEM('') );
#6252 = CARTESIAN_POINT('',(24.170843378838,27.466175035979));
#6253 = CARTESIAN_POINT('',(24.170843378838,28.332200439763));
#6254 = CARTESIAN_POINT('',(24.920843378838,27.899187737871));
#6255 = CARTESIAN_POINT('',(25.670843378838,27.466175035979));
#6256 = CARTESIAN_POINT('',(24.920843378838,27.033162334086));
#6257 = CARTESIAN_POINT('',(24.170843378838,26.600149632194));
#6258 = CARTESIAN_POINT('',(24.170843378838,27.466175035979));
#6259 = ( GEOMETRIC_REPRESENTATION_CONTEXT(2) 
PARAMETRIC_REPRESENTATION_CONTEXT() REPRESENTATION_CONTEXT('2D SPACE',''
  ) );
#6260 = PCURVE('',#6261,#6266);
#6261 = CYLINDRICAL_SURFACE('',#6262,0.5);
#6262 = AXIS2_PLACEMENT_3D('',#6263,#6264,#6265);
#6263 = CARTESIAN_POINT('',(119.1,-60.9,-1.E-02));
#6264 = DIRECTION('',(0.,0.,1.));
#6265 = DIRECTION('',(1.,0.,-0.));
#6266 = DEFINITIONAL_REPRESENTATION('',(#6267),#6271);
#6267 = LINE('',#6268,#6269);
#6268 = CARTESIAN_POINT('',(0.,1.E-02));
#6269 = VECTOR('',#6270,1.);
#6270 = DIRECTION('',(1.,0.));
#6271 = ( GEOMETRIC_REPRESENTATION_CONTEXT(2) 
PARAMETRIC_REPRESENTATION_CONTEXT() REPRESENTATION_CONTEXT('2D SPACE',''
  ) );
#6272 = FACE_BOUND('',#6273,.T.);
#6273 = EDGE_LOOP('',(#6274));
#6274 = ORIENTED_EDGE('',*,*,#6275,.T.);
#6275 = EDGE_CURVE('',#6276,#6276,#6278,.T.);
#6276 = VERTEX_POINT('',#6277);
#6277 = CARTESIAN_POINT('',(117.06,-60.9,0.));
#6278 = SURFACE_CURVE('',#6279,(#6284,#6295),.PCURVE_S1.);
#6279 = CIRCLE('',#6280,0.5);
#6280 = AXIS2_PLACEMENT_3D('',#6281,#6282,#6283);
#6281 = CARTESIAN_POINT('',(116.56,-60.9,0.));
#6282 = DIRECTION('',(0.,0.,1.));
#6283 = DIRECTION('',(1.,0.,-0.));
#6284 = PCURVE('',#144,#6285);
#6285 = DEFINITIONAL_REPRESENTATION('',(#6286),#6294);
#6286 = ( BOUNDED_CURVE() B_SPLINE_CURVE(2,(#6287,#6288,#6289,#6290,
#6291,#6292,#6293),.UNSPECIFIED.,.T.,.F.) B_SPLINE_CURVE_WITH_KNOTS((1,2
    ,2,2,2,1),(-2.094395102393,0.,2.094395102393,4.188790204786,
6.28318530718,8.377580409573),.UNSPECIFIED.) CURVE() 
GEOMETRIC_REPRESENTATION_ITEM() RATIONAL_B_SPLINE_CURVE((1.,0.5,1.,0.5,
1.,0.5,1.)) REPRESENTATION_ITEM('') );
#6287 = CARTESIAN_POINT('',(26.710843378838,27.466175035979));
#6288 = CARTESIAN_POINT('',(26.710843378838,28.332200439763));
#6289 = CARTESIAN_POINT('',(27.460843378838,27.899187737871));
#6290 = CARTESIAN_POINT('',(28.210843378838,27.466175035979));
#6291 = CARTESIAN_POINT('',(27.460843378838,27.033162334086));
#6292 = CARTESIAN_POINT('',(26.710843378838,26.600149632194));
#6293 = CARTESIAN_POINT('',(26.710843378838,27.466175035979));
#6294 = ( GEOMETRIC_REPRESENTATION_CONTEXT(2) 
PARAMETRIC_REPRESENTATION_CONTEXT() REPRESENTATION_CONTEXT('2D SPACE',''
  ) );
#6295 = PCURVE('',#6296,#6301);
#6296 = CYLINDRICAL_SURFACE('',#6297,0.5);
#6297 = AXIS2_PLACEMENT_3D('',#6298,#6299,#6300);
#6298 = CARTESIAN_POINT('',(116.56,-60.9,-1.E-02));
#6299 = DIRECTION('',(0.,0.,1.));
#6300 = DIRECTION('',(1.,0.,-0.));
#6301 = DEFINITIONAL_REPRESENTATION('',(#6302),#6306);
#6302 = LINE('',#6303,#6304);
#6303 = CARTESIAN_POINT('',(0.,1.E-02));
#6304 = VECTOR('',#6305,1.);
#6305 = DIRECTION('',(1.,0.));
#6306 = ( GEOMETRIC_REPRESENTATION_CONTEXT(2) 
PARAMETRIC_REPRESENTATION_CONTEXT() REPRESENTATION_CONTEXT('2D SPACE',''
  ) );
#6307 = FACE_BOUND('',#6308,.T.);
#6308 = EDGE_LOOP('',(#6309));
#6309 = ORIENTED_EDGE('',*,*,#6310,.T.);
#6310 = EDGE_CURVE('',#6311,#6311,#6313,.T.);
#6311 = VERTEX_POINT('',#6312);
#6312 = CARTESIAN_POINT('',(119.6,-58.36,0.));
#6313 = SURFACE_CURVE('',#6314,(#6319,#6330),.PCURVE_S1.);
#6314 = CIRCLE('',#6315,0.5);
#6315 = AXIS2_PLACEMENT_3D('',#6316,#6317,#6318);
#6316 = CARTESIAN_POINT('',(119.1,-58.36,0.));
#6317 = DIRECTION('',(0.,0.,1.));
#6318 = DIRECTION('',(1.,0.,-0.));
#6319 = PCURVE('',#144,#6320);
#6320 = DEFINITIONAL_REPRESENTATION('',(#6321),#6329);
#6321 = ( BOUNDED_CURVE() B_SPLINE_CURVE(2,(#6322,#6323,#6324,#6325,
#6326,#6327,#6328),.UNSPECIFIED.,.T.,.F.) B_SPLINE_CURVE_WITH_KNOTS((1,2
    ,2,2,2,1),(-2.094395102393,0.,2.094395102393,4.188790204786,
6.28318530718,8.377580409573),.UNSPECIFIED.) CURVE() 
GEOMETRIC_REPRESENTATION_ITEM() RATIONAL_B_SPLINE_CURVE((1.,0.5,1.,0.5,
1.,0.5,1.)) REPRESENTATION_ITEM('') );
#6322 = CARTESIAN_POINT('',(24.170843378838,30.006175035979));
#6323 = CARTESIAN_POINT('',(24.170843378838,30.872200439763));
#6324 = CARTESIAN_POINT('',(24.920843378838,30.439187737871));
#6325 = CARTESIAN_POINT('',(25.670843378838,30.006175035979));
#6326 = CARTESIAN_POINT('',(24.920843378838,29.573162334086));
#6327 = CARTESIAN_POINT('',(24.170843378838,29.140149632194));
#6328 = CARTESIAN_POINT('',(24.170843378838,30.006175035979));
#6329 = ( GEOMETRIC_REPRESENTATION_CONTEXT(2) 
PARAMETRIC_REPRESENTATION_CONTEXT() REPRESENTATION_CONTEXT('2D SPACE',''
  ) );
#6330 = PCURVE('',#6331,#6336);
#6331 = CYLINDRICAL_SURFACE('',#6332,0.5);
#6332 = AXIS2_PLACEMENT_3D('',#6333,#6334,#6335);
#6333 = CARTESIAN_POINT('',(119.1,-58.36,-1.E-02));
#6334 = DIRECTION('',(0.,0.,1.));
#6335 = DIRECTION('',(1.,0.,-0.));
#6336 = DEFINITIONAL_REPRESENTATION('',(#6337),#6341);
#6337 = LINE('',#6338,#6339);
#6338 = CARTESIAN_POINT('',(0.,1.E-02));
#6339 = VECTOR('',#6340,1.);
#6340 = DIRECTION('',(1.,0.));
#6341 = ( GEOMETRIC_REPRESENTATION_CONTEXT(2) 
PARAMETRIC_REPRESENTATION_CONTEXT() REPRESENTATION_CONTEXT('2D SPACE',''
  ) );
#6342 = FACE_BOUND('',#6343,.T.);
#6343 = EDGE_LOOP('',(#6344));
#6344 = ORIENTED_EDGE('',*,*,#6345,.T.);
#6345 = EDGE_CURVE('',#6346,#6346,#6348,.T.);
#6346 = VERTEX_POINT('',#6347);
#6347 = CARTESIAN_POINT('',(117.06,-58.36,0.));
#6348 = SURFACE_CURVE('',#6349,(#6354,#6365),.PCURVE_S1.);
#6349 = CIRCLE('',#6350,0.5);
#6350 = AXIS2_PLACEMENT_3D('',#6351,#6352,#6353);
#6351 = CARTESIAN_POINT('',(116.56,-58.36,0.));
#6352 = DIRECTION('',(0.,0.,1.));
#6353 = DIRECTION('',(1.,0.,-0.));
#6354 = PCURVE('',#144,#6355);
#6355 = DEFINITIONAL_REPRESENTATION('',(#6356),#6364);
#6356 = ( BOUNDED_CURVE() B_SPLINE_CURVE(2,(#6357,#6358,#6359,#6360,
#6361,#6362,#6363),.UNSPECIFIED.,.T.,.F.) B_SPLINE_CURVE_WITH_KNOTS((1,2
    ,2,2,2,1),(-2.094395102393,0.,2.094395102393,4.188790204786,
6.28318530718,8.377580409573),.UNSPECIFIED.) CURVE() 
GEOMETRIC_REPRESENTATION_ITEM() RATIONAL_B_SPLINE_CURVE((1.,0.5,1.,0.5,
1.,0.5,1.)) REPRESENTATION_ITEM('') );
#6357 = CARTESIAN_POINT('',(26.710843378838,30.006175035979));
#6358 = CARTESIAN_POINT('',(26.710843378838,30.872200439763));
#6359 = CARTESIAN_POINT('',(27.460843378838,30.439187737871));
#6360 = CARTESIAN_POINT('',(28.210843378838,30.006175035979));
#6361 = CARTESIAN_POINT('',(27.460843378838,29.573162334086));
#6362 = CARTESIAN_POINT('',(26.710843378838,29.140149632194));
#6363 = CARTESIAN_POINT('',(26.710843378838,30.006175035979));
#6364 = ( GEOMETRIC_REPRESENTATION_CONTEXT(2) 
PARAMETRIC_REPRESENTATION_CONTEXT() REPRESENTATION_CONTEXT('2D SPACE',''
  ) );
#6365 = PCURVE('',#6366,#6371);
#6366 = CYLINDRICAL_SURFACE('',#6367,0.5);
#6367 = AXIS2_PLACEMENT_3D('',#6368,#6369,#6370);
#6368 = CARTESIAN_POINT('',(116.56,-58.36,-1.E-02));
#6369 = DIRECTION('',(0.,0.,1.));
#6370 = DIRECTION('',(1.,0.,-0.));
#6371 = DEFINITIONAL_REPRESENTATION('',(#6372),#6376);
#6372 = LINE('',#6373,#6374);
#6373 = CARTESIAN_POINT('',(0.,1.E-02));
#6374 = VECTOR('',#6375,1.);
#6375 = DIRECTION('',(1.,0.));
#6376 = ( GEOMETRIC_REPRESENTATION_CONTEXT(2) 
PARAMETRIC_REPRESENTATION_CONTEXT() REPRESENTATION_CONTEXT('2D SPACE',''
  ) );
#6377 = FACE_BOUND('',#6378,.T.);
#6378 = EDGE_LOOP('',(#6379));
#6379 = ORIENTED_EDGE('',*,*,#6380,.T.);
#6380 = EDGE_CURVE('',#6381,#6381,#6383,.T.);
#6381 = VERTEX_POINT('',#6382);
#6382 = CARTESIAN_POINT('',(119.6,-55.82,0.));
#6383 = SURFACE_CURVE('',#6384,(#6389,#6400),.PCURVE_S1.);
#6384 = CIRCLE('',#6385,0.5);
#6385 = AXIS2_PLACEMENT_3D('',#6386,#6387,#6388);
#6386 = CARTESIAN_POINT('',(119.1,-55.82,0.));
#6387 = DIRECTION('',(0.,0.,1.));
#6388 = DIRECTION('',(1.,0.,-0.));
#6389 = PCURVE('',#144,#6390);
#6390 = DEFINITIONAL_REPRESENTATION('',(#6391),#6399);
#6391 = ( BOUNDED_CURVE() B_SPLINE_CURVE(2,(#6392,#6393,#6394,#6395,
#6396,#6397,#6398),.UNSPECIFIED.,.T.,.F.) B_SPLINE_CURVE_WITH_KNOTS((1,2
    ,2,2,2,1),(-2.094395102393,0.,2.094395102393,4.188790204786,
6.28318530718,8.377580409573),.UNSPECIFIED.) CURVE() 
GEOMETRIC_REPRESENTATION_ITEM() RATIONAL_B_SPLINE_CURVE((1.,0.5,1.,0.5,
1.,0.5,1.)) REPRESENTATION_ITEM('') );
#6392 = CARTESIAN_POINT('',(24.170843378838,32.546175035979));
#6393 = CARTESIAN_POINT('',(24.170843378838,33.412200439763));
#6394 = CARTESIAN_POINT('',(24.920843378838,32.979187737871));
#6395 = CARTESIAN_POINT('',(25.670843378838,32.546175035979));
#6396 = CARTESIAN_POINT('',(24.920843378838,32.113162334086));
#6397 = CARTESIAN_POINT('',(24.170843378838,31.680149632194));
#6398 = CARTESIAN_POINT('',(24.170843378838,32.546175035979));
#6399 = ( GEOMETRIC_REPRESENTATION_CONTEXT(2) 
PARAMETRIC_REPRESENTATION_CONTEXT() REPRESENTATION_CONTEXT('2D SPACE',''
  ) );
#6400 = PCURVE('',#6401,#6406);
#6401 = CYLINDRICAL_SURFACE('',#6402,0.5);
#6402 = AXIS2_PLACEMENT_3D('',#6403,#6404,#6405);
#6403 = CARTESIAN_POINT('',(119.1,-55.82,-1.E-02));
#6404 = DIRECTION('',(0.,0.,1.));
#6405 = DIRECTION('',(1.,0.,-0.));
#6406 = DEFINITIONAL_REPRESENTATION('',(#6407),#6411);
#6407 = LINE('',#6408,#6409);
#6408 = CARTESIAN_POINT('',(0.,1.E-02));
#6409 = VECTOR('',#6410,1.);
#6410 = DIRECTION('',(1.,0.));
#6411 = ( GEOMETRIC_REPRESENTATION_CONTEXT(2) 
PARAMETRIC_REPRESENTATION_CONTEXT() REPRESENTATION_CONTEXT('2D SPACE',''
  ) );
#6412 = FACE_BOUND('',#6413,.T.);
#6413 = EDGE_LOOP('',(#6414));
#6414 = ORIENTED_EDGE('',*,*,#6415,.T.);
#6415 = EDGE_CURVE('',#6416,#6416,#6418,.T.);
#6416 = VERTEX_POINT('',#6417);
#6417 = CARTESIAN_POINT('',(117.06,-55.82,0.));
#6418 = SURFACE_CURVE('',#6419,(#6424,#6435),.PCURVE_S1.);
#6419 = CIRCLE('',#6420,0.5);
#6420 = AXIS2_PLACEMENT_3D('',#6421,#6422,#6423);
#6421 = CARTESIAN_POINT('',(116.56,-55.82,0.));
#6422 = DIRECTION('',(0.,0.,1.));
#6423 = DIRECTION('',(1.,0.,-0.));
#6424 = PCURVE('',#144,#6425);
#6425 = DEFINITIONAL_REPRESENTATION('',(#6426),#6434);
#6426 = ( BOUNDED_CURVE() B_SPLINE_CURVE(2,(#6427,#6428,#6429,#6430,
#6431,#6432,#6433),.UNSPECIFIED.,.T.,.F.) B_SPLINE_CURVE_WITH_KNOTS((1,2
    ,2,2,2,1),(-2.094395102393,0.,2.094395102393,4.188790204786,
6.28318530718,8.377580409573),.UNSPECIFIED.) CURVE() 
GEOMETRIC_REPRESENTATION_ITEM() RATIONAL_B_SPLINE_CURVE((1.,0.5,1.,0.5,
1.,0.5,1.)) REPRESENTATION_ITEM('') );
#6427 = CARTESIAN_POINT('',(26.710843378838,32.546175035979));
#6428 = CARTESIAN_POINT('',(26.710843378838,33.412200439763));
#6429 = CARTESIAN_POINT('',(27.460843378838,32.979187737871));
#6430 = CARTESIAN_POINT('',(28.210843378838,32.546175035979));
#6431 = CARTESIAN_POINT('',(27.460843378838,32.113162334086));
#6432 = CARTESIAN_POINT('',(26.710843378838,31.680149632194));
#6433 = CARTESIAN_POINT('',(26.710843378838,32.546175035979));
#6434 = ( GEOMETRIC_REPRESENTATION_CONTEXT(2) 
PARAMETRIC_REPRESENTATION_CONTEXT() REPRESENTATION_CONTEXT('2D SPACE',''
  ) );
#6435 = PCURVE('',#6436,#6441);
#6436 = CYLINDRICAL_SURFACE('',#6437,0.5);
#6437 = AXIS2_PLACEMENT_3D('',#6438,#6439,#6440);
#6438 = CARTESIAN_POINT('',(116.56,-55.82,-1.E-02));
#6439 = DIRECTION('',(0.,0.,1.));
#6440 = DIRECTION('',(1.,0.,-0.));
#6441 = DEFINITIONAL_REPRESENTATION('',(#6442),#6446);
#6442 = LINE('',#6443,#6444);
#6443 = CARTESIAN_POINT('',(0.,1.E-02));
#6444 = VECTOR('',#6445,1.);
#6445 = DIRECTION('',(1.,0.));
#6446 = ( GEOMETRIC_REPRESENTATION_CONTEXT(2) 
PARAMETRIC_REPRESENTATION_CONTEXT() REPRESENTATION_CONTEXT('2D SPACE',''
  ) );
#6447 = FACE_BOUND('',#6448,.T.);
#6448 = EDGE_LOOP('',(#6449));
#6449 = ORIENTED_EDGE('',*,*,#6450,.T.);
#6450 = EDGE_CURVE('',#6451,#6451,#6453,.T.);
#6451 = VERTEX_POINT('',#6452);
#6452 = CARTESIAN_POINT('',(119.6,-53.28,0.));
#6453 = SURFACE_CURVE('',#6454,(#6459,#6470),.PCURVE_S1.);
#6454 = CIRCLE('',#6455,0.5);
#6455 = AXIS2_PLACEMENT_3D('',#6456,#6457,#6458);
#6456 = CARTESIAN_POINT('',(119.1,-53.28,0.));
#6457 = DIRECTION('',(0.,0.,1.));
#6458 = DIRECTION('',(1.,0.,-0.));
#6459 = PCURVE('',#144,#6460);
#6460 = DEFINITIONAL_REPRESENTATION('',(#6461),#6469);
#6461 = ( BOUNDED_CURVE() B_SPLINE_CURVE(2,(#6462,#6463,#6464,#6465,
#6466,#6467,#6468),.UNSPECIFIED.,.T.,.F.) B_SPLINE_CURVE_WITH_KNOTS((1,2
    ,2,2,2,1),(-2.094395102393,0.,2.094395102393,4.188790204786,
6.28318530718,8.377580409573),.UNSPECIFIED.) CURVE() 
GEOMETRIC_REPRESENTATION_ITEM() RATIONAL_B_SPLINE_CURVE((1.,0.5,1.,0.5,
1.,0.5,1.)) REPRESENTATION_ITEM('') );
#6462 = CARTESIAN_POINT('',(24.170843378838,35.086175035979));
#6463 = CARTESIAN_POINT('',(24.170843378838,35.952200439763));
#6464 = CARTESIAN_POINT('',(24.920843378838,35.519187737871));
#6465 = CARTESIAN_POINT('',(25.670843378838,35.086175035979));
#6466 = CARTESIAN_POINT('',(24.920843378838,34.653162334086));
#6467 = CARTESIAN_POINT('',(24.170843378838,34.220149632194));
#6468 = CARTESIAN_POINT('',(24.170843378838,35.086175035979));
#6469 = ( GEOMETRIC_REPRESENTATION_CONTEXT(2) 
PARAMETRIC_REPRESENTATION_CONTEXT() REPRESENTATION_CONTEXT('2D SPACE',''
  ) );
#6470 = PCURVE('',#6471,#6476);
#6471 = CYLINDRICAL_SURFACE('',#6472,0.5);
#6472 = AXIS2_PLACEMENT_3D('',#6473,#6474,#6475);
#6473 = CARTESIAN_POINT('',(119.1,-53.28,-1.E-02));
#6474 = DIRECTION('',(0.,0.,1.));
#6475 = DIRECTION('',(1.,0.,-0.));
#6476 = DEFINITIONAL_REPRESENTATION('',(#6477),#6481);
#6477 = LINE('',#6478,#6479);
#6478 = CARTESIAN_POINT('',(0.,1.E-02));
#6479 = VECTOR('',#6480,1.);
#6480 = DIRECTION('',(1.,0.));
#6481 = ( GEOMETRIC_REPRESENTATION_CONTEXT(2) 
PARAMETRIC_REPRESENTATION_CONTEXT() REPRESENTATION_CONTEXT('2D SPACE',''
  ) );
#6482 = FACE_BOUND('',#6483,.T.);
#6483 = EDGE_LOOP('',(#6484));
#6484 = ORIENTED_EDGE('',*,*,#6485,.T.);
#6485 = EDGE_CURVE('',#6486,#6486,#6488,.T.);
#6486 = VERTEX_POINT('',#6487);
#6487 = CARTESIAN_POINT('',(117.06,-53.28,0.));
#6488 = SURFACE_CURVE('',#6489,(#6494,#6505),.PCURVE_S1.);
#6489 = CIRCLE('',#6490,0.5);
#6490 = AXIS2_PLACEMENT_3D('',#6491,#6492,#6493);
#6491 = CARTESIAN_POINT('',(116.56,-53.28,0.));
#6492 = DIRECTION('',(0.,0.,1.));
#6493 = DIRECTION('',(1.,0.,-0.));
#6494 = PCURVE('',#144,#6495);
#6495 = DEFINITIONAL_REPRESENTATION('',(#6496),#6504);
#6496 = ( BOUNDED_CURVE() B_SPLINE_CURVE(2,(#6497,#6498,#6499,#6500,
#6501,#6502,#6503),.UNSPECIFIED.,.T.,.F.) B_SPLINE_CURVE_WITH_KNOTS((1,2
    ,2,2,2,1),(-2.094395102393,0.,2.094395102393,4.188790204786,
6.28318530718,8.377580409573),.UNSPECIFIED.) CURVE() 
GEOMETRIC_REPRESENTATION_ITEM() RATIONAL_B_SPLINE_CURVE((1.,0.5,1.,0.5,
1.,0.5,1.)) REPRESENTATION_ITEM('') );
#6497 = CARTESIAN_POINT('',(26.710843378838,35.086175035979));
#6498 = CARTESIAN_POINT('',(26.710843378838,35.952200439763));
#6499 = CARTESIAN_POINT('',(27.460843378838,35.519187737871));
#6500 = CARTESIAN_POINT('',(28.210843378838,35.086175035979));
#6501 = CARTESIAN_POINT('',(27.460843378838,34.653162334086));
#6502 = CARTESIAN_POINT('',(26.710843378838,34.220149632194));
#6503 = CARTESIAN_POINT('',(26.710843378838,35.086175035979));
#6504 = ( GEOMETRIC_REPRESENTATION_CONTEXT(2) 
PARAMETRIC_REPRESENTATION_CONTEXT() REPRESENTATION_CONTEXT('2D SPACE',''
  ) );
#6505 = PCURVE('',#6506,#6511);
#6506 = CYLINDRICAL_SURFACE('',#6507,0.5);
#6507 = AXIS2_PLACEMENT_3D('',#6508,#6509,#6510);
#6508 = CARTESIAN_POINT('',(116.56,-53.28,-1.E-02));
#6509 = DIRECTION('',(0.,0.,1.));
#6510 = DIRECTION('',(1.,0.,-0.));
#6511 = DEFINITIONAL_REPRESENTATION('',(#6512),#6516);
#6512 = LINE('',#6513,#6514);
#6513 = CARTESIAN_POINT('',(0.,1.E-02));
#6514 = VECTOR('',#6515,1.);
#6515 = DIRECTION('',(1.,0.));
#6516 = ( GEOMETRIC_REPRESENTATION_CONTEXT(2) 
PARAMETRIC_REPRESENTATION_CONTEXT() REPRESENTATION_CONTEXT('2D SPACE',''
  ) );
#6517 = ADVANCED_FACE('',(#6518,#6682,#6712,#6742,#6772,#6802,#6832,
    #6862,#6892,#6922,#6952,#6982,#7012,#7042,#7072,#7102,#7132,#7162,
    #7192,#7222,#7252,#7282,#7312,#7342,#7372,#7402,#7432,#7462,#7492,
    #7522,#7552,#7582,#7612,#7642,#7672,#7702,#7732,#7762,#7792,#7822,
    #7852,#7882,#7912,#7942,#7972,#8002,#8032,#8062,#8092,#8122,#8152,
    #8182,#8212,#8242,#8272,#8302,#8332,#8362,#8392,#8422,#8452,#8482,
    #8512,#8542,#8572,#8602,#8632,#8662,#8692,#8722,#8752,#8782,#8812,
    #8842,#8872,#8902,#8932,#8962,#8992,#9022,#9052,#9082,#9112,#9142,
    #9172,#9202,#9232,#9262,#9292,#9322,#9352,#9382,#9412,#9442,#9472,
    #9502,#9532,#9562,#9592,#9622,#9652,#9682,#9712,#9742,#9772,#9802,
    #9832,#9862,#9892,#9922,#9952,#9982,#10012,#10042,#10072,#10102,
    #10132,#10162,#10192,#10222,#10252,#10282,#10312,#10342,#10372,
    #10402,#10432,#10462,#10492,#10522,#10552,#10582,#10612,#10642,
    #10672,#10702,#10732,#10762,#10792,#10822,#10852,#10882,#10912,
    #10942,#10972,#11002,#11032,#11062,#11092,#11122,#11152,#11182,
    #11212,#11242,#11272,#11302,#11332,#11362,#11392,#11422,#11452,
    #11482,#11512,#11542,#11572,#11602,#11632,#11662,#11692,#11722,
    #11752,#11782,#11812),#90,.F.);
#6518 = FACE_BOUND('',#6519,.F.);
#6519 = EDGE_LOOP('',(#6520,#6521,#6522,#6545,#6568,#6591,#6614,#6637,
    #6660,#6681));
#6520 = ORIENTED_EDGE('',*,*,#74,.T.);
#6521 = ORIENTED_EDGE('',*,*,#236,.T.);
#6522 = ORIENTED_EDGE('',*,*,#6523,.T.);
#6523 = EDGE_CURVE('',#237,#6524,#6526,.T.);
#6524 = VERTEX_POINT('',#6525);
#6525 = CARTESIAN_POINT('',(96.52,-124.46,1.6));
#6526 = SURFACE_CURVE('',#6527,(#6531,#6538),.PCURVE_S1.);
#6527 = LINE('',#6528,#6529);
#6528 = CARTESIAN_POINT('',(152.4,-124.46,1.6));
#6529 = VECTOR('',#6530,1.);
#6530 = DIRECTION('',(-1.,0.,0.));
#6531 = PCURVE('',#90,#6532);
#6532 = DEFINITIONAL_REPRESENTATION('',(#6533),#6537);
#6533 = LINE('',#6534,#6535);
#6534 = CARTESIAN_POINT('',(-8.629156621162,-36.09382496402));
#6535 = VECTOR('',#6536,1.);
#6536 = DIRECTION('',(1.,0.));
#6537 = ( GEOMETRIC_REPRESENTATION_CONTEXT(2) 
PARAMETRIC_REPRESENTATION_CONTEXT() REPRESENTATION_CONTEXT('2D SPACE',''
  ) );
#6538 = PCURVE('',#275,#6539);
#6539 = DEFINITIONAL_REPRESENTATION('',(#6540),#6544);
#6540 = LINE('',#6541,#6542);
#6541 = CARTESIAN_POINT('',(0.,-1.6));
#6542 = VECTOR('',#6543,1.);
#6543 = DIRECTION('',(1.,0.));
#6544 = ( GEOMETRIC_REPRESENTATION_CONTEXT(2) 
PARAMETRIC_REPRESENTATION_CONTEXT() REPRESENTATION_CONTEXT('2D SPACE',''
  ) );
#6545 = ORIENTED_EDGE('',*,*,#6546,.T.);
#6546 = EDGE_CURVE('',#6524,#6547,#6549,.T.);
#6547 = VERTEX_POINT('',#6548);
#6548 = CARTESIAN_POINT('',(96.52,-106.68,1.6));
#6549 = SURFACE_CURVE('',#6550,(#6554,#6561),.PCURVE_S1.);
#6550 = LINE('',#6551,#6552);
#6551 = CARTESIAN_POINT('',(96.52,-124.46,1.6));
#6552 = VECTOR('',#6553,1.);
#6553 = DIRECTION('',(0.,1.,0.));
#6554 = PCURVE('',#90,#6555);
#6555 = DEFINITIONAL_REPRESENTATION('',(#6556),#6560);
#6556 = LINE('',#6557,#6558);
#6557 = CARTESIAN_POINT('',(47.250843378838,-36.09382496402));
#6558 = VECTOR('',#6559,1.);
#6559 = DIRECTION('',(0.,1.));
#6560 = ( GEOMETRIC_REPRESENTATION_CONTEXT(2) 
PARAMETRIC_REPRESENTATION_CONTEXT() REPRESENTATION_CONTEXT('2D SPACE',''
  ) );
#6561 = PCURVE('',#352,#6562);
#6562 = DEFINITIONAL_REPRESENTATION('',(#6563),#6567);
#6563 = LINE('',#6564,#6565);
#6564 = CARTESIAN_POINT('',(0.,-1.6));
#6565 = VECTOR('',#6566,1.);
#6566 = DIRECTION('',(1.,0.));
#6567 = ( GEOMETRIC_REPRESENTATION_CONTEXT(2) 
PARAMETRIC_REPRESENTATION_CONTEXT() REPRESENTATION_CONTEXT('2D SPACE',''
  ) );
#6568 = ORIENTED_EDGE('',*,*,#6569,.T.);
#6569 = EDGE_CURVE('',#6547,#6570,#6572,.T.);
#6570 = VERTEX_POINT('',#6571);
#6571 = CARTESIAN_POINT('',(152.4,-106.68,1.6));
#6572 = SURFACE_CURVE('',#6573,(#6577,#6584),.PCURVE_S1.);
#6573 = LINE('',#6574,#6575);
#6574 = CARTESIAN_POINT('',(96.52,-106.68,1.6));
#6575 = VECTOR('',#6576,1.);
#6576 = DIRECTION('',(1.,0.,0.));
#6577 = PCURVE('',#90,#6578);
#6578 = DEFINITIONAL_REPRESENTATION('',(#6579),#6583);
#6579 = LINE('',#6580,#6581);
#6580 = CARTESIAN_POINT('',(47.250843378838,-18.31382496402));
#6581 = VECTOR('',#6582,1.);
#6582 = DIRECTION('',(-1.,0.));
#6583 = ( GEOMETRIC_REPRESENTATION_CONTEXT(2) 
PARAMETRIC_REPRESENTATION_CONTEXT() REPRESENTATION_CONTEXT('2D SPACE',''
  ) );
#6584 = PCURVE('',#380,#6585);
#6585 = DEFINITIONAL_REPRESENTATION('',(#6586),#6590);
#6586 = LINE('',#6587,#6588);
#6587 = CARTESIAN_POINT('',(0.,-1.6));
#6588 = VECTOR('',#6589,1.);
#6589 = DIRECTION('',(1.,0.));
#6590 = ( GEOMETRIC_REPRESENTATION_CONTEXT(2) 
PARAMETRIC_REPRESENTATION_CONTEXT() REPRESENTATION_CONTEXT('2D SPACE',''
  ) );
#6591 = ORIENTED_EDGE('',*,*,#6592,.T.);
#6592 = EDGE_CURVE('',#6570,#6593,#6595,.T.);
#6593 = VERTEX_POINT('',#6594);
#6594 = CARTESIAN_POINT('',(152.4,-63.5,1.6));
#6595 = SURFACE_CURVE('',#6596,(#6600,#6607),.PCURVE_S1.);
#6596 = LINE('',#6597,#6598);
#6597 = CARTESIAN_POINT('',(152.4,-106.68,1.6));
#6598 = VECTOR('',#6599,1.);
#6599 = DIRECTION('',(0.,1.,0.));
#6600 = PCURVE('',#90,#6601);
#6601 = DEFINITIONAL_REPRESENTATION('',(#6602),#6606);
#6602 = LINE('',#6603,#6604);
#6603 = CARTESIAN_POINT('',(-8.629156621162,-18.31382496402));
#6604 = VECTOR('',#6605,1.);
#6605 = DIRECTION('',(0.,1.));
#6606 = ( GEOMETRIC_REPRESENTATION_CONTEXT(2) 
PARAMETRIC_REPRESENTATION_CONTEXT() REPRESENTATION_CONTEXT('2D SPACE',''
  ) );
#6607 = PCURVE('',#408,#6608);
#6608 = DEFINITIONAL_REPRESENTATION('',(#6609),#6613);
#6609 = LINE('',#6610,#6611);
#6610 = CARTESIAN_POINT('',(0.,-1.6));
#6611 = VECTOR('',#6612,1.);
#6612 = DIRECTION('',(1.,0.));
#6613 = ( GEOMETRIC_REPRESENTATION_CONTEXT(2) 
PARAMETRIC_REPRESENTATION_CONTEXT() REPRESENTATION_CONTEXT('2D SPACE',''
  ) );
#6614 = ORIENTED_EDGE('',*,*,#6615,.T.);
#6615 = EDGE_CURVE('',#6593,#6616,#6618,.T.);
#6616 = VERTEX_POINT('',#6617);
#6617 = CARTESIAN_POINT('',(111.76,-63.5,1.6));
#6618 = SURFACE_CURVE('',#6619,(#6623,#6630),.PCURVE_S1.);
#6619 = LINE('',#6620,#6621);
#6620 = CARTESIAN_POINT('',(152.4,-63.5,1.6));
#6621 = VECTOR('',#6622,1.);
#6622 = DIRECTION('',(-1.,0.,0.));
#6623 = PCURVE('',#90,#6624);
#6624 = DEFINITIONAL_REPRESENTATION('',(#6625),#6629);
#6625 = LINE('',#6626,#6627);
#6626 = CARTESIAN_POINT('',(-8.629156621162,24.866175035979));
#6627 = VECTOR('',#6628,1.);
#6628 = DIRECTION('',(1.,0.));
#6629 = ( GEOMETRIC_REPRESENTATION_CONTEXT(2) 
PARAMETRIC_REPRESENTATION_CONTEXT() REPRESENTATION_CONTEXT('2D SPACE',''
  ) );
#6630 = PCURVE('',#436,#6631);
#6631 = DEFINITIONAL_REPRESENTATION('',(#6632),#6636);
#6632 = LINE('',#6633,#6634);
#6633 = CARTESIAN_POINT('',(0.,-1.6));
#6634 = VECTOR('',#6635,1.);
#6635 = DIRECTION('',(1.,0.));
#6636 = ( GEOMETRIC_REPRESENTATION_CONTEXT(2) 
PARAMETRIC_REPRESENTATION_CONTEXT() REPRESENTATION_CONTEXT('2D SPACE',''
  ) );
#6637 = ORIENTED_EDGE('',*,*,#6638,.T.);
#6638 = EDGE_CURVE('',#6616,#6639,#6641,.T.);
#6639 = VERTEX_POINT('',#6640);
#6640 = CARTESIAN_POINT('',(111.76,-48.26,1.6));
#6641 = SURFACE_CURVE('',#6642,(#6646,#6653),.PCURVE_S1.);
#6642 = LINE('',#6643,#6644);
#6643 = CARTESIAN_POINT('',(111.76,-63.5,1.6));
#6644 = VECTOR('',#6645,1.);
#6645 = DIRECTION('',(0.,1.,0.));
#6646 = PCURVE('',#90,#6647);
#6647 = DEFINITIONAL_REPRESENTATION('',(#6648),#6652);
#6648 = LINE('',#6649,#6650);
#6649 = CARTESIAN_POINT('',(32.010843378838,24.866175035979));
#6650 = VECTOR('',#6651,1.);
#6651 = DIRECTION('',(0.,1.));
#6652 = ( GEOMETRIC_REPRESENTATION_CONTEXT(2) 
PARAMETRIC_REPRESENTATION_CONTEXT() REPRESENTATION_CONTEXT('2D SPACE',''
  ) );
#6653 = PCURVE('',#464,#6654);
#6654 = DEFINITIONAL_REPRESENTATION('',(#6655),#6659);
#6655 = LINE('',#6656,#6657);
#6656 = CARTESIAN_POINT('',(0.,-1.6));
#6657 = VECTOR('',#6658,1.);
#6658 = DIRECTION('',(1.,0.));
#6659 = ( GEOMETRIC_REPRESENTATION_CONTEXT(2) 
PARAMETRIC_REPRESENTATION_CONTEXT() REPRESENTATION_CONTEXT('2D SPACE',''
  ) );
#6660 = ORIENTED_EDGE('',*,*,#6661,.T.);
#6661 = EDGE_CURVE('',#6639,#162,#6662,.T.);
#6662 = SURFACE_CURVE('',#6663,(#6667,#6674),.PCURVE_S1.);
#6663 = LINE('',#6664,#6665);
#6664 = CARTESIAN_POINT('',(111.76,-48.26,1.6));
#6665 = VECTOR('',#6666,1.);
#6666 = DIRECTION('',(1.,0.,0.));
#6667 = PCURVE('',#90,#6668);
#6668 = DEFINITIONAL_REPRESENTATION('',(#6669),#6673);
#6669 = LINE('',#6670,#6671);
#6670 = CARTESIAN_POINT('',(32.010843378838,40.106175035979));
#6671 = VECTOR('',#6672,1.);
#6672 = DIRECTION('',(-1.,0.));
#6673 = ( GEOMETRIC_REPRESENTATION_CONTEXT(2) 
PARAMETRIC_REPRESENTATION_CONTEXT() REPRESENTATION_CONTEXT('2D SPACE',''
  ) );
#6674 = PCURVE('',#177,#6675);
#6675 = DEFINITIONAL_REPRESENTATION('',(#6676),#6680);
#6676 = LINE('',#6677,#6678);
#6677 = CARTESIAN_POINT('',(0.,-1.6));
#6678 = VECTOR('',#6679,1.);
#6679 = DIRECTION('',(1.,0.));
#6680 = ( GEOMETRIC_REPRESENTATION_CONTEXT(2) 
PARAMETRIC_REPRESENTATION_CONTEXT() REPRESENTATION_CONTEXT('2D SPACE',''
  ) );
#6681 = ORIENTED_EDGE('',*,*,#189,.T.);
#6682 = FACE_BOUND('',#6683,.F.);
#6683 = EDGE_LOOP('',(#6684));
#6684 = ORIENTED_EDGE('',*,*,#6685,.T.);
#6685 = EDGE_CURVE('',#6686,#6686,#6688,.T.);
#6686 = VERTEX_POINT('',#6687);
#6687 = CARTESIAN_POINT('',(165.52,-116.68,1.6));
#6688 = SURFACE_CURVE('',#6689,(#6694,#6705),.PCURVE_S1.);
#6689 = CIRCLE('',#6690,0.5);
#6690 = AXIS2_PLACEMENT_3D('',#6691,#6692,#6693);
#6691 = CARTESIAN_POINT('',(165.02,-116.68,1.6));
#6692 = DIRECTION('',(0.,0.,1.));
#6693 = DIRECTION('',(1.,0.,-0.));
#6694 = PCURVE('',#90,#6695);
#6695 = DEFINITIONAL_REPRESENTATION('',(#6696),#6704);
#6696 = ( BOUNDED_CURVE() B_SPLINE_CURVE(2,(#6697,#6698,#6699,#6700,
#6701,#6702,#6703),.UNSPECIFIED.,.T.,.F.) B_SPLINE_CURVE_WITH_KNOTS((1,2
    ,2,2,2,1),(-2.094395102393,0.,2.094395102393,4.188790204786,
6.28318530718,8.377580409573),.UNSPECIFIED.) CURVE() 
GEOMETRIC_REPRESENTATION_ITEM() RATIONAL_B_SPLINE_CURVE((1.,0.5,1.,0.5,
1.,0.5,1.)) REPRESENTATION_ITEM('') );
#6697 = CARTESIAN_POINT('',(-21.74915662116,-28.31382496402));
#6698 = CARTESIAN_POINT('',(-21.74915662116,-27.44779956023));
#6699 = CARTESIAN_POINT('',(-20.99915662116,-27.88081226212));
#6700 = CARTESIAN_POINT('',(-20.24915662116,-28.31382496402));
#6701 = CARTESIAN_POINT('',(-20.99915662116,-28.74683766591));
#6702 = CARTESIAN_POINT('',(-21.74915662116,-29.1798503678));
#6703 = CARTESIAN_POINT('',(-21.74915662116,-28.31382496402));
#6704 = ( GEOMETRIC_REPRESENTATION_CONTEXT(2) 
PARAMETRIC_REPRESENTATION_CONTEXT() REPRESENTATION_CONTEXT('2D SPACE',''
  ) );
#6705 = PCURVE('',#521,#6706);
#6706 = DEFINITIONAL_REPRESENTATION('',(#6707),#6711);
#6707 = LINE('',#6708,#6709);
#6708 = CARTESIAN_POINT('',(0.,1.61));
#6709 = VECTOR('',#6710,1.);
#6710 = DIRECTION('',(1.,0.));
#6711 = ( GEOMETRIC_REPRESENTATION_CONTEXT(2) 
PARAMETRIC_REPRESENTATION_CONTEXT() REPRESENTATION_CONTEXT('2D SPACE',''
  ) );
#6712 = FACE_BOUND('',#6713,.F.);
#6713 = EDGE_LOOP('',(#6714));
#6714 = ORIENTED_EDGE('',*,*,#6715,.T.);
#6715 = EDGE_CURVE('',#6716,#6716,#6718,.T.);
#6716 = VERTEX_POINT('',#6717);
#6717 = CARTESIAN_POINT('',(170.68,-111.68,1.6));
#6718 = SURFACE_CURVE('',#6719,(#6724,#6735),.PCURVE_S1.);
#6719 = CIRCLE('',#6720,0.5);
#6720 = AXIS2_PLACEMENT_3D('',#6721,#6722,#6723);
#6721 = CARTESIAN_POINT('',(170.18,-111.68,1.6));
#6722 = DIRECTION('',(0.,0.,1.));
#6723 = DIRECTION('',(1.,0.,-0.));
#6724 = PCURVE('',#90,#6725);
#6725 = DEFINITIONAL_REPRESENTATION('',(#6726),#6734);
#6726 = ( BOUNDED_CURVE() B_SPLINE_CURVE(2,(#6727,#6728,#6729,#6730,
#6731,#6732,#6733),.UNSPECIFIED.,.T.,.F.) B_SPLINE_CURVE_WITH_KNOTS((1,2
    ,2,2,2,1),(-2.094395102393,0.,2.094395102393,4.188790204786,
6.28318530718,8.377580409573),.UNSPECIFIED.) CURVE() 
GEOMETRIC_REPRESENTATION_ITEM() RATIONAL_B_SPLINE_CURVE((1.,0.5,1.,0.5,
1.,0.5,1.)) REPRESENTATION_ITEM('') );
#6727 = CARTESIAN_POINT('',(-26.90915662116,-23.31382496402));
#6728 = CARTESIAN_POINT('',(-26.90915662116,-22.44779956023));
#6729 = CARTESIAN_POINT('',(-26.15915662116,-22.88081226212));
#6730 = CARTESIAN_POINT('',(-25.40915662116,-23.31382496402));
#6731 = CARTESIAN_POINT('',(-26.15915662116,-23.74683766591));
#6732 = CARTESIAN_POINT('',(-26.90915662116,-24.1798503678));
#6733 = CARTESIAN_POINT('',(-26.90915662116,-23.31382496402));
#6734 = ( GEOMETRIC_REPRESENTATION_CONTEXT(2) 
PARAMETRIC_REPRESENTATION_CONTEXT() REPRESENTATION_CONTEXT('2D SPACE',''
  ) );
#6735 = PCURVE('',#556,#6736);
#6736 = DEFINITIONAL_REPRESENTATION('',(#6737),#6741);
#6737 = LINE('',#6738,#6739);
#6738 = CARTESIAN_POINT('',(0.,1.61));
#6739 = VECTOR('',#6740,1.);
#6740 = DIRECTION('',(1.,0.));
#6741 = ( GEOMETRIC_REPRESENTATION_CONTEXT(2) 
PARAMETRIC_REPRESENTATION_CONTEXT() REPRESENTATION_CONTEXT('2D SPACE',''
  ) );
#6742 = FACE_BOUND('',#6743,.F.);
#6743 = EDGE_LOOP('',(#6744));
#6744 = ORIENTED_EDGE('',*,*,#6745,.T.);
#6745 = EDGE_CURVE('',#6746,#6746,#6748,.T.);
#6746 = VERTEX_POINT('',#6747);
#6747 = CARTESIAN_POINT('',(170.68,-106.68,1.6));
#6748 = SURFACE_CURVE('',#6749,(#6754,#6765),.PCURVE_S1.);
#6749 = CIRCLE('',#6750,0.5);
#6750 = AXIS2_PLACEMENT_3D('',#6751,#6752,#6753);
#6751 = CARTESIAN_POINT('',(170.18,-106.68,1.6));
#6752 = DIRECTION('',(0.,0.,1.));
#6753 = DIRECTION('',(1.,0.,-0.));
#6754 = PCURVE('',#90,#6755);
#6755 = DEFINITIONAL_REPRESENTATION('',(#6756),#6764);
#6756 = ( BOUNDED_CURVE() B_SPLINE_CURVE(2,(#6757,#6758,#6759,#6760,
#6761,#6762,#6763),.UNSPECIFIED.,.T.,.F.) B_SPLINE_CURVE_WITH_KNOTS((1,2
    ,2,2,2,1),(-2.094395102393,0.,2.094395102393,4.188790204786,
6.28318530718,8.377580409573),.UNSPECIFIED.) CURVE() 
GEOMETRIC_REPRESENTATION_ITEM() RATIONAL_B_SPLINE_CURVE((1.,0.5,1.,0.5,
1.,0.5,1.)) REPRESENTATION_ITEM('') );
#6757 = CARTESIAN_POINT('',(-26.90915662116,-18.31382496402));
#6758 = CARTESIAN_POINT('',(-26.90915662116,-17.44779956023));
#6759 = CARTESIAN_POINT('',(-26.15915662116,-17.88081226212));
#6760 = CARTESIAN_POINT('',(-25.40915662116,-18.31382496402));
#6761 = CARTESIAN_POINT('',(-26.15915662116,-18.74683766591));
#6762 = CARTESIAN_POINT('',(-26.90915662116,-19.1798503678));
#6763 = CARTESIAN_POINT('',(-26.90915662116,-18.31382496402));
#6764 = ( GEOMETRIC_REPRESENTATION_CONTEXT(2) 
PARAMETRIC_REPRESENTATION_CONTEXT() REPRESENTATION_CONTEXT('2D SPACE',''
  ) );
#6765 = PCURVE('',#591,#6766);
#6766 = DEFINITIONAL_REPRESENTATION('',(#6767),#6771);
#6767 = LINE('',#6768,#6769);
#6768 = CARTESIAN_POINT('',(0.,1.61));
#6769 = VECTOR('',#6770,1.);
#6770 = DIRECTION('',(1.,0.));
#6771 = ( GEOMETRIC_REPRESENTATION_CONTEXT(2) 
PARAMETRIC_REPRESENTATION_CONTEXT() REPRESENTATION_CONTEXT('2D SPACE',''
  ) );
#6772 = FACE_BOUND('',#6773,.F.);
#6773 = EDGE_LOOP('',(#6774));
#6774 = ORIENTED_EDGE('',*,*,#6775,.T.);
#6775 = EDGE_CURVE('',#6776,#6776,#6778,.T.);
#6776 = VERTEX_POINT('',#6777);
#6777 = CARTESIAN_POINT('',(160.52,-116.68,1.6));
#6778 = SURFACE_CURVE('',#6779,(#6784,#6795),.PCURVE_S1.);
#6779 = CIRCLE('',#6780,0.5);
#6780 = AXIS2_PLACEMENT_3D('',#6781,#6782,#6783);
#6781 = CARTESIAN_POINT('',(160.02,-116.68,1.6));
#6782 = DIRECTION('',(0.,0.,1.));
#6783 = DIRECTION('',(1.,0.,-0.));
#6784 = PCURVE('',#90,#6785);
#6785 = DEFINITIONAL_REPRESENTATION('',(#6786),#6794);
#6786 = ( BOUNDED_CURVE() B_SPLINE_CURVE(2,(#6787,#6788,#6789,#6790,
#6791,#6792,#6793),.UNSPECIFIED.,.T.,.F.) B_SPLINE_CURVE_WITH_KNOTS((1,2
    ,2,2,2,1),(-2.094395102393,0.,2.094395102393,4.188790204786,
6.28318530718,8.377580409573),.UNSPECIFIED.) CURVE() 
GEOMETRIC_REPRESENTATION_ITEM() RATIONAL_B_SPLINE_CURVE((1.,0.5,1.,0.5,
1.,0.5,1.)) REPRESENTATION_ITEM('') );
#6787 = CARTESIAN_POINT('',(-16.74915662116,-28.31382496402));
#6788 = CARTESIAN_POINT('',(-16.74915662116,-27.44779956023));
#6789 = CARTESIAN_POINT('',(-15.99915662116,-27.88081226212));
#6790 = CARTESIAN_POINT('',(-15.24915662116,-28.31382496402));
#6791 = CARTESIAN_POINT('',(-15.99915662116,-28.74683766591));
#6792 = CARTESIAN_POINT('',(-16.74915662116,-29.1798503678));
#6793 = CARTESIAN_POINT('',(-16.74915662116,-28.31382496402));
#6794 = ( GEOMETRIC_REPRESENTATION_CONTEXT(2) 
PARAMETRIC_REPRESENTATION_CONTEXT() REPRESENTATION_CONTEXT('2D SPACE',''
  ) );
#6795 = PCURVE('',#626,#6796);
#6796 = DEFINITIONAL_REPRESENTATION('',(#6797),#6801);
#6797 = LINE('',#6798,#6799);
#6798 = CARTESIAN_POINT('',(0.,1.61));
#6799 = VECTOR('',#6800,1.);
#6800 = DIRECTION('',(1.,0.));
#6801 = ( GEOMETRIC_REPRESENTATION_CONTEXT(2) 
PARAMETRIC_REPRESENTATION_CONTEXT() REPRESENTATION_CONTEXT('2D SPACE',''
  ) );
#6802 = FACE_BOUND('',#6803,.F.);
#6803 = EDGE_LOOP('',(#6804));
#6804 = ORIENTED_EDGE('',*,*,#6805,.T.);
#6805 = EDGE_CURVE('',#6806,#6806,#6808,.T.);
#6806 = VERTEX_POINT('',#6807);
#6807 = CARTESIAN_POINT('',(160.52,-111.68,1.6));
#6808 = SURFACE_CURVE('',#6809,(#6814,#6825),.PCURVE_S1.);
#6809 = CIRCLE('',#6810,0.5);
#6810 = AXIS2_PLACEMENT_3D('',#6811,#6812,#6813);
#6811 = CARTESIAN_POINT('',(160.02,-111.68,1.6));
#6812 = DIRECTION('',(0.,0.,1.));
#6813 = DIRECTION('',(1.,0.,-0.));
#6814 = PCURVE('',#90,#6815);
#6815 = DEFINITIONAL_REPRESENTATION('',(#6816),#6824);
#6816 = ( BOUNDED_CURVE() B_SPLINE_CURVE(2,(#6817,#6818,#6819,#6820,
#6821,#6822,#6823),.UNSPECIFIED.,.T.,.F.) B_SPLINE_CURVE_WITH_KNOTS((1,2
    ,2,2,2,1),(-2.094395102393,0.,2.094395102393,4.188790204786,
6.28318530718,8.377580409573),.UNSPECIFIED.) CURVE() 
GEOMETRIC_REPRESENTATION_ITEM() RATIONAL_B_SPLINE_CURVE((1.,0.5,1.,0.5,
1.,0.5,1.)) REPRESENTATION_ITEM('') );
#6817 = CARTESIAN_POINT('',(-16.74915662116,-23.31382496402));
#6818 = CARTESIAN_POINT('',(-16.74915662116,-22.44779956023));
#6819 = CARTESIAN_POINT('',(-15.99915662116,-22.88081226212));
#6820 = CARTESIAN_POINT('',(-15.24915662116,-23.31382496402));
#6821 = CARTESIAN_POINT('',(-15.99915662116,-23.74683766591));
#6822 = CARTESIAN_POINT('',(-16.74915662116,-24.1798503678));
#6823 = CARTESIAN_POINT('',(-16.74915662116,-23.31382496402));
#6824 = ( GEOMETRIC_REPRESENTATION_CONTEXT(2) 
PARAMETRIC_REPRESENTATION_CONTEXT() REPRESENTATION_CONTEXT('2D SPACE',''
  ) );
#6825 = PCURVE('',#661,#6826);
#6826 = DEFINITIONAL_REPRESENTATION('',(#6827),#6831);
#6827 = LINE('',#6828,#6829);
#6828 = CARTESIAN_POINT('',(0.,1.61));
#6829 = VECTOR('',#6830,1.);
#6830 = DIRECTION('',(1.,0.));
#6831 = ( GEOMETRIC_REPRESENTATION_CONTEXT(2) 
PARAMETRIC_REPRESENTATION_CONTEXT() REPRESENTATION_CONTEXT('2D SPACE',''
  ) );
#6832 = FACE_BOUND('',#6833,.F.);
#6833 = EDGE_LOOP('',(#6834));
#6834 = ORIENTED_EDGE('',*,*,#6835,.T.);
#6835 = EDGE_CURVE('',#6836,#6836,#6838,.T.);
#6836 = VERTEX_POINT('',#6837);
#6837 = CARTESIAN_POINT('',(150.08,-119.16,1.6));
#6838 = SURFACE_CURVE('',#6839,(#6844,#6855),.PCURVE_S1.);
#6839 = CIRCLE('',#6840,0.5);
#6840 = AXIS2_PLACEMENT_3D('',#6841,#6842,#6843);
#6841 = CARTESIAN_POINT('',(149.58,-119.16,1.6));
#6842 = DIRECTION('',(0.,0.,1.));
#6843 = DIRECTION('',(1.,0.,-0.));
#6844 = PCURVE('',#90,#6845);
#6845 = DEFINITIONAL_REPRESENTATION('',(#6846),#6854);
#6846 = ( BOUNDED_CURVE() B_SPLINE_CURVE(2,(#6847,#6848,#6849,#6850,
#6851,#6852,#6853),.UNSPECIFIED.,.T.,.F.) B_SPLINE_CURVE_WITH_KNOTS((1,2
    ,2,2,2,1),(-2.094395102393,0.,2.094395102393,4.188790204786,
6.28318530718,8.377580409573),.UNSPECIFIED.) CURVE() 
GEOMETRIC_REPRESENTATION_ITEM() RATIONAL_B_SPLINE_CURVE((1.,0.5,1.,0.5,
1.,0.5,1.)) REPRESENTATION_ITEM('') );
#6847 = CARTESIAN_POINT('',(-6.309156621162,-30.79382496402));
#6848 = CARTESIAN_POINT('',(-6.309156621162,-29.92779956023));
#6849 = CARTESIAN_POINT('',(-5.559156621162,-30.36081226212));
#6850 = CARTESIAN_POINT('',(-4.809156621162,-30.79382496402));
#6851 = CARTESIAN_POINT('',(-5.559156621162,-31.22683766591));
#6852 = CARTESIAN_POINT('',(-6.309156621162,-31.6598503678));
#6853 = CARTESIAN_POINT('',(-6.309156621162,-30.79382496402));
#6854 = ( GEOMETRIC_REPRESENTATION_CONTEXT(2) 
PARAMETRIC_REPRESENTATION_CONTEXT() REPRESENTATION_CONTEXT('2D SPACE',''
  ) );
#6855 = PCURVE('',#696,#6856);
#6856 = DEFINITIONAL_REPRESENTATION('',(#6857),#6861);
#6857 = LINE('',#6858,#6859);
#6858 = CARTESIAN_POINT('',(0.,1.61));
#6859 = VECTOR('',#6860,1.);
#6860 = DIRECTION('',(1.,0.));
#6861 = ( GEOMETRIC_REPRESENTATION_CONTEXT(2) 
PARAMETRIC_REPRESENTATION_CONTEXT() REPRESENTATION_CONTEXT('2D SPACE',''
  ) );
#6862 = FACE_BOUND('',#6863,.F.);
#6863 = EDGE_LOOP('',(#6864));
#6864 = ORIENTED_EDGE('',*,*,#6865,.T.);
#6865 = EDGE_CURVE('',#6866,#6866,#6868,.T.);
#6866 = VERTEX_POINT('',#6867);
#6867 = CARTESIAN_POINT('',(147.54,-119.16,1.6));
#6868 = SURFACE_CURVE('',#6869,(#6874,#6885),.PCURVE_S1.);
#6869 = CIRCLE('',#6870,0.5);
#6870 = AXIS2_PLACEMENT_3D('',#6871,#6872,#6873);
#6871 = CARTESIAN_POINT('',(147.04,-119.16,1.6));
#6872 = DIRECTION('',(0.,0.,1.));
#6873 = DIRECTION('',(1.,0.,-0.));
#6874 = PCURVE('',#90,#6875);
#6875 = DEFINITIONAL_REPRESENTATION('',(#6876),#6884);
#6876 = ( BOUNDED_CURVE() B_SPLINE_CURVE(2,(#6877,#6878,#6879,#6880,
#6881,#6882,#6883),.UNSPECIFIED.,.T.,.F.) B_SPLINE_CURVE_WITH_KNOTS((1,2
    ,2,2,2,1),(-2.094395102393,0.,2.094395102393,4.188790204786,
6.28318530718,8.377580409573),.UNSPECIFIED.) CURVE() 
GEOMETRIC_REPRESENTATION_ITEM() RATIONAL_B_SPLINE_CURVE((1.,0.5,1.,0.5,
1.,0.5,1.)) REPRESENTATION_ITEM('') );
#6877 = CARTESIAN_POINT('',(-3.769156621162,-30.79382496402));
#6878 = CARTESIAN_POINT('',(-3.769156621162,-29.92779956023));
#6879 = CARTESIAN_POINT('',(-3.019156621162,-30.36081226212));
#6880 = CARTESIAN_POINT('',(-2.269156621162,-30.79382496402));
#6881 = CARTESIAN_POINT('',(-3.019156621162,-31.22683766591));
#6882 = CARTESIAN_POINT('',(-3.769156621162,-31.6598503678));
#6883 = CARTESIAN_POINT('',(-3.769156621162,-30.79382496402));
#6884 = ( GEOMETRIC_REPRESENTATION_CONTEXT(2) 
PARAMETRIC_REPRESENTATION_CONTEXT() REPRESENTATION_CONTEXT('2D SPACE',''
  ) );
#6885 = PCURVE('',#731,#6886);
#6886 = DEFINITIONAL_REPRESENTATION('',(#6887),#6891);
#6887 = LINE('',#6888,#6889);
#6888 = CARTESIAN_POINT('',(0.,1.61));
#6889 = VECTOR('',#6890,1.);
#6890 = DIRECTION('',(1.,0.));
#6891 = ( GEOMETRIC_REPRESENTATION_CONTEXT(2) 
PARAMETRIC_REPRESENTATION_CONTEXT() REPRESENTATION_CONTEXT('2D SPACE',''
  ) );
#6892 = FACE_BOUND('',#6893,.F.);
#6893 = EDGE_LOOP('',(#6894));
#6894 = ORIENTED_EDGE('',*,*,#6895,.T.);
#6895 = EDGE_CURVE('',#6896,#6896,#6898,.T.);
#6896 = VERTEX_POINT('',#6897);
#6897 = CARTESIAN_POINT('',(150.08,-116.6,1.6));
#6898 = SURFACE_CURVE('',#6899,(#6904,#6915),.PCURVE_S1.);
#6899 = CIRCLE('',#6900,0.5);
#6900 = AXIS2_PLACEMENT_3D('',#6901,#6902,#6903);
#6901 = CARTESIAN_POINT('',(149.58,-116.6,1.6));
#6902 = DIRECTION('',(0.,0.,1.));
#6903 = DIRECTION('',(1.,0.,-0.));
#6904 = PCURVE('',#90,#6905);
#6905 = DEFINITIONAL_REPRESENTATION('',(#6906),#6914);
#6906 = ( BOUNDED_CURVE() B_SPLINE_CURVE(2,(#6907,#6908,#6909,#6910,
#6911,#6912,#6913),.UNSPECIFIED.,.T.,.F.) B_SPLINE_CURVE_WITH_KNOTS((1,2
    ,2,2,2,1),(-2.094395102393,0.,2.094395102393,4.188790204786,
6.28318530718,8.377580409573),.UNSPECIFIED.) CURVE() 
GEOMETRIC_REPRESENTATION_ITEM() RATIONAL_B_SPLINE_CURVE((1.,0.5,1.,0.5,
1.,0.5,1.)) REPRESENTATION_ITEM('') );
#6907 = CARTESIAN_POINT('',(-6.309156621162,-28.23382496402));
#6908 = CARTESIAN_POINT('',(-6.309156621162,-27.36779956023));
#6909 = CARTESIAN_POINT('',(-5.559156621162,-27.80081226212));
#6910 = CARTESIAN_POINT('',(-4.809156621162,-28.23382496402));
#6911 = CARTESIAN_POINT('',(-5.559156621162,-28.66683766591));
#6912 = CARTESIAN_POINT('',(-6.309156621162,-29.0998503678));
#6913 = CARTESIAN_POINT('',(-6.309156621162,-28.23382496402));
#6914 = ( GEOMETRIC_REPRESENTATION_CONTEXT(2) 
PARAMETRIC_REPRESENTATION_CONTEXT() REPRESENTATION_CONTEXT('2D SPACE',''
  ) );
#6915 = PCURVE('',#766,#6916);
#6916 = DEFINITIONAL_REPRESENTATION('',(#6917),#6921);
#6917 = LINE('',#6918,#6919);
#6918 = CARTESIAN_POINT('',(0.,1.61));
#6919 = VECTOR('',#6920,1.);
#6920 = DIRECTION('',(1.,0.));
#6921 = ( GEOMETRIC_REPRESENTATION_CONTEXT(2) 
PARAMETRIC_REPRESENTATION_CONTEXT() REPRESENTATION_CONTEXT('2D SPACE',''
  ) );
#6922 = FACE_BOUND('',#6923,.F.);
#6923 = EDGE_LOOP('',(#6924));
#6924 = ORIENTED_EDGE('',*,*,#6925,.T.);
#6925 = EDGE_CURVE('',#6926,#6926,#6928,.T.);
#6926 = VERTEX_POINT('',#6927);
#6927 = CARTESIAN_POINT('',(147.54,-116.6,1.6));
#6928 = SURFACE_CURVE('',#6929,(#6934,#6945),.PCURVE_S1.);
#6929 = CIRCLE('',#6930,0.5);
#6930 = AXIS2_PLACEMENT_3D('',#6931,#6932,#6933);
#6931 = CARTESIAN_POINT('',(147.04,-116.6,1.6));
#6932 = DIRECTION('',(0.,0.,1.));
#6933 = DIRECTION('',(1.,0.,-0.));
#6934 = PCURVE('',#90,#6935);
#6935 = DEFINITIONAL_REPRESENTATION('',(#6936),#6944);
#6936 = ( BOUNDED_CURVE() B_SPLINE_CURVE(2,(#6937,#6938,#6939,#6940,
#6941,#6942,#6943),.UNSPECIFIED.,.T.,.F.) B_SPLINE_CURVE_WITH_KNOTS((1,2
    ,2,2,2,1),(-2.094395102393,0.,2.094395102393,4.188790204786,
6.28318530718,8.377580409573),.UNSPECIFIED.) CURVE() 
GEOMETRIC_REPRESENTATION_ITEM() RATIONAL_B_SPLINE_CURVE((1.,0.5,1.,0.5,
1.,0.5,1.)) REPRESENTATION_ITEM('') );
#6937 = CARTESIAN_POINT('',(-3.769156621162,-28.23382496402));
#6938 = CARTESIAN_POINT('',(-3.769156621162,-27.36779956023));
#6939 = CARTESIAN_POINT('',(-3.019156621162,-27.80081226212));
#6940 = CARTESIAN_POINT('',(-2.269156621162,-28.23382496402));
#6941 = CARTESIAN_POINT('',(-3.019156621162,-28.66683766591));
#6942 = CARTESIAN_POINT('',(-3.769156621162,-29.0998503678));
#6943 = CARTESIAN_POINT('',(-3.769156621162,-28.23382496402));
#6944 = ( GEOMETRIC_REPRESENTATION_CONTEXT(2) 
PARAMETRIC_REPRESENTATION_CONTEXT() REPRESENTATION_CONTEXT('2D SPACE',''
  ) );
#6945 = PCURVE('',#801,#6946);
#6946 = DEFINITIONAL_REPRESENTATION('',(#6947),#6951);
#6947 = LINE('',#6948,#6949);
#6948 = CARTESIAN_POINT('',(0.,1.61));
#6949 = VECTOR('',#6950,1.);
#6950 = DIRECTION('',(1.,0.));
#6951 = ( GEOMETRIC_REPRESENTATION_CONTEXT(2) 
PARAMETRIC_REPRESENTATION_CONTEXT() REPRESENTATION_CONTEXT('2D SPACE',''
  ) );
#6952 = FACE_BOUND('',#6953,.F.);
#6953 = EDGE_LOOP('',(#6954));
#6954 = ORIENTED_EDGE('',*,*,#6955,.T.);
#6955 = EDGE_CURVE('',#6956,#6956,#6958,.T.);
#6956 = VERTEX_POINT('',#6957);
#6957 = CARTESIAN_POINT('',(145.,-119.16,1.6));
#6958 = SURFACE_CURVE('',#6959,(#6964,#6975),.PCURVE_S1.);
#6959 = CIRCLE('',#6960,0.5);
#6960 = AXIS2_PLACEMENT_3D('',#6961,#6962,#6963);
#6961 = CARTESIAN_POINT('',(144.5,-119.16,1.6));
#6962 = DIRECTION('',(0.,0.,1.));
#6963 = DIRECTION('',(1.,0.,-0.));
#6964 = PCURVE('',#90,#6965);
#6965 = DEFINITIONAL_REPRESENTATION('',(#6966),#6974);
#6966 = ( BOUNDED_CURVE() B_SPLINE_CURVE(2,(#6967,#6968,#6969,#6970,
#6971,#6972,#6973),.UNSPECIFIED.,.T.,.F.) B_SPLINE_CURVE_WITH_KNOTS((1,2
    ,2,2,2,1),(-2.094395102393,0.,2.094395102393,4.188790204786,
6.28318530718,8.377580409573),.UNSPECIFIED.) CURVE() 
GEOMETRIC_REPRESENTATION_ITEM() RATIONAL_B_SPLINE_CURVE((1.,0.5,1.,0.5,
1.,0.5,1.)) REPRESENTATION_ITEM('') );
#6967 = CARTESIAN_POINT('',(-1.229156621162,-30.79382496402));
#6968 = CARTESIAN_POINT('',(-1.229156621162,-29.92779956023));
#6969 = CARTESIAN_POINT('',(-0.479156621162,-30.36081226212));
#6970 = CARTESIAN_POINT('',(0.270843378838,-30.79382496402));
#6971 = CARTESIAN_POINT('',(-0.479156621162,-31.22683766591));
#6972 = CARTESIAN_POINT('',(-1.229156621162,-31.6598503678));
#6973 = CARTESIAN_POINT('',(-1.229156621162,-30.79382496402));
#6974 = ( GEOMETRIC_REPRESENTATION_CONTEXT(2) 
PARAMETRIC_REPRESENTATION_CONTEXT() REPRESENTATION_CONTEXT('2D SPACE',''
  ) );
#6975 = PCURVE('',#836,#6976);
#6976 = DEFINITIONAL_REPRESENTATION('',(#6977),#6981);
#6977 = LINE('',#6978,#6979);
#6978 = CARTESIAN_POINT('',(0.,1.61));
#6979 = VECTOR('',#6980,1.);
#6980 = DIRECTION('',(1.,0.));
#6981 = ( GEOMETRIC_REPRESENTATION_CONTEXT(2) 
PARAMETRIC_REPRESENTATION_CONTEXT() REPRESENTATION_CONTEXT('2D SPACE',''
  ) );
#6982 = FACE_BOUND('',#6983,.F.);
#6983 = EDGE_LOOP('',(#6984));
#6984 = ORIENTED_EDGE('',*,*,#6985,.T.);
#6985 = EDGE_CURVE('',#6986,#6986,#6988,.T.);
#6986 = VERTEX_POINT('',#6987);
#6987 = CARTESIAN_POINT('',(142.46,-119.16,1.6));
#6988 = SURFACE_CURVE('',#6989,(#6994,#7005),.PCURVE_S1.);
#6989 = CIRCLE('',#6990,0.5);
#6990 = AXIS2_PLACEMENT_3D('',#6991,#6992,#6993);
#6991 = CARTESIAN_POINT('',(141.96,-119.16,1.6));
#6992 = DIRECTION('',(0.,0.,1.));
#6993 = DIRECTION('',(1.,0.,-0.));
#6994 = PCURVE('',#90,#6995);
#6995 = DEFINITIONAL_REPRESENTATION('',(#6996),#7004);
#6996 = ( BOUNDED_CURVE() B_SPLINE_CURVE(2,(#6997,#6998,#6999,#7000,
#7001,#7002,#7003),.UNSPECIFIED.,.T.,.F.) B_SPLINE_CURVE_WITH_KNOTS((1,2
    ,2,2,2,1),(-2.094395102393,0.,2.094395102393,4.188790204786,
6.28318530718,8.377580409573),.UNSPECIFIED.) CURVE() 
GEOMETRIC_REPRESENTATION_ITEM() RATIONAL_B_SPLINE_CURVE((1.,0.5,1.,0.5,
1.,0.5,1.)) REPRESENTATION_ITEM('') );
#6997 = CARTESIAN_POINT('',(1.310843378838,-30.79382496402));
#6998 = CARTESIAN_POINT('',(1.310843378838,-29.92779956023));
#6999 = CARTESIAN_POINT('',(2.060843378838,-30.36081226212));
#7000 = CARTESIAN_POINT('',(2.810843378838,-30.79382496402));
#7001 = CARTESIAN_POINT('',(2.060843378838,-31.22683766591));
#7002 = CARTESIAN_POINT('',(1.310843378838,-31.6598503678));
#7003 = CARTESIAN_POINT('',(1.310843378838,-30.79382496402));
#7004 = ( GEOMETRIC_REPRESENTATION_CONTEXT(2) 
PARAMETRIC_REPRESENTATION_CONTEXT() REPRESENTATION_CONTEXT('2D SPACE',''
  ) );
#7005 = PCURVE('',#871,#7006);
#7006 = DEFINITIONAL_REPRESENTATION('',(#7007),#7011);
#7007 = LINE('',#7008,#7009);
#7008 = CARTESIAN_POINT('',(0.,1.61));
#7009 = VECTOR('',#7010,1.);
#7010 = DIRECTION('',(1.,0.));
#7011 = ( GEOMETRIC_REPRESENTATION_CONTEXT(2) 
PARAMETRIC_REPRESENTATION_CONTEXT() REPRESENTATION_CONTEXT('2D SPACE',''
  ) );
#7012 = FACE_BOUND('',#7013,.F.);
#7013 = EDGE_LOOP('',(#7014));
#7014 = ORIENTED_EDGE('',*,*,#7015,.T.);
#7015 = EDGE_CURVE('',#7016,#7016,#7018,.T.);
#7016 = VERTEX_POINT('',#7017);
#7017 = CARTESIAN_POINT('',(145.,-116.6,1.6));
#7018 = SURFACE_CURVE('',#7019,(#7024,#7035),.PCURVE_S1.);
#7019 = CIRCLE('',#7020,0.5);
#7020 = AXIS2_PLACEMENT_3D('',#7021,#7022,#7023);
#7021 = CARTESIAN_POINT('',(144.5,-116.6,1.6));
#7022 = DIRECTION('',(0.,0.,1.));
#7023 = DIRECTION('',(1.,0.,-0.));
#7024 = PCURVE('',#90,#7025);
#7025 = DEFINITIONAL_REPRESENTATION('',(#7026),#7034);
#7026 = ( BOUNDED_CURVE() B_SPLINE_CURVE(2,(#7027,#7028,#7029,#7030,
#7031,#7032,#7033),.UNSPECIFIED.,.T.,.F.) B_SPLINE_CURVE_WITH_KNOTS((1,2
    ,2,2,2,1),(-2.094395102393,0.,2.094395102393,4.188790204786,
6.28318530718,8.377580409573),.UNSPECIFIED.) CURVE() 
GEOMETRIC_REPRESENTATION_ITEM() RATIONAL_B_SPLINE_CURVE((1.,0.5,1.,0.5,
1.,0.5,1.)) REPRESENTATION_ITEM('') );
#7027 = CARTESIAN_POINT('',(-1.229156621162,-28.23382496402));
#7028 = CARTESIAN_POINT('',(-1.229156621162,-27.36779956023));
#7029 = CARTESIAN_POINT('',(-0.479156621162,-27.80081226212));
#7030 = CARTESIAN_POINT('',(0.270843378838,-28.23382496402));
#7031 = CARTESIAN_POINT('',(-0.479156621162,-28.66683766591));
#7032 = CARTESIAN_POINT('',(-1.229156621162,-29.0998503678));
#7033 = CARTESIAN_POINT('',(-1.229156621162,-28.23382496402));
#7034 = ( GEOMETRIC_REPRESENTATION_CONTEXT(2) 
PARAMETRIC_REPRESENTATION_CONTEXT() REPRESENTATION_CONTEXT('2D SPACE',''
  ) );
#7035 = PCURVE('',#906,#7036);
#7036 = DEFINITIONAL_REPRESENTATION('',(#7037),#7041);
#7037 = LINE('',#7038,#7039);
#7038 = CARTESIAN_POINT('',(0.,1.61));
#7039 = VECTOR('',#7040,1.);
#7040 = DIRECTION('',(1.,0.));
#7041 = ( GEOMETRIC_REPRESENTATION_CONTEXT(2) 
PARAMETRIC_REPRESENTATION_CONTEXT() REPRESENTATION_CONTEXT('2D SPACE',''
  ) );
#7042 = FACE_BOUND('',#7043,.F.);
#7043 = EDGE_LOOP('',(#7044));
#7044 = ORIENTED_EDGE('',*,*,#7045,.T.);
#7045 = EDGE_CURVE('',#7046,#7046,#7048,.T.);
#7046 = VERTEX_POINT('',#7047);
#7047 = CARTESIAN_POINT('',(142.46,-116.6,1.6));
#7048 = SURFACE_CURVE('',#7049,(#7054,#7065),.PCURVE_S1.);
#7049 = CIRCLE('',#7050,0.5);
#7050 = AXIS2_PLACEMENT_3D('',#7051,#7052,#7053);
#7051 = CARTESIAN_POINT('',(141.96,-116.6,1.6));
#7052 = DIRECTION('',(0.,0.,1.));
#7053 = DIRECTION('',(1.,0.,-0.));
#7054 = PCURVE('',#90,#7055);
#7055 = DEFINITIONAL_REPRESENTATION('',(#7056),#7064);
#7056 = ( BOUNDED_CURVE() B_SPLINE_CURVE(2,(#7057,#7058,#7059,#7060,
#7061,#7062,#7063),.UNSPECIFIED.,.T.,.F.) B_SPLINE_CURVE_WITH_KNOTS((1,2
    ,2,2,2,1),(-2.094395102393,0.,2.094395102393,4.188790204786,
6.28318530718,8.377580409573),.UNSPECIFIED.) CURVE() 
GEOMETRIC_REPRESENTATION_ITEM() RATIONAL_B_SPLINE_CURVE((1.,0.5,1.,0.5,
1.,0.5,1.)) REPRESENTATION_ITEM('') );
#7057 = CARTESIAN_POINT('',(1.310843378838,-28.23382496402));
#7058 = CARTESIAN_POINT('',(1.310843378838,-27.36779956023));
#7059 = CARTESIAN_POINT('',(2.060843378838,-27.80081226212));
#7060 = CARTESIAN_POINT('',(2.810843378838,-28.23382496402));
#7061 = CARTESIAN_POINT('',(2.060843378838,-28.66683766591));
#7062 = CARTESIAN_POINT('',(1.310843378838,-29.0998503678));
#7063 = CARTESIAN_POINT('',(1.310843378838,-28.23382496402));
#7064 = ( GEOMETRIC_REPRESENTATION_CONTEXT(2) 
PARAMETRIC_REPRESENTATION_CONTEXT() REPRESENTATION_CONTEXT('2D SPACE',''
  ) );
#7065 = PCURVE('',#941,#7066);
#7066 = DEFINITIONAL_REPRESENTATION('',(#7067),#7071);
#7067 = LINE('',#7068,#7069);
#7068 = CARTESIAN_POINT('',(0.,1.61));
#7069 = VECTOR('',#7070,1.);
#7070 = DIRECTION('',(1.,0.));
#7071 = ( GEOMETRIC_REPRESENTATION_CONTEXT(2) 
PARAMETRIC_REPRESENTATION_CONTEXT() REPRESENTATION_CONTEXT('2D SPACE',''
  ) );
#7072 = FACE_BOUND('',#7073,.F.);
#7073 = EDGE_LOOP('',(#7074));
#7074 = ORIENTED_EDGE('',*,*,#7075,.T.);
#7075 = EDGE_CURVE('',#7076,#7076,#7078,.T.);
#7076 = VERTEX_POINT('',#7077);
#7077 = CARTESIAN_POINT('',(150.08,-114.04,1.6));
#7078 = SURFACE_CURVE('',#7079,(#7084,#7095),.PCURVE_S1.);
#7079 = CIRCLE('',#7080,0.5);
#7080 = AXIS2_PLACEMENT_3D('',#7081,#7082,#7083);
#7081 = CARTESIAN_POINT('',(149.58,-114.04,1.6));
#7082 = DIRECTION('',(0.,0.,1.));
#7083 = DIRECTION('',(1.,0.,-0.));
#7084 = PCURVE('',#90,#7085);
#7085 = DEFINITIONAL_REPRESENTATION('',(#7086),#7094);
#7086 = ( BOUNDED_CURVE() B_SPLINE_CURVE(2,(#7087,#7088,#7089,#7090,
#7091,#7092,#7093),.UNSPECIFIED.,.T.,.F.) B_SPLINE_CURVE_WITH_KNOTS((1,2
    ,2,2,2,1),(-2.094395102393,0.,2.094395102393,4.188790204786,
6.28318530718,8.377580409573),.UNSPECIFIED.) CURVE() 
GEOMETRIC_REPRESENTATION_ITEM() RATIONAL_B_SPLINE_CURVE((1.,0.5,1.,0.5,
1.,0.5,1.)) REPRESENTATION_ITEM('') );
#7087 = CARTESIAN_POINT('',(-6.309156621162,-25.67382496402));
#7088 = CARTESIAN_POINT('',(-6.309156621162,-24.80779956023));
#7089 = CARTESIAN_POINT('',(-5.559156621162,-25.24081226212));
#7090 = CARTESIAN_POINT('',(-4.809156621162,-25.67382496402));
#7091 = CARTESIAN_POINT('',(-5.559156621162,-26.10683766591));
#7092 = CARTESIAN_POINT('',(-6.309156621162,-26.5398503678));
#7093 = CARTESIAN_POINT('',(-6.309156621162,-25.67382496402));
#7094 = ( GEOMETRIC_REPRESENTATION_CONTEXT(2) 
PARAMETRIC_REPRESENTATION_CONTEXT() REPRESENTATION_CONTEXT('2D SPACE',''
  ) );
#7095 = PCURVE('',#976,#7096);
#7096 = DEFINITIONAL_REPRESENTATION('',(#7097),#7101);
#7097 = LINE('',#7098,#7099);
#7098 = CARTESIAN_POINT('',(0.,1.61));
#7099 = VECTOR('',#7100,1.);
#7100 = DIRECTION('',(1.,0.));
#7101 = ( GEOMETRIC_REPRESENTATION_CONTEXT(2) 
PARAMETRIC_REPRESENTATION_CONTEXT() REPRESENTATION_CONTEXT('2D SPACE',''
  ) );
#7102 = FACE_BOUND('',#7103,.F.);
#7103 = EDGE_LOOP('',(#7104));
#7104 = ORIENTED_EDGE('',*,*,#7105,.T.);
#7105 = EDGE_CURVE('',#7106,#7106,#7108,.T.);
#7106 = VERTEX_POINT('',#7107);
#7107 = CARTESIAN_POINT('',(147.54,-114.04,1.6));
#7108 = SURFACE_CURVE('',#7109,(#7114,#7125),.PCURVE_S1.);
#7109 = CIRCLE('',#7110,0.5);
#7110 = AXIS2_PLACEMENT_3D('',#7111,#7112,#7113);
#7111 = CARTESIAN_POINT('',(147.04,-114.04,1.6));
#7112 = DIRECTION('',(0.,0.,1.));
#7113 = DIRECTION('',(1.,0.,-0.));
#7114 = PCURVE('',#90,#7115);
#7115 = DEFINITIONAL_REPRESENTATION('',(#7116),#7124);
#7116 = ( BOUNDED_CURVE() B_SPLINE_CURVE(2,(#7117,#7118,#7119,#7120,
#7121,#7122,#7123),.UNSPECIFIED.,.T.,.F.) B_SPLINE_CURVE_WITH_KNOTS((1,2
    ,2,2,2,1),(-2.094395102393,0.,2.094395102393,4.188790204786,
6.28318530718,8.377580409573),.UNSPECIFIED.) CURVE() 
GEOMETRIC_REPRESENTATION_ITEM() RATIONAL_B_SPLINE_CURVE((1.,0.5,1.,0.5,
1.,0.5,1.)) REPRESENTATION_ITEM('') );
#7117 = CARTESIAN_POINT('',(-3.769156621162,-25.67382496402));
#7118 = CARTESIAN_POINT('',(-3.769156621162,-24.80779956023));
#7119 = CARTESIAN_POINT('',(-3.019156621162,-25.24081226212));
#7120 = CARTESIAN_POINT('',(-2.269156621162,-25.67382496402));
#7121 = CARTESIAN_POINT('',(-3.019156621162,-26.10683766591));
#7122 = CARTESIAN_POINT('',(-3.769156621162,-26.5398503678));
#7123 = CARTESIAN_POINT('',(-3.769156621162,-25.67382496402));
#7124 = ( GEOMETRIC_REPRESENTATION_CONTEXT(2) 
PARAMETRIC_REPRESENTATION_CONTEXT() REPRESENTATION_CONTEXT('2D SPACE',''
  ) );
#7125 = PCURVE('',#1011,#7126);
#7126 = DEFINITIONAL_REPRESENTATION('',(#7127),#7131);
#7127 = LINE('',#7128,#7129);
#7128 = CARTESIAN_POINT('',(0.,1.61));
#7129 = VECTOR('',#7130,1.);
#7130 = DIRECTION('',(1.,0.));
#7131 = ( GEOMETRIC_REPRESENTATION_CONTEXT(2) 
PARAMETRIC_REPRESENTATION_CONTEXT() REPRESENTATION_CONTEXT('2D SPACE',''
  ) );
#7132 = FACE_BOUND('',#7133,.F.);
#7133 = EDGE_LOOP('',(#7134));
#7134 = ORIENTED_EDGE('',*,*,#7135,.T.);
#7135 = EDGE_CURVE('',#7136,#7136,#7138,.T.);
#7136 = VERTEX_POINT('',#7137);
#7137 = CARTESIAN_POINT('',(150.08,-111.48,1.6));
#7138 = SURFACE_CURVE('',#7139,(#7144,#7155),.PCURVE_S1.);
#7139 = CIRCLE('',#7140,0.5);
#7140 = AXIS2_PLACEMENT_3D('',#7141,#7142,#7143);
#7141 = CARTESIAN_POINT('',(149.58,-111.48,1.6));
#7142 = DIRECTION('',(0.,0.,1.));
#7143 = DIRECTION('',(1.,0.,-0.));
#7144 = PCURVE('',#90,#7145);
#7145 = DEFINITIONAL_REPRESENTATION('',(#7146),#7154);
#7146 = ( BOUNDED_CURVE() B_SPLINE_CURVE(2,(#7147,#7148,#7149,#7150,
#7151,#7152,#7153),.UNSPECIFIED.,.T.,.F.) B_SPLINE_CURVE_WITH_KNOTS((1,2
    ,2,2,2,1),(-2.094395102393,0.,2.094395102393,4.188790204786,
6.28318530718,8.377580409573),.UNSPECIFIED.) CURVE() 
GEOMETRIC_REPRESENTATION_ITEM() RATIONAL_B_SPLINE_CURVE((1.,0.5,1.,0.5,
1.,0.5,1.)) REPRESENTATION_ITEM('') );
#7147 = CARTESIAN_POINT('',(-6.309156621162,-23.11382496402));
#7148 = CARTESIAN_POINT('',(-6.309156621162,-22.24779956023));
#7149 = CARTESIAN_POINT('',(-5.559156621162,-22.68081226212));
#7150 = CARTESIAN_POINT('',(-4.809156621162,-23.11382496402));
#7151 = CARTESIAN_POINT('',(-5.559156621162,-23.54683766591));
#7152 = CARTESIAN_POINT('',(-6.309156621162,-23.9798503678));
#7153 = CARTESIAN_POINT('',(-6.309156621162,-23.11382496402));
#7154 = ( GEOMETRIC_REPRESENTATION_CONTEXT(2) 
PARAMETRIC_REPRESENTATION_CONTEXT() REPRESENTATION_CONTEXT('2D SPACE',''
  ) );
#7155 = PCURVE('',#1046,#7156);
#7156 = DEFINITIONAL_REPRESENTATION('',(#7157),#7161);
#7157 = LINE('',#7158,#7159);
#7158 = CARTESIAN_POINT('',(0.,1.61));
#7159 = VECTOR('',#7160,1.);
#7160 = DIRECTION('',(1.,0.));
#7161 = ( GEOMETRIC_REPRESENTATION_CONTEXT(2) 
PARAMETRIC_REPRESENTATION_CONTEXT() REPRESENTATION_CONTEXT('2D SPACE',''
  ) );
#7162 = FACE_BOUND('',#7163,.F.);
#7163 = EDGE_LOOP('',(#7164));
#7164 = ORIENTED_EDGE('',*,*,#7165,.T.);
#7165 = EDGE_CURVE('',#7166,#7166,#7168,.T.);
#7166 = VERTEX_POINT('',#7167);
#7167 = CARTESIAN_POINT('',(147.54,-111.48,1.6));
#7168 = SURFACE_CURVE('',#7169,(#7174,#7185),.PCURVE_S1.);
#7169 = CIRCLE('',#7170,0.5);
#7170 = AXIS2_PLACEMENT_3D('',#7171,#7172,#7173);
#7171 = CARTESIAN_POINT('',(147.04,-111.48,1.6));
#7172 = DIRECTION('',(0.,0.,1.));
#7173 = DIRECTION('',(1.,0.,-0.));
#7174 = PCURVE('',#90,#7175);
#7175 = DEFINITIONAL_REPRESENTATION('',(#7176),#7184);
#7176 = ( BOUNDED_CURVE() B_SPLINE_CURVE(2,(#7177,#7178,#7179,#7180,
#7181,#7182,#7183),.UNSPECIFIED.,.T.,.F.) B_SPLINE_CURVE_WITH_KNOTS((1,2
    ,2,2,2,1),(-2.094395102393,0.,2.094395102393,4.188790204786,
6.28318530718,8.377580409573),.UNSPECIFIED.) CURVE() 
GEOMETRIC_REPRESENTATION_ITEM() RATIONAL_B_SPLINE_CURVE((1.,0.5,1.,0.5,
1.,0.5,1.)) REPRESENTATION_ITEM('') );
#7177 = CARTESIAN_POINT('',(-3.769156621162,-23.11382496402));
#7178 = CARTESIAN_POINT('',(-3.769156621162,-22.24779956023));
#7179 = CARTESIAN_POINT('',(-3.019156621162,-22.68081226212));
#7180 = CARTESIAN_POINT('',(-2.269156621162,-23.11382496402));
#7181 = CARTESIAN_POINT('',(-3.019156621162,-23.54683766591));
#7182 = CARTESIAN_POINT('',(-3.769156621162,-23.9798503678));
#7183 = CARTESIAN_POINT('',(-3.769156621162,-23.11382496402));
#7184 = ( GEOMETRIC_REPRESENTATION_CONTEXT(2) 
PARAMETRIC_REPRESENTATION_CONTEXT() REPRESENTATION_CONTEXT('2D SPACE',''
  ) );
#7185 = PCURVE('',#1081,#7186);
#7186 = DEFINITIONAL_REPRESENTATION('',(#7187),#7191);
#7187 = LINE('',#7188,#7189);
#7188 = CARTESIAN_POINT('',(0.,1.61));
#7189 = VECTOR('',#7190,1.);
#7190 = DIRECTION('',(1.,0.));
#7191 = ( GEOMETRIC_REPRESENTATION_CONTEXT(2) 
PARAMETRIC_REPRESENTATION_CONTEXT() REPRESENTATION_CONTEXT('2D SPACE',''
  ) );
#7192 = FACE_BOUND('',#7193,.F.);
#7193 = EDGE_LOOP('',(#7194));
#7194 = ORIENTED_EDGE('',*,*,#7195,.T.);
#7195 = EDGE_CURVE('',#7196,#7196,#7198,.T.);
#7196 = VERTEX_POINT('',#7197);
#7197 = CARTESIAN_POINT('',(145.,-114.04,1.6));
#7198 = SURFACE_CURVE('',#7199,(#7204,#7215),.PCURVE_S1.);
#7199 = CIRCLE('',#7200,0.5);
#7200 = AXIS2_PLACEMENT_3D('',#7201,#7202,#7203);
#7201 = CARTESIAN_POINT('',(144.5,-114.04,1.6));
#7202 = DIRECTION('',(0.,0.,1.));
#7203 = DIRECTION('',(1.,0.,-0.));
#7204 = PCURVE('',#90,#7205);
#7205 = DEFINITIONAL_REPRESENTATION('',(#7206),#7214);
#7206 = ( BOUNDED_CURVE() B_SPLINE_CURVE(2,(#7207,#7208,#7209,#7210,
#7211,#7212,#7213),.UNSPECIFIED.,.T.,.F.) B_SPLINE_CURVE_WITH_KNOTS((1,2
    ,2,2,2,1),(-2.094395102393,0.,2.094395102393,4.188790204786,
6.28318530718,8.377580409573),.UNSPECIFIED.) CURVE() 
GEOMETRIC_REPRESENTATION_ITEM() RATIONAL_B_SPLINE_CURVE((1.,0.5,1.,0.5,
1.,0.5,1.)) REPRESENTATION_ITEM('') );
#7207 = CARTESIAN_POINT('',(-1.229156621162,-25.67382496402));
#7208 = CARTESIAN_POINT('',(-1.229156621162,-24.80779956023));
#7209 = CARTESIAN_POINT('',(-0.479156621162,-25.24081226212));
#7210 = CARTESIAN_POINT('',(0.270843378838,-25.67382496402));
#7211 = CARTESIAN_POINT('',(-0.479156621162,-26.10683766591));
#7212 = CARTESIAN_POINT('',(-1.229156621162,-26.5398503678));
#7213 = CARTESIAN_POINT('',(-1.229156621162,-25.67382496402));
#7214 = ( GEOMETRIC_REPRESENTATION_CONTEXT(2) 
PARAMETRIC_REPRESENTATION_CONTEXT() REPRESENTATION_CONTEXT('2D SPACE',''
  ) );
#7215 = PCURVE('',#1116,#7216);
#7216 = DEFINITIONAL_REPRESENTATION('',(#7217),#7221);
#7217 = LINE('',#7218,#7219);
#7218 = CARTESIAN_POINT('',(0.,1.61));
#7219 = VECTOR('',#7220,1.);
#7220 = DIRECTION('',(1.,0.));
#7221 = ( GEOMETRIC_REPRESENTATION_CONTEXT(2) 
PARAMETRIC_REPRESENTATION_CONTEXT() REPRESENTATION_CONTEXT('2D SPACE',''
  ) );
#7222 = FACE_BOUND('',#7223,.F.);
#7223 = EDGE_LOOP('',(#7224));
#7224 = ORIENTED_EDGE('',*,*,#7225,.T.);
#7225 = EDGE_CURVE('',#7226,#7226,#7228,.T.);
#7226 = VERTEX_POINT('',#7227);
#7227 = CARTESIAN_POINT('',(142.46,-114.04,1.6));
#7228 = SURFACE_CURVE('',#7229,(#7234,#7245),.PCURVE_S1.);
#7229 = CIRCLE('',#7230,0.5);
#7230 = AXIS2_PLACEMENT_3D('',#7231,#7232,#7233);
#7231 = CARTESIAN_POINT('',(141.96,-114.04,1.6));
#7232 = DIRECTION('',(0.,0.,1.));
#7233 = DIRECTION('',(1.,0.,-0.));
#7234 = PCURVE('',#90,#7235);
#7235 = DEFINITIONAL_REPRESENTATION('',(#7236),#7244);
#7236 = ( BOUNDED_CURVE() B_SPLINE_CURVE(2,(#7237,#7238,#7239,#7240,
#7241,#7242,#7243),.UNSPECIFIED.,.T.,.F.) B_SPLINE_CURVE_WITH_KNOTS((1,2
    ,2,2,2,1),(-2.094395102393,0.,2.094395102393,4.188790204786,
6.28318530718,8.377580409573),.UNSPECIFIED.) CURVE() 
GEOMETRIC_REPRESENTATION_ITEM() RATIONAL_B_SPLINE_CURVE((1.,0.5,1.,0.5,
1.,0.5,1.)) REPRESENTATION_ITEM('') );
#7237 = CARTESIAN_POINT('',(1.310843378838,-25.67382496402));
#7238 = CARTESIAN_POINT('',(1.310843378838,-24.80779956023));
#7239 = CARTESIAN_POINT('',(2.060843378838,-25.24081226212));
#7240 = CARTESIAN_POINT('',(2.810843378838,-25.67382496402));
#7241 = CARTESIAN_POINT('',(2.060843378838,-26.10683766591));
#7242 = CARTESIAN_POINT('',(1.310843378838,-26.5398503678));
#7243 = CARTESIAN_POINT('',(1.310843378838,-25.67382496402));
#7244 = ( GEOMETRIC_REPRESENTATION_CONTEXT(2) 
PARAMETRIC_REPRESENTATION_CONTEXT() REPRESENTATION_CONTEXT('2D SPACE',''
  ) );
#7245 = PCURVE('',#1151,#7246);
#7246 = DEFINITIONAL_REPRESENTATION('',(#7247),#7251);
#7247 = LINE('',#7248,#7249);
#7248 = CARTESIAN_POINT('',(0.,1.61));
#7249 = VECTOR('',#7250,1.);
#7250 = DIRECTION('',(1.,0.));
#7251 = ( GEOMETRIC_REPRESENTATION_CONTEXT(2) 
PARAMETRIC_REPRESENTATION_CONTEXT() REPRESENTATION_CONTEXT('2D SPACE',''
  ) );
#7252 = FACE_BOUND('',#7253,.F.);
#7253 = EDGE_LOOP('',(#7254));
#7254 = ORIENTED_EDGE('',*,*,#7255,.T.);
#7255 = EDGE_CURVE('',#7256,#7256,#7258,.T.);
#7256 = VERTEX_POINT('',#7257);
#7257 = CARTESIAN_POINT('',(145.,-111.48,1.6));
#7258 = SURFACE_CURVE('',#7259,(#7264,#7275),.PCURVE_S1.);
#7259 = CIRCLE('',#7260,0.5);
#7260 = AXIS2_PLACEMENT_3D('',#7261,#7262,#7263);
#7261 = CARTESIAN_POINT('',(144.5,-111.48,1.6));
#7262 = DIRECTION('',(0.,0.,1.));
#7263 = DIRECTION('',(1.,0.,-0.));
#7264 = PCURVE('',#90,#7265);
#7265 = DEFINITIONAL_REPRESENTATION('',(#7266),#7274);
#7266 = ( BOUNDED_CURVE() B_SPLINE_CURVE(2,(#7267,#7268,#7269,#7270,
#7271,#7272,#7273),.UNSPECIFIED.,.T.,.F.) B_SPLINE_CURVE_WITH_KNOTS((1,2
    ,2,2,2,1),(-2.094395102393,0.,2.094395102393,4.188790204786,
6.28318530718,8.377580409573),.UNSPECIFIED.) CURVE() 
GEOMETRIC_REPRESENTATION_ITEM() RATIONAL_B_SPLINE_CURVE((1.,0.5,1.,0.5,
1.,0.5,1.)) REPRESENTATION_ITEM('') );
#7267 = CARTESIAN_POINT('',(-1.229156621162,-23.11382496402));
#7268 = CARTESIAN_POINT('',(-1.229156621162,-22.24779956023));
#7269 = CARTESIAN_POINT('',(-0.479156621162,-22.68081226212));
#7270 = CARTESIAN_POINT('',(0.270843378838,-23.11382496402));
#7271 = CARTESIAN_POINT('',(-0.479156621162,-23.54683766591));
#7272 = CARTESIAN_POINT('',(-1.229156621162,-23.9798503678));
#7273 = CARTESIAN_POINT('',(-1.229156621162,-23.11382496402));
#7274 = ( GEOMETRIC_REPRESENTATION_CONTEXT(2) 
PARAMETRIC_REPRESENTATION_CONTEXT() REPRESENTATION_CONTEXT('2D SPACE',''
  ) );
#7275 = PCURVE('',#1186,#7276);
#7276 = DEFINITIONAL_REPRESENTATION('',(#7277),#7281);
#7277 = LINE('',#7278,#7279);
#7278 = CARTESIAN_POINT('',(0.,1.61));
#7279 = VECTOR('',#7280,1.);
#7280 = DIRECTION('',(1.,0.));
#7281 = ( GEOMETRIC_REPRESENTATION_CONTEXT(2) 
PARAMETRIC_REPRESENTATION_CONTEXT() REPRESENTATION_CONTEXT('2D SPACE',''
  ) );
#7282 = FACE_BOUND('',#7283,.F.);
#7283 = EDGE_LOOP('',(#7284));
#7284 = ORIENTED_EDGE('',*,*,#7285,.T.);
#7285 = EDGE_CURVE('',#7286,#7286,#7288,.T.);
#7286 = VERTEX_POINT('',#7287);
#7287 = CARTESIAN_POINT('',(142.46,-111.48,1.6));
#7288 = SURFACE_CURVE('',#7289,(#7294,#7305),.PCURVE_S1.);
#7289 = CIRCLE('',#7290,0.5);
#7290 = AXIS2_PLACEMENT_3D('',#7291,#7292,#7293);
#7291 = CARTESIAN_POINT('',(141.96,-111.48,1.6));
#7292 = DIRECTION('',(0.,0.,1.));
#7293 = DIRECTION('',(1.,0.,-0.));
#7294 = PCURVE('',#90,#7295);
#7295 = DEFINITIONAL_REPRESENTATION('',(#7296),#7304);
#7296 = ( BOUNDED_CURVE() B_SPLINE_CURVE(2,(#7297,#7298,#7299,#7300,
#7301,#7302,#7303),.UNSPECIFIED.,.T.,.F.) B_SPLINE_CURVE_WITH_KNOTS((1,2
    ,2,2,2,1),(-2.094395102393,0.,2.094395102393,4.188790204786,
6.28318530718,8.377580409573),.UNSPECIFIED.) CURVE() 
GEOMETRIC_REPRESENTATION_ITEM() RATIONAL_B_SPLINE_CURVE((1.,0.5,1.,0.5,
1.,0.5,1.)) REPRESENTATION_ITEM('') );
#7297 = CARTESIAN_POINT('',(1.310843378838,-23.11382496402));
#7298 = CARTESIAN_POINT('',(1.310843378838,-22.24779956023));
#7299 = CARTESIAN_POINT('',(2.060843378838,-22.68081226212));
#7300 = CARTESIAN_POINT('',(2.810843378838,-23.11382496402));
#7301 = CARTESIAN_POINT('',(2.060843378838,-23.54683766591));
#7302 = CARTESIAN_POINT('',(1.310843378838,-23.9798503678));
#7303 = CARTESIAN_POINT('',(1.310843378838,-23.11382496402));
#7304 = ( GEOMETRIC_REPRESENTATION_CONTEXT(2) 
PARAMETRIC_REPRESENTATION_CONTEXT() REPRESENTATION_CONTEXT('2D SPACE',''
  ) );
#7305 = PCURVE('',#1221,#7306);
#7306 = DEFINITIONAL_REPRESENTATION('',(#7307),#7311);
#7307 = LINE('',#7308,#7309);
#7308 = CARTESIAN_POINT('',(0.,1.61));
#7309 = VECTOR('',#7310,1.);
#7310 = DIRECTION('',(1.,0.));
#7311 = ( GEOMETRIC_REPRESENTATION_CONTEXT(2) 
PARAMETRIC_REPRESENTATION_CONTEXT() REPRESENTATION_CONTEXT('2D SPACE',''
  ) );
#7312 = FACE_BOUND('',#7313,.F.);
#7313 = EDGE_LOOP('',(#7314));
#7314 = ORIENTED_EDGE('',*,*,#7315,.T.);
#7315 = EDGE_CURVE('',#7316,#7316,#7318,.T.);
#7316 = VERTEX_POINT('',#7317);
#7317 = CARTESIAN_POINT('',(160.52,-106.68,1.6));
#7318 = SURFACE_CURVE('',#7319,(#7324,#7335),.PCURVE_S1.);
#7319 = CIRCLE('',#7320,0.5);
#7320 = AXIS2_PLACEMENT_3D('',#7321,#7322,#7323);
#7321 = CARTESIAN_POINT('',(160.02,-106.68,1.6));
#7322 = DIRECTION('',(0.,0.,1.));
#7323 = DIRECTION('',(1.,0.,-0.));
#7324 = PCURVE('',#90,#7325);
#7325 = DEFINITIONAL_REPRESENTATION('',(#7326),#7334);
#7326 = ( BOUNDED_CURVE() B_SPLINE_CURVE(2,(#7327,#7328,#7329,#7330,
#7331,#7332,#7333),.UNSPECIFIED.,.T.,.F.) B_SPLINE_CURVE_WITH_KNOTS((1,2
    ,2,2,2,1),(-2.094395102393,0.,2.094395102393,4.188790204786,
6.28318530718,8.377580409573),.UNSPECIFIED.) CURVE() 
GEOMETRIC_REPRESENTATION_ITEM() RATIONAL_B_SPLINE_CURVE((1.,0.5,1.,0.5,
1.,0.5,1.)) REPRESENTATION_ITEM('') );
#7327 = CARTESIAN_POINT('',(-16.74915662116,-18.31382496402));
#7328 = CARTESIAN_POINT('',(-16.74915662116,-17.44779956023));
#7329 = CARTESIAN_POINT('',(-15.99915662116,-17.88081226212));
#7330 = CARTESIAN_POINT('',(-15.24915662116,-18.31382496402));
#7331 = CARTESIAN_POINT('',(-15.99915662116,-18.74683766591));
#7332 = CARTESIAN_POINT('',(-16.74915662116,-19.1798503678));
#7333 = CARTESIAN_POINT('',(-16.74915662116,-18.31382496402));
#7334 = ( GEOMETRIC_REPRESENTATION_CONTEXT(2) 
PARAMETRIC_REPRESENTATION_CONTEXT() REPRESENTATION_CONTEXT('2D SPACE',''
  ) );
#7335 = PCURVE('',#1256,#7336);
#7336 = DEFINITIONAL_REPRESENTATION('',(#7337),#7341);
#7337 = LINE('',#7338,#7339);
#7338 = CARTESIAN_POINT('',(0.,1.61));
#7339 = VECTOR('',#7340,1.);
#7340 = DIRECTION('',(1.,0.));
#7341 = ( GEOMETRIC_REPRESENTATION_CONTEXT(2) 
PARAMETRIC_REPRESENTATION_CONTEXT() REPRESENTATION_CONTEXT('2D SPACE',''
  ) );
#7342 = FACE_BOUND('',#7343,.F.);
#7343 = EDGE_LOOP('',(#7344));
#7344 = ORIENTED_EDGE('',*,*,#7345,.T.);
#7345 = EDGE_CURVE('',#7346,#7346,#7348,.T.);
#7346 = VERTEX_POINT('',#7347);
#7347 = CARTESIAN_POINT('',(170.68,-101.68,1.6));
#7348 = SURFACE_CURVE('',#7349,(#7354,#7365),.PCURVE_S1.);
#7349 = CIRCLE('',#7350,0.5);
#7350 = AXIS2_PLACEMENT_3D('',#7351,#7352,#7353);
#7351 = CARTESIAN_POINT('',(170.18,-101.68,1.6));
#7352 = DIRECTION('',(0.,0.,1.));
#7353 = DIRECTION('',(1.,0.,-0.));
#7354 = PCURVE('',#90,#7355);
#7355 = DEFINITIONAL_REPRESENTATION('',(#7356),#7364);
#7356 = ( BOUNDED_CURVE() B_SPLINE_CURVE(2,(#7357,#7358,#7359,#7360,
#7361,#7362,#7363),.UNSPECIFIED.,.T.,.F.) B_SPLINE_CURVE_WITH_KNOTS((1,2
    ,2,2,2,1),(-2.094395102393,0.,2.094395102393,4.188790204786,
6.28318530718,8.377580409573),.UNSPECIFIED.) CURVE() 
GEOMETRIC_REPRESENTATION_ITEM() RATIONAL_B_SPLINE_CURVE((1.,0.5,1.,0.5,
1.,0.5,1.)) REPRESENTATION_ITEM('') );
#7357 = CARTESIAN_POINT('',(-26.90915662116,-13.31382496402));
#7358 = CARTESIAN_POINT('',(-26.90915662116,-12.44779956023));
#7359 = CARTESIAN_POINT('',(-26.15915662116,-12.88081226212));
#7360 = CARTESIAN_POINT('',(-25.40915662116,-13.31382496402));
#7361 = CARTESIAN_POINT('',(-26.15915662116,-13.74683766591));
#7362 = CARTESIAN_POINT('',(-26.90915662116,-14.1798503678));
#7363 = CARTESIAN_POINT('',(-26.90915662116,-13.31382496402));
#7364 = ( GEOMETRIC_REPRESENTATION_CONTEXT(2) 
PARAMETRIC_REPRESENTATION_CONTEXT() REPRESENTATION_CONTEXT('2D SPACE',''
  ) );
#7365 = PCURVE('',#1291,#7366);
#7366 = DEFINITIONAL_REPRESENTATION('',(#7367),#7371);
#7367 = LINE('',#7368,#7369);
#7368 = CARTESIAN_POINT('',(0.,1.61));
#7369 = VECTOR('',#7370,1.);
#7370 = DIRECTION('',(1.,0.));
#7371 = ( GEOMETRIC_REPRESENTATION_CONTEXT(2) 
PARAMETRIC_REPRESENTATION_CONTEXT() REPRESENTATION_CONTEXT('2D SPACE',''
  ) );
#7372 = FACE_BOUND('',#7373,.F.);
#7373 = EDGE_LOOP('',(#7374));
#7374 = ORIENTED_EDGE('',*,*,#7375,.T.);
#7375 = EDGE_CURVE('',#7376,#7376,#7378,.T.);
#7376 = VERTEX_POINT('',#7377);
#7377 = CARTESIAN_POINT('',(169.41,-95.25,1.6));
#7378 = SURFACE_CURVE('',#7379,(#7384,#7395),.PCURVE_S1.);
#7379 = CIRCLE('',#7380,0.5);
#7380 = AXIS2_PLACEMENT_3D('',#7381,#7382,#7383);
#7381 = CARTESIAN_POINT('',(168.91,-95.25,1.6));
#7382 = DIRECTION('',(0.,0.,1.));
#7383 = DIRECTION('',(1.,0.,-0.));
#7384 = PCURVE('',#90,#7385);
#7385 = DEFINITIONAL_REPRESENTATION('',(#7386),#7394);
#7386 = ( BOUNDED_CURVE() B_SPLINE_CURVE(2,(#7387,#7388,#7389,#7390,
#7391,#7392,#7393),.UNSPECIFIED.,.T.,.F.) B_SPLINE_CURVE_WITH_KNOTS((1,2
    ,2,2,2,1),(-2.094395102393,0.,2.094395102393,4.188790204786,
6.28318530718,8.377580409573),.UNSPECIFIED.) CURVE() 
GEOMETRIC_REPRESENTATION_ITEM() RATIONAL_B_SPLINE_CURVE((1.,0.5,1.,0.5,
1.,0.5,1.)) REPRESENTATION_ITEM('') );
#7387 = CARTESIAN_POINT('',(-25.63915662116,-6.883824964021));
#7388 = CARTESIAN_POINT('',(-25.63915662116,-6.017799560237));
#7389 = CARTESIAN_POINT('',(-24.88915662116,-6.450812262129));
#7390 = CARTESIAN_POINT('',(-24.13915662116,-6.883824964021));
#7391 = CARTESIAN_POINT('',(-24.88915662116,-7.316837665914));
#7392 = CARTESIAN_POINT('',(-25.63915662116,-7.749850367806));
#7393 = CARTESIAN_POINT('',(-25.63915662116,-6.883824964021));
#7394 = ( GEOMETRIC_REPRESENTATION_CONTEXT(2) 
PARAMETRIC_REPRESENTATION_CONTEXT() REPRESENTATION_CONTEXT('2D SPACE',''
  ) );
#7395 = PCURVE('',#1326,#7396);
#7396 = DEFINITIONAL_REPRESENTATION('',(#7397),#7401);
#7397 = LINE('',#7398,#7399);
#7398 = CARTESIAN_POINT('',(0.,1.61));
#7399 = VECTOR('',#7400,1.);
#7400 = DIRECTION('',(1.,0.));
#7401 = ( GEOMETRIC_REPRESENTATION_CONTEXT(2) 
PARAMETRIC_REPRESENTATION_CONTEXT() REPRESENTATION_CONTEXT('2D SPACE',''
  ) );
#7402 = FACE_BOUND('',#7403,.F.);
#7403 = EDGE_LOOP('',(#7404));
#7404 = ORIENTED_EDGE('',*,*,#7405,.T.);
#7405 = EDGE_CURVE('',#7406,#7406,#7408,.T.);
#7406 = VERTEX_POINT('',#7407);
#7407 = CARTESIAN_POINT('',(183.38,-93.98,1.6));
#7408 = SURFACE_CURVE('',#7409,(#7414,#7425),.PCURVE_S1.);
#7409 = CIRCLE('',#7410,0.5);
#7410 = AXIS2_PLACEMENT_3D('',#7411,#7412,#7413);
#7411 = CARTESIAN_POINT('',(182.88,-93.98,1.6));
#7412 = DIRECTION('',(0.,0.,1.));
#7413 = DIRECTION('',(1.,0.,-0.));
#7414 = PCURVE('',#90,#7415);
#7415 = DEFINITIONAL_REPRESENTATION('',(#7416),#7424);
#7416 = ( BOUNDED_CURVE() B_SPLINE_CURVE(2,(#7417,#7418,#7419,#7420,
#7421,#7422,#7423),.UNSPECIFIED.,.T.,.F.) B_SPLINE_CURVE_WITH_KNOTS((1,2
    ,2,2,2,1),(-2.094395102393,0.,2.094395102393,4.188790204786,
6.28318530718,8.377580409573),.UNSPECIFIED.) CURVE() 
GEOMETRIC_REPRESENTATION_ITEM() RATIONAL_B_SPLINE_CURVE((1.,0.5,1.,0.5,
1.,0.5,1.)) REPRESENTATION_ITEM('') );
#7417 = CARTESIAN_POINT('',(-39.60915662116,-5.613824964021));
#7418 = CARTESIAN_POINT('',(-39.60915662116,-4.747799560237));
#7419 = CARTESIAN_POINT('',(-38.85915662116,-5.180812262129));
#7420 = CARTESIAN_POINT('',(-38.10915662116,-5.613824964021));
#7421 = CARTESIAN_POINT('',(-38.85915662116,-6.046837665914));
#7422 = CARTESIAN_POINT('',(-39.60915662116,-6.479850367806));
#7423 = CARTESIAN_POINT('',(-39.60915662116,-5.613824964021));
#7424 = ( GEOMETRIC_REPRESENTATION_CONTEXT(2) 
PARAMETRIC_REPRESENTATION_CONTEXT() REPRESENTATION_CONTEXT('2D SPACE',''
  ) );
#7425 = PCURVE('',#1361,#7426);
#7426 = DEFINITIONAL_REPRESENTATION('',(#7427),#7431);
#7427 = LINE('',#7428,#7429);
#7428 = CARTESIAN_POINT('',(0.,1.61));
#7429 = VECTOR('',#7430,1.);
#7430 = DIRECTION('',(1.,0.));
#7431 = ( GEOMETRIC_REPRESENTATION_CONTEXT(2) 
PARAMETRIC_REPRESENTATION_CONTEXT() REPRESENTATION_CONTEXT('2D SPACE',''
  ) );
#7432 = FACE_BOUND('',#7433,.F.);
#7433 = EDGE_LOOP('',(#7434));
#7434 = ORIENTED_EDGE('',*,*,#7435,.T.);
#7435 = EDGE_CURVE('',#7436,#7436,#7438,.T.);
#7436 = VERTEX_POINT('',#7437);
#7437 = CARTESIAN_POINT('',(183.38,-91.44,1.6));
#7438 = SURFACE_CURVE('',#7439,(#7444,#7455),.PCURVE_S1.);
#7439 = CIRCLE('',#7440,0.5);
#7440 = AXIS2_PLACEMENT_3D('',#7441,#7442,#7443);
#7441 = CARTESIAN_POINT('',(182.88,-91.44,1.6));
#7442 = DIRECTION('',(0.,0.,1.));
#7443 = DIRECTION('',(1.,0.,-0.));
#7444 = PCURVE('',#90,#7445);
#7445 = DEFINITIONAL_REPRESENTATION('',(#7446),#7454);
#7446 = ( BOUNDED_CURVE() B_SPLINE_CURVE(2,(#7447,#7448,#7449,#7450,
#7451,#7452,#7453),.UNSPECIFIED.,.T.,.F.) B_SPLINE_CURVE_WITH_KNOTS((1,2
    ,2,2,2,1),(-2.094395102393,0.,2.094395102393,4.188790204786,
6.28318530718,8.377580409573),.UNSPECIFIED.) CURVE() 
GEOMETRIC_REPRESENTATION_ITEM() RATIONAL_B_SPLINE_CURVE((1.,0.5,1.,0.5,
1.,0.5,1.)) REPRESENTATION_ITEM('') );
#7447 = CARTESIAN_POINT('',(-39.60915662116,-3.073824964021));
#7448 = CARTESIAN_POINT('',(-39.60915662116,-2.207799560237));
#7449 = CARTESIAN_POINT('',(-38.85915662116,-2.640812262129));
#7450 = CARTESIAN_POINT('',(-38.10915662116,-3.073824964021));
#7451 = CARTESIAN_POINT('',(-38.85915662116,-3.506837665914));
#7452 = CARTESIAN_POINT('',(-39.60915662116,-3.939850367806));
#7453 = CARTESIAN_POINT('',(-39.60915662116,-3.073824964021));
#7454 = ( GEOMETRIC_REPRESENTATION_CONTEXT(2) 
PARAMETRIC_REPRESENTATION_CONTEXT() REPRESENTATION_CONTEXT('2D SPACE',''
  ) );
#7455 = PCURVE('',#1396,#7456);
#7456 = DEFINITIONAL_REPRESENTATION('',(#7457),#7461);
#7457 = LINE('',#7458,#7459);
#7458 = CARTESIAN_POINT('',(0.,1.61));
#7459 = VECTOR('',#7460,1.);
#7460 = DIRECTION('',(1.,0.));
#7461 = ( GEOMETRIC_REPRESENTATION_CONTEXT(2) 
PARAMETRIC_REPRESENTATION_CONTEXT() REPRESENTATION_CONTEXT('2D SPACE',''
  ) );
#7462 = FACE_BOUND('',#7463,.F.);
#7463 = EDGE_LOOP('',(#7464));
#7464 = ORIENTED_EDGE('',*,*,#7465,.T.);
#7465 = EDGE_CURVE('',#7466,#7466,#7468,.T.);
#7466 = VERTEX_POINT('',#7467);
#7467 = CARTESIAN_POINT('',(183.38,-88.9,1.6));
#7468 = SURFACE_CURVE('',#7469,(#7474,#7485),.PCURVE_S1.);
#7469 = CIRCLE('',#7470,0.5);
#7470 = AXIS2_PLACEMENT_3D('',#7471,#7472,#7473);
#7471 = CARTESIAN_POINT('',(182.88,-88.9,1.6));
#7472 = DIRECTION('',(0.,0.,1.));
#7473 = DIRECTION('',(1.,0.,-0.));
#7474 = PCURVE('',#90,#7475);
#7475 = DEFINITIONAL_REPRESENTATION('',(#7476),#7484);
#7476 = ( BOUNDED_CURVE() B_SPLINE_CURVE(2,(#7477,#7478,#7479,#7480,
#7481,#7482,#7483),.UNSPECIFIED.,.T.,.F.) B_SPLINE_CURVE_WITH_KNOTS((1,2
    ,2,2,2,1),(-2.094395102393,0.,2.094395102393,4.188790204786,
6.28318530718,8.377580409573),.UNSPECIFIED.) CURVE() 
GEOMETRIC_REPRESENTATION_ITEM() RATIONAL_B_SPLINE_CURVE((1.,0.5,1.,0.5,
1.,0.5,1.)) REPRESENTATION_ITEM('') );
#7477 = CARTESIAN_POINT('',(-39.60915662116,-0.533824964021));
#7478 = CARTESIAN_POINT('',(-39.60915662116,0.332200439763));
#7479 = CARTESIAN_POINT('',(-38.85915662116,-0.100812262129));
#7480 = CARTESIAN_POINT('',(-38.10915662116,-0.533824964021));
#7481 = CARTESIAN_POINT('',(-38.85915662116,-0.966837665914));
#7482 = CARTESIAN_POINT('',(-39.60915662116,-1.399850367806));
#7483 = CARTESIAN_POINT('',(-39.60915662116,-0.533824964021));
#7484 = ( GEOMETRIC_REPRESENTATION_CONTEXT(2) 
PARAMETRIC_REPRESENTATION_CONTEXT() REPRESENTATION_CONTEXT('2D SPACE',''
  ) );
#7485 = PCURVE('',#1431,#7486);
#7486 = DEFINITIONAL_REPRESENTATION('',(#7487),#7491);
#7487 = LINE('',#7488,#7489);
#7488 = CARTESIAN_POINT('',(0.,1.61));
#7489 = VECTOR('',#7490,1.);
#7490 = DIRECTION('',(1.,0.));
#7491 = ( GEOMETRIC_REPRESENTATION_CONTEXT(2) 
PARAMETRIC_REPRESENTATION_CONTEXT() REPRESENTATION_CONTEXT('2D SPACE',''
  ) );
#7492 = FACE_BOUND('',#7493,.F.);
#7493 = EDGE_LOOP('',(#7494));
#7494 = ORIENTED_EDGE('',*,*,#7495,.T.);
#7495 = EDGE_CURVE('',#7496,#7496,#7498,.T.);
#7496 = VERTEX_POINT('',#7497);
#7497 = CARTESIAN_POINT('',(183.38,-86.36,1.6));
#7498 = SURFACE_CURVE('',#7499,(#7504,#7515),.PCURVE_S1.);
#7499 = CIRCLE('',#7500,0.5);
#7500 = AXIS2_PLACEMENT_3D('',#7501,#7502,#7503);
#7501 = CARTESIAN_POINT('',(182.88,-86.36,1.6));
#7502 = DIRECTION('',(0.,0.,1.));
#7503 = DIRECTION('',(1.,0.,-0.));
#7504 = PCURVE('',#90,#7505);
#7505 = DEFINITIONAL_REPRESENTATION('',(#7506),#7514);
#7506 = ( BOUNDED_CURVE() B_SPLINE_CURVE(2,(#7507,#7508,#7509,#7510,
#7511,#7512,#7513),.UNSPECIFIED.,.T.,.F.) B_SPLINE_CURVE_WITH_KNOTS((1,2
    ,2,2,2,1),(-2.094395102393,0.,2.094395102393,4.188790204786,
6.28318530718,8.377580409573),.UNSPECIFIED.) CURVE() 
GEOMETRIC_REPRESENTATION_ITEM() RATIONAL_B_SPLINE_CURVE((1.,0.5,1.,0.5,
1.,0.5,1.)) REPRESENTATION_ITEM('') );
#7507 = CARTESIAN_POINT('',(-39.60915662116,2.006175035979));
#7508 = CARTESIAN_POINT('',(-39.60915662116,2.872200439763));
#7509 = CARTESIAN_POINT('',(-38.85915662116,2.439187737871));
#7510 = CARTESIAN_POINT('',(-38.10915662116,2.006175035979));
#7511 = CARTESIAN_POINT('',(-38.85915662116,1.573162334086));
#7512 = CARTESIAN_POINT('',(-39.60915662116,1.140149632194));
#7513 = CARTESIAN_POINT('',(-39.60915662116,2.006175035979));
#7514 = ( GEOMETRIC_REPRESENTATION_CONTEXT(2) 
PARAMETRIC_REPRESENTATION_CONTEXT() REPRESENTATION_CONTEXT('2D SPACE',''
  ) );
#7515 = PCURVE('',#1466,#7516);
#7516 = DEFINITIONAL_REPRESENTATION('',(#7517),#7521);
#7517 = LINE('',#7518,#7519);
#7518 = CARTESIAN_POINT('',(0.,1.61));
#7519 = VECTOR('',#7520,1.);
#7520 = DIRECTION('',(1.,0.));
#7521 = ( GEOMETRIC_REPRESENTATION_CONTEXT(2) 
PARAMETRIC_REPRESENTATION_CONTEXT() REPRESENTATION_CONTEXT('2D SPACE',''
  ) );
#7522 = FACE_BOUND('',#7523,.F.);
#7523 = EDGE_LOOP('',(#7524));
#7524 = ORIENTED_EDGE('',*,*,#7525,.T.);
#7525 = EDGE_CURVE('',#7526,#7526,#7528,.T.);
#7526 = VERTEX_POINT('',#7527);
#7527 = CARTESIAN_POINT('',(169.41,-92.71,1.6));
#7528 = SURFACE_CURVE('',#7529,(#7534,#7545),.PCURVE_S1.);
#7529 = CIRCLE('',#7530,0.5);
#7530 = AXIS2_PLACEMENT_3D('',#7531,#7532,#7533);
#7531 = CARTESIAN_POINT('',(168.91,-92.71,1.6));
#7532 = DIRECTION('',(0.,0.,1.));
#7533 = DIRECTION('',(1.,0.,-0.));
#7534 = PCURVE('',#90,#7535);
#7535 = DEFINITIONAL_REPRESENTATION('',(#7536),#7544);
#7536 = ( BOUNDED_CURVE() B_SPLINE_CURVE(2,(#7537,#7538,#7539,#7540,
#7541,#7542,#7543),.UNSPECIFIED.,.T.,.F.) B_SPLINE_CURVE_WITH_KNOTS((1,2
    ,2,2,2,1),(-2.094395102393,0.,2.094395102393,4.188790204786,
6.28318530718,8.377580409573),.UNSPECIFIED.) CURVE() 
GEOMETRIC_REPRESENTATION_ITEM() RATIONAL_B_SPLINE_CURVE((1.,0.5,1.,0.5,
1.,0.5,1.)) REPRESENTATION_ITEM('') );
#7537 = CARTESIAN_POINT('',(-25.63915662116,-4.343824964021));
#7538 = CARTESIAN_POINT('',(-25.63915662116,-3.477799560237));
#7539 = CARTESIAN_POINT('',(-24.88915662116,-3.910812262129));
#7540 = CARTESIAN_POINT('',(-24.13915662116,-4.343824964021));
#7541 = CARTESIAN_POINT('',(-24.88915662116,-4.776837665914));
#7542 = CARTESIAN_POINT('',(-25.63915662116,-5.209850367806));
#7543 = CARTESIAN_POINT('',(-25.63915662116,-4.343824964021));
#7544 = ( GEOMETRIC_REPRESENTATION_CONTEXT(2) 
PARAMETRIC_REPRESENTATION_CONTEXT() REPRESENTATION_CONTEXT('2D SPACE',''
  ) );
#7545 = PCURVE('',#1501,#7546);
#7546 = DEFINITIONAL_REPRESENTATION('',(#7547),#7551);
#7547 = LINE('',#7548,#7549);
#7548 = CARTESIAN_POINT('',(0.,1.61));
#7549 = VECTOR('',#7550,1.);
#7550 = DIRECTION('',(1.,0.));
#7551 = ( GEOMETRIC_REPRESENTATION_CONTEXT(2) 
PARAMETRIC_REPRESENTATION_CONTEXT() REPRESENTATION_CONTEXT('2D SPACE',''
  ) );
#7552 = FACE_BOUND('',#7553,.F.);
#7553 = EDGE_LOOP('',(#7554));
#7554 = ORIENTED_EDGE('',*,*,#7555,.T.);
#7555 = EDGE_CURVE('',#7556,#7556,#7558,.T.);
#7556 = VERTEX_POINT('',#7557);
#7557 = CARTESIAN_POINT('',(169.41,-90.17,1.6));
#7558 = SURFACE_CURVE('',#7559,(#7564,#7575),.PCURVE_S1.);
#7559 = CIRCLE('',#7560,0.5);
#7560 = AXIS2_PLACEMENT_3D('',#7561,#7562,#7563);
#7561 = CARTESIAN_POINT('',(168.91,-90.17,1.6));
#7562 = DIRECTION('',(0.,0.,1.));
#7563 = DIRECTION('',(1.,0.,-0.));
#7564 = PCURVE('',#90,#7565);
#7565 = DEFINITIONAL_REPRESENTATION('',(#7566),#7574);
#7566 = ( BOUNDED_CURVE() B_SPLINE_CURVE(2,(#7567,#7568,#7569,#7570,
#7571,#7572,#7573),.UNSPECIFIED.,.T.,.F.) B_SPLINE_CURVE_WITH_KNOTS((1,2
    ,2,2,2,1),(-2.094395102393,0.,2.094395102393,4.188790204786,
6.28318530718,8.377580409573),.UNSPECIFIED.) CURVE() 
GEOMETRIC_REPRESENTATION_ITEM() RATIONAL_B_SPLINE_CURVE((1.,0.5,1.,0.5,
1.,0.5,1.)) REPRESENTATION_ITEM('') );
#7567 = CARTESIAN_POINT('',(-25.63915662116,-1.803824964021));
#7568 = CARTESIAN_POINT('',(-25.63915662116,-0.937799560237));
#7569 = CARTESIAN_POINT('',(-24.88915662116,-1.370812262129));
#7570 = CARTESIAN_POINT('',(-24.13915662116,-1.803824964021));
#7571 = CARTESIAN_POINT('',(-24.88915662116,-2.236837665914));
#7572 = CARTESIAN_POINT('',(-25.63915662116,-2.669850367806));
#7573 = CARTESIAN_POINT('',(-25.63915662116,-1.803824964021));
#7574 = ( GEOMETRIC_REPRESENTATION_CONTEXT(2) 
PARAMETRIC_REPRESENTATION_CONTEXT() REPRESENTATION_CONTEXT('2D SPACE',''
  ) );
#7575 = PCURVE('',#1536,#7576);
#7576 = DEFINITIONAL_REPRESENTATION('',(#7577),#7581);
#7577 = LINE('',#7578,#7579);
#7578 = CARTESIAN_POINT('',(0.,1.61));
#7579 = VECTOR('',#7580,1.);
#7580 = DIRECTION('',(1.,0.));
#7581 = ( GEOMETRIC_REPRESENTATION_CONTEXT(2) 
PARAMETRIC_REPRESENTATION_CONTEXT() REPRESENTATION_CONTEXT('2D SPACE',''
  ) );
#7582 = FACE_BOUND('',#7583,.F.);
#7583 = EDGE_LOOP('',(#7584));
#7584 = ORIENTED_EDGE('',*,*,#7585,.T.);
#7585 = EDGE_CURVE('',#7586,#7586,#7588,.T.);
#7586 = VERTEX_POINT('',#7587);
#7587 = CARTESIAN_POINT('',(169.41,-87.63,1.6));
#7588 = SURFACE_CURVE('',#7589,(#7594,#7605),.PCURVE_S1.);
#7589 = CIRCLE('',#7590,0.5);
#7590 = AXIS2_PLACEMENT_3D('',#7591,#7592,#7593);
#7591 = CARTESIAN_POINT('',(168.91,-87.63,1.6));
#7592 = DIRECTION('',(0.,0.,1.));
#7593 = DIRECTION('',(1.,0.,-0.));
#7594 = PCURVE('',#90,#7595);
#7595 = DEFINITIONAL_REPRESENTATION('',(#7596),#7604);
#7596 = ( BOUNDED_CURVE() B_SPLINE_CURVE(2,(#7597,#7598,#7599,#7600,
#7601,#7602,#7603),.UNSPECIFIED.,.T.,.F.) B_SPLINE_CURVE_WITH_KNOTS((1,2
    ,2,2,2,1),(-2.094395102393,0.,2.094395102393,4.188790204786,
6.28318530718,8.377580409573),.UNSPECIFIED.) CURVE() 
GEOMETRIC_REPRESENTATION_ITEM() RATIONAL_B_SPLINE_CURVE((1.,0.5,1.,0.5,
1.,0.5,1.)) REPRESENTATION_ITEM('') );
#7597 = CARTESIAN_POINT('',(-25.63915662116,0.736175035979));
#7598 = CARTESIAN_POINT('',(-25.63915662116,1.602200439763));
#7599 = CARTESIAN_POINT('',(-24.88915662116,1.169187737871));
#7600 = CARTESIAN_POINT('',(-24.13915662116,0.736175035979));
#7601 = CARTESIAN_POINT('',(-24.88915662116,0.303162334086));
#7602 = CARTESIAN_POINT('',(-25.63915662116,-0.129850367806));
#7603 = CARTESIAN_POINT('',(-25.63915662116,0.736175035979));
#7604 = ( GEOMETRIC_REPRESENTATION_CONTEXT(2) 
PARAMETRIC_REPRESENTATION_CONTEXT() REPRESENTATION_CONTEXT('2D SPACE',''
  ) );
#7605 = PCURVE('',#1571,#7606);
#7606 = DEFINITIONAL_REPRESENTATION('',(#7607),#7611);
#7607 = LINE('',#7608,#7609);
#7608 = CARTESIAN_POINT('',(0.,1.61));
#7609 = VECTOR('',#7610,1.);
#7610 = DIRECTION('',(1.,0.));
#7611 = ( GEOMETRIC_REPRESENTATION_CONTEXT(2) 
PARAMETRIC_REPRESENTATION_CONTEXT() REPRESENTATION_CONTEXT('2D SPACE',''
  ) );
#7612 = FACE_BOUND('',#7613,.F.);
#7613 = EDGE_LOOP('',(#7614));
#7614 = ORIENTED_EDGE('',*,*,#7615,.T.);
#7615 = EDGE_CURVE('',#7616,#7616,#7618,.T.);
#7616 = VERTEX_POINT('',#7617);
#7617 = CARTESIAN_POINT('',(160.52,-101.68,1.6));
#7618 = SURFACE_CURVE('',#7619,(#7624,#7635),.PCURVE_S1.);
#7619 = CIRCLE('',#7620,0.5);
#7620 = AXIS2_PLACEMENT_3D('',#7621,#7622,#7623);
#7621 = CARTESIAN_POINT('',(160.02,-101.68,1.6));
#7622 = DIRECTION('',(0.,0.,1.));
#7623 = DIRECTION('',(1.,0.,-0.));
#7624 = PCURVE('',#90,#7625);
#7625 = DEFINITIONAL_REPRESENTATION('',(#7626),#7634);
#7626 = ( BOUNDED_CURVE() B_SPLINE_CURVE(2,(#7627,#7628,#7629,#7630,
#7631,#7632,#7633),.UNSPECIFIED.,.T.,.F.) B_SPLINE_CURVE_WITH_KNOTS((1,2
    ,2,2,2,1),(-2.094395102393,0.,2.094395102393,4.188790204786,
6.28318530718,8.377580409573),.UNSPECIFIED.) CURVE() 
GEOMETRIC_REPRESENTATION_ITEM() RATIONAL_B_SPLINE_CURVE((1.,0.5,1.,0.5,
1.,0.5,1.)) REPRESENTATION_ITEM('') );
#7627 = CARTESIAN_POINT('',(-16.74915662116,-13.31382496402));
#7628 = CARTESIAN_POINT('',(-16.74915662116,-12.44779956023));
#7629 = CARTESIAN_POINT('',(-15.99915662116,-12.88081226212));
#7630 = CARTESIAN_POINT('',(-15.24915662116,-13.31382496402));
#7631 = CARTESIAN_POINT('',(-15.99915662116,-13.74683766591));
#7632 = CARTESIAN_POINT('',(-16.74915662116,-14.1798503678));
#7633 = CARTESIAN_POINT('',(-16.74915662116,-13.31382496402));
#7634 = ( GEOMETRIC_REPRESENTATION_CONTEXT(2) 
PARAMETRIC_REPRESENTATION_CONTEXT() REPRESENTATION_CONTEXT('2D SPACE',''
  ) );
#7635 = PCURVE('',#1606,#7636);
#7636 = DEFINITIONAL_REPRESENTATION('',(#7637),#7641);
#7637 = LINE('',#7638,#7639);
#7638 = CARTESIAN_POINT('',(0.,1.61));
#7639 = VECTOR('',#7640,1.);
#7640 = DIRECTION('',(1.,0.));
#7641 = ( GEOMETRIC_REPRESENTATION_CONTEXT(2) 
PARAMETRIC_REPRESENTATION_CONTEXT() REPRESENTATION_CONTEXT('2D SPACE',''
  ) );
#7642 = FACE_BOUND('',#7643,.F.);
#7643 = EDGE_LOOP('',(#7644));
#7644 = ORIENTED_EDGE('',*,*,#7645,.T.);
#7645 = EDGE_CURVE('',#7646,#7646,#7648,.T.);
#7646 = VERTEX_POINT('',#7647);
#7647 = CARTESIAN_POINT('',(161.79,-95.25,1.6));
#7648 = SURFACE_CURVE('',#7649,(#7654,#7665),.PCURVE_S1.);
#7649 = CIRCLE('',#7650,0.5);
#7650 = AXIS2_PLACEMENT_3D('',#7651,#7652,#7653);
#7651 = CARTESIAN_POINT('',(161.29,-95.25,1.6));
#7652 = DIRECTION('',(0.,0.,1.));
#7653 = DIRECTION('',(1.,0.,-0.));
#7654 = PCURVE('',#90,#7655);
#7655 = DEFINITIONAL_REPRESENTATION('',(#7656),#7664);
#7656 = ( BOUNDED_CURVE() B_SPLINE_CURVE(2,(#7657,#7658,#7659,#7660,
#7661,#7662,#7663),.UNSPECIFIED.,.T.,.F.) B_SPLINE_CURVE_WITH_KNOTS((1,2
    ,2,2,2,1),(-2.094395102393,0.,2.094395102393,4.188790204786,
6.28318530718,8.377580409573),.UNSPECIFIED.) CURVE() 
GEOMETRIC_REPRESENTATION_ITEM() RATIONAL_B_SPLINE_CURVE((1.,0.5,1.,0.5,
1.,0.5,1.)) REPRESENTATION_ITEM('') );
#7657 = CARTESIAN_POINT('',(-18.01915662116,-6.883824964021));
#7658 = CARTESIAN_POINT('',(-18.01915662116,-6.017799560237));
#7659 = CARTESIAN_POINT('',(-17.26915662116,-6.450812262129));
#7660 = CARTESIAN_POINT('',(-16.51915662116,-6.883824964021));
#7661 = CARTESIAN_POINT('',(-17.26915662116,-7.316837665914));
#7662 = CARTESIAN_POINT('',(-18.01915662116,-7.749850367806));
#7663 = CARTESIAN_POINT('',(-18.01915662116,-6.883824964021));
#7664 = ( GEOMETRIC_REPRESENTATION_CONTEXT(2) 
PARAMETRIC_REPRESENTATION_CONTEXT() REPRESENTATION_CONTEXT('2D SPACE',''
  ) );
#7665 = PCURVE('',#1641,#7666);
#7666 = DEFINITIONAL_REPRESENTATION('',(#7667),#7671);
#7667 = LINE('',#7668,#7669);
#7668 = CARTESIAN_POINT('',(0.,1.61));
#7669 = VECTOR('',#7670,1.);
#7670 = DIRECTION('',(1.,0.));
#7671 = ( GEOMETRIC_REPRESENTATION_CONTEXT(2) 
PARAMETRIC_REPRESENTATION_CONTEXT() REPRESENTATION_CONTEXT('2D SPACE',''
  ) );
#7672 = FACE_BOUND('',#7673,.F.);
#7673 = EDGE_LOOP('',(#7674));
#7674 = ORIENTED_EDGE('',*,*,#7675,.T.);
#7675 = EDGE_CURVE('',#7676,#7676,#7678,.T.);
#7676 = VERTEX_POINT('',#7677);
#7677 = CARTESIAN_POINT('',(161.79,-92.71,1.6));
#7678 = SURFACE_CURVE('',#7679,(#7684,#7695),.PCURVE_S1.);
#7679 = CIRCLE('',#7680,0.5);
#7680 = AXIS2_PLACEMENT_3D('',#7681,#7682,#7683);
#7681 = CARTESIAN_POINT('',(161.29,-92.71,1.6));
#7682 = DIRECTION('',(0.,0.,1.));
#7683 = DIRECTION('',(1.,0.,-0.));
#7684 = PCURVE('',#90,#7685);
#7685 = DEFINITIONAL_REPRESENTATION('',(#7686),#7694);
#7686 = ( BOUNDED_CURVE() B_SPLINE_CURVE(2,(#7687,#7688,#7689,#7690,
#7691,#7692,#7693),.UNSPECIFIED.,.T.,.F.) B_SPLINE_CURVE_WITH_KNOTS((1,2
    ,2,2,2,1),(-2.094395102393,0.,2.094395102393,4.188790204786,
6.28318530718,8.377580409573),.UNSPECIFIED.) CURVE() 
GEOMETRIC_REPRESENTATION_ITEM() RATIONAL_B_SPLINE_CURVE((1.,0.5,1.,0.5,
1.,0.5,1.)) REPRESENTATION_ITEM('') );
#7687 = CARTESIAN_POINT('',(-18.01915662116,-4.343824964021));
#7688 = CARTESIAN_POINT('',(-18.01915662116,-3.477799560237));
#7689 = CARTESIAN_POINT('',(-17.26915662116,-3.910812262129));
#7690 = CARTESIAN_POINT('',(-16.51915662116,-4.343824964021));
#7691 = CARTESIAN_POINT('',(-17.26915662116,-4.776837665914));
#7692 = CARTESIAN_POINT('',(-18.01915662116,-5.209850367806));
#7693 = CARTESIAN_POINT('',(-18.01915662116,-4.343824964021));
#7694 = ( GEOMETRIC_REPRESENTATION_CONTEXT(2) 
PARAMETRIC_REPRESENTATION_CONTEXT() REPRESENTATION_CONTEXT('2D SPACE',''
  ) );
#7695 = PCURVE('',#1676,#7696);
#7696 = DEFINITIONAL_REPRESENTATION('',(#7697),#7701);
#7697 = LINE('',#7698,#7699);
#7698 = CARTESIAN_POINT('',(0.,1.61));
#7699 = VECTOR('',#7700,1.);
#7700 = DIRECTION('',(1.,0.));
#7701 = ( GEOMETRIC_REPRESENTATION_CONTEXT(2) 
PARAMETRIC_REPRESENTATION_CONTEXT() REPRESENTATION_CONTEXT('2D SPACE',''
  ) );
#7702 = FACE_BOUND('',#7703,.F.);
#7703 = EDGE_LOOP('',(#7704));
#7704 = ORIENTED_EDGE('',*,*,#7705,.T.);
#7705 = EDGE_CURVE('',#7706,#7706,#7708,.T.);
#7706 = VERTEX_POINT('',#7707);
#7707 = CARTESIAN_POINT('',(161.79,-90.17,1.6));
#7708 = SURFACE_CURVE('',#7709,(#7714,#7725),.PCURVE_S1.);
#7709 = CIRCLE('',#7710,0.5);
#7710 = AXIS2_PLACEMENT_3D('',#7711,#7712,#7713);
#7711 = CARTESIAN_POINT('',(161.29,-90.17,1.6));
#7712 = DIRECTION('',(0.,0.,1.));
#7713 = DIRECTION('',(1.,0.,-0.));
#7714 = PCURVE('',#90,#7715);
#7715 = DEFINITIONAL_REPRESENTATION('',(#7716),#7724);
#7716 = ( BOUNDED_CURVE() B_SPLINE_CURVE(2,(#7717,#7718,#7719,#7720,
#7721,#7722,#7723),.UNSPECIFIED.,.T.,.F.) B_SPLINE_CURVE_WITH_KNOTS((1,2
    ,2,2,2,1),(-2.094395102393,0.,2.094395102393,4.188790204786,
6.28318530718,8.377580409573),.UNSPECIFIED.) CURVE() 
GEOMETRIC_REPRESENTATION_ITEM() RATIONAL_B_SPLINE_CURVE((1.,0.5,1.,0.5,
1.,0.5,1.)) REPRESENTATION_ITEM('') );
#7717 = CARTESIAN_POINT('',(-18.01915662116,-1.803824964021));
#7718 = CARTESIAN_POINT('',(-18.01915662116,-0.937799560237));
#7719 = CARTESIAN_POINT('',(-17.26915662116,-1.370812262129));
#7720 = CARTESIAN_POINT('',(-16.51915662116,-1.803824964021));
#7721 = CARTESIAN_POINT('',(-17.26915662116,-2.236837665914));
#7722 = CARTESIAN_POINT('',(-18.01915662116,-2.669850367806));
#7723 = CARTESIAN_POINT('',(-18.01915662116,-1.803824964021));
#7724 = ( GEOMETRIC_REPRESENTATION_CONTEXT(2) 
PARAMETRIC_REPRESENTATION_CONTEXT() REPRESENTATION_CONTEXT('2D SPACE',''
  ) );
#7725 = PCURVE('',#1711,#7726);
#7726 = DEFINITIONAL_REPRESENTATION('',(#7727),#7731);
#7727 = LINE('',#7728,#7729);
#7728 = CARTESIAN_POINT('',(0.,1.61));
#7729 = VECTOR('',#7730,1.);
#7730 = DIRECTION('',(1.,0.));
#7731 = ( GEOMETRIC_REPRESENTATION_CONTEXT(2) 
PARAMETRIC_REPRESENTATION_CONTEXT() REPRESENTATION_CONTEXT('2D SPACE',''
  ) );
#7732 = FACE_BOUND('',#7733,.F.);
#7733 = EDGE_LOOP('',(#7734));
#7734 = ORIENTED_EDGE('',*,*,#7735,.T.);
#7735 = EDGE_CURVE('',#7736,#7736,#7738,.T.);
#7736 = VERTEX_POINT('',#7737);
#7737 = CARTESIAN_POINT('',(161.79,-87.63,1.6));
#7738 = SURFACE_CURVE('',#7739,(#7744,#7755),.PCURVE_S1.);
#7739 = CIRCLE('',#7740,0.5);
#7740 = AXIS2_PLACEMENT_3D('',#7741,#7742,#7743);
#7741 = CARTESIAN_POINT('',(161.29,-87.63,1.6));
#7742 = DIRECTION('',(0.,0.,1.));
#7743 = DIRECTION('',(1.,0.,-0.));
#7744 = PCURVE('',#90,#7745);
#7745 = DEFINITIONAL_REPRESENTATION('',(#7746),#7754);
#7746 = ( BOUNDED_CURVE() B_SPLINE_CURVE(2,(#7747,#7748,#7749,#7750,
#7751,#7752,#7753),.UNSPECIFIED.,.T.,.F.) B_SPLINE_CURVE_WITH_KNOTS((1,2
    ,2,2,2,1),(-2.094395102393,0.,2.094395102393,4.188790204786,
6.28318530718,8.377580409573),.UNSPECIFIED.) CURVE() 
GEOMETRIC_REPRESENTATION_ITEM() RATIONAL_B_SPLINE_CURVE((1.,0.5,1.,0.5,
1.,0.5,1.)) REPRESENTATION_ITEM('') );
#7747 = CARTESIAN_POINT('',(-18.01915662116,0.736175035979));
#7748 = CARTESIAN_POINT('',(-18.01915662116,1.602200439763));
#7749 = CARTESIAN_POINT('',(-17.26915662116,1.169187737871));
#7750 = CARTESIAN_POINT('',(-16.51915662116,0.736175035979));
#7751 = CARTESIAN_POINT('',(-17.26915662116,0.303162334086));
#7752 = CARTESIAN_POINT('',(-18.01915662116,-0.129850367806));
#7753 = CARTESIAN_POINT('',(-18.01915662116,0.736175035979));
#7754 = ( GEOMETRIC_REPRESENTATION_CONTEXT(2) 
PARAMETRIC_REPRESENTATION_CONTEXT() REPRESENTATION_CONTEXT('2D SPACE',''
  ) );
#7755 = PCURVE('',#1746,#7756);
#7756 = DEFINITIONAL_REPRESENTATION('',(#7757),#7761);
#7757 = LINE('',#7758,#7759);
#7758 = CARTESIAN_POINT('',(0.,1.61));
#7759 = VECTOR('',#7760,1.);
#7760 = DIRECTION('',(1.,0.));
#7761 = ( GEOMETRIC_REPRESENTATION_CONTEXT(2) 
PARAMETRIC_REPRESENTATION_CONTEXT() REPRESENTATION_CONTEXT('2D SPACE',''
  ) );
#7762 = FACE_BOUND('',#7763,.F.);
#7763 = EDGE_LOOP('',(#7764));
#7764 = ORIENTED_EDGE('',*,*,#7765,.T.);
#7765 = EDGE_CURVE('',#7766,#7766,#7768,.T.);
#7766 = VERTEX_POINT('',#7767);
#7767 = CARTESIAN_POINT('',(139.92,-119.16,1.6));
#7768 = SURFACE_CURVE('',#7769,(#7774,#7785),.PCURVE_S1.);
#7769 = CIRCLE('',#7770,0.5);
#7770 = AXIS2_PLACEMENT_3D('',#7771,#7772,#7773);
#7771 = CARTESIAN_POINT('',(139.42,-119.16,1.6));
#7772 = DIRECTION('',(0.,0.,1.));
#7773 = DIRECTION('',(1.,0.,-0.));
#7774 = PCURVE('',#90,#7775);
#7775 = DEFINITIONAL_REPRESENTATION('',(#7776),#7784);
#7776 = ( BOUNDED_CURVE() B_SPLINE_CURVE(2,(#7777,#7778,#7779,#7780,
#7781,#7782,#7783),.UNSPECIFIED.,.T.,.F.) B_SPLINE_CURVE_WITH_KNOTS((1,2
    ,2,2,2,1),(-2.094395102393,0.,2.094395102393,4.188790204786,
6.28318530718,8.377580409573),.UNSPECIFIED.) CURVE() 
GEOMETRIC_REPRESENTATION_ITEM() RATIONAL_B_SPLINE_CURVE((1.,0.5,1.,0.5,
1.,0.5,1.)) REPRESENTATION_ITEM('') );
#7777 = CARTESIAN_POINT('',(3.850843378838,-30.79382496402));
#7778 = CARTESIAN_POINT('',(3.850843378838,-29.92779956023));
#7779 = CARTESIAN_POINT('',(4.600843378838,-30.36081226212));
#7780 = CARTESIAN_POINT('',(5.350843378838,-30.79382496402));
#7781 = CARTESIAN_POINT('',(4.600843378838,-31.22683766591));
#7782 = CARTESIAN_POINT('',(3.850843378838,-31.6598503678));
#7783 = CARTESIAN_POINT('',(3.850843378838,-30.79382496402));
#7784 = ( GEOMETRIC_REPRESENTATION_CONTEXT(2) 
PARAMETRIC_REPRESENTATION_CONTEXT() REPRESENTATION_CONTEXT('2D SPACE',''
  ) );
#7785 = PCURVE('',#1781,#7786);
#7786 = DEFINITIONAL_REPRESENTATION('',(#7787),#7791);
#7787 = LINE('',#7788,#7789);
#7788 = CARTESIAN_POINT('',(0.,1.61));
#7789 = VECTOR('',#7790,1.);
#7790 = DIRECTION('',(1.,0.));
#7791 = ( GEOMETRIC_REPRESENTATION_CONTEXT(2) 
PARAMETRIC_REPRESENTATION_CONTEXT() REPRESENTATION_CONTEXT('2D SPACE',''
  ) );
#7792 = FACE_BOUND('',#7793,.F.);
#7793 = EDGE_LOOP('',(#7794));
#7794 = ORIENTED_EDGE('',*,*,#7795,.T.);
#7795 = EDGE_CURVE('',#7796,#7796,#7798,.T.);
#7796 = VERTEX_POINT('',#7797);
#7797 = CARTESIAN_POINT('',(137.38,-119.16,1.6));
#7798 = SURFACE_CURVE('',#7799,(#7804,#7815),.PCURVE_S1.);
#7799 = CIRCLE('',#7800,0.5);
#7800 = AXIS2_PLACEMENT_3D('',#7801,#7802,#7803);
#7801 = CARTESIAN_POINT('',(136.88,-119.16,1.6));
#7802 = DIRECTION('',(0.,0.,1.));
#7803 = DIRECTION('',(1.,0.,-0.));
#7804 = PCURVE('',#90,#7805);
#7805 = DEFINITIONAL_REPRESENTATION('',(#7806),#7814);
#7806 = ( BOUNDED_CURVE() B_SPLINE_CURVE(2,(#7807,#7808,#7809,#7810,
#7811,#7812,#7813),.UNSPECIFIED.,.T.,.F.) B_SPLINE_CURVE_WITH_KNOTS((1,2
    ,2,2,2,1),(-2.094395102393,0.,2.094395102393,4.188790204786,
6.28318530718,8.377580409573),.UNSPECIFIED.) CURVE() 
GEOMETRIC_REPRESENTATION_ITEM() RATIONAL_B_SPLINE_CURVE((1.,0.5,1.,0.5,
1.,0.5,1.)) REPRESENTATION_ITEM('') );
#7807 = CARTESIAN_POINT('',(6.390843378838,-30.79382496402));
#7808 = CARTESIAN_POINT('',(6.390843378838,-29.92779956023));
#7809 = CARTESIAN_POINT('',(7.140843378838,-30.36081226212));
#7810 = CARTESIAN_POINT('',(7.890843378838,-30.79382496402));
#7811 = CARTESIAN_POINT('',(7.140843378838,-31.22683766591));
#7812 = CARTESIAN_POINT('',(6.390843378838,-31.6598503678));
#7813 = CARTESIAN_POINT('',(6.390843378838,-30.79382496402));
#7814 = ( GEOMETRIC_REPRESENTATION_CONTEXT(2) 
PARAMETRIC_REPRESENTATION_CONTEXT() REPRESENTATION_CONTEXT('2D SPACE',''
  ) );
#7815 = PCURVE('',#1816,#7816);
#7816 = DEFINITIONAL_REPRESENTATION('',(#7817),#7821);
#7817 = LINE('',#7818,#7819);
#7818 = CARTESIAN_POINT('',(0.,1.61));
#7819 = VECTOR('',#7820,1.);
#7820 = DIRECTION('',(1.,0.));
#7821 = ( GEOMETRIC_REPRESENTATION_CONTEXT(2) 
PARAMETRIC_REPRESENTATION_CONTEXT() REPRESENTATION_CONTEXT('2D SPACE',''
  ) );
#7822 = FACE_BOUND('',#7823,.F.);
#7823 = EDGE_LOOP('',(#7824));
#7824 = ORIENTED_EDGE('',*,*,#7825,.T.);
#7825 = EDGE_CURVE('',#7826,#7826,#7828,.T.);
#7826 = VERTEX_POINT('',#7827);
#7827 = CARTESIAN_POINT('',(139.92,-116.6,1.6));
#7828 = SURFACE_CURVE('',#7829,(#7834,#7845),.PCURVE_S1.);
#7829 = CIRCLE('',#7830,0.5);
#7830 = AXIS2_PLACEMENT_3D('',#7831,#7832,#7833);
#7831 = CARTESIAN_POINT('',(139.42,-116.6,1.6));
#7832 = DIRECTION('',(0.,0.,1.));
#7833 = DIRECTION('',(1.,0.,-0.));
#7834 = PCURVE('',#90,#7835);
#7835 = DEFINITIONAL_REPRESENTATION('',(#7836),#7844);
#7836 = ( BOUNDED_CURVE() B_SPLINE_CURVE(2,(#7837,#7838,#7839,#7840,
#7841,#7842,#7843),.UNSPECIFIED.,.T.,.F.) B_SPLINE_CURVE_WITH_KNOTS((1,2
    ,2,2,2,1),(-2.094395102393,0.,2.094395102393,4.188790204786,
6.28318530718,8.377580409573),.UNSPECIFIED.) CURVE() 
GEOMETRIC_REPRESENTATION_ITEM() RATIONAL_B_SPLINE_CURVE((1.,0.5,1.,0.5,
1.,0.5,1.)) REPRESENTATION_ITEM('') );
#7837 = CARTESIAN_POINT('',(3.850843378838,-28.23382496402));
#7838 = CARTESIAN_POINT('',(3.850843378838,-27.36779956023));
#7839 = CARTESIAN_POINT('',(4.600843378838,-27.80081226212));
#7840 = CARTESIAN_POINT('',(5.350843378838,-28.23382496402));
#7841 = CARTESIAN_POINT('',(4.600843378838,-28.66683766591));
#7842 = CARTESIAN_POINT('',(3.850843378838,-29.0998503678));
#7843 = CARTESIAN_POINT('',(3.850843378838,-28.23382496402));
#7844 = ( GEOMETRIC_REPRESENTATION_CONTEXT(2) 
PARAMETRIC_REPRESENTATION_CONTEXT() REPRESENTATION_CONTEXT('2D SPACE',''
  ) );
#7845 = PCURVE('',#1851,#7846);
#7846 = DEFINITIONAL_REPRESENTATION('',(#7847),#7851);
#7847 = LINE('',#7848,#7849);
#7848 = CARTESIAN_POINT('',(0.,1.61));
#7849 = VECTOR('',#7850,1.);
#7850 = DIRECTION('',(1.,0.));
#7851 = ( GEOMETRIC_REPRESENTATION_CONTEXT(2) 
PARAMETRIC_REPRESENTATION_CONTEXT() REPRESENTATION_CONTEXT('2D SPACE',''
  ) );
#7852 = FACE_BOUND('',#7853,.F.);
#7853 = EDGE_LOOP('',(#7854));
#7854 = ORIENTED_EDGE('',*,*,#7855,.T.);
#7855 = EDGE_CURVE('',#7856,#7856,#7858,.T.);
#7856 = VERTEX_POINT('',#7857);
#7857 = CARTESIAN_POINT('',(137.38,-116.6,1.6));
#7858 = SURFACE_CURVE('',#7859,(#7864,#7875),.PCURVE_S1.);
#7859 = CIRCLE('',#7860,0.5);
#7860 = AXIS2_PLACEMENT_3D('',#7861,#7862,#7863);
#7861 = CARTESIAN_POINT('',(136.88,-116.6,1.6));
#7862 = DIRECTION('',(0.,0.,1.));
#7863 = DIRECTION('',(1.,0.,-0.));
#7864 = PCURVE('',#90,#7865);
#7865 = DEFINITIONAL_REPRESENTATION('',(#7866),#7874);
#7866 = ( BOUNDED_CURVE() B_SPLINE_CURVE(2,(#7867,#7868,#7869,#7870,
#7871,#7872,#7873),.UNSPECIFIED.,.T.,.F.) B_SPLINE_CURVE_WITH_KNOTS((1,2
    ,2,2,2,1),(-2.094395102393,0.,2.094395102393,4.188790204786,
6.28318530718,8.377580409573),.UNSPECIFIED.) CURVE() 
GEOMETRIC_REPRESENTATION_ITEM() RATIONAL_B_SPLINE_CURVE((1.,0.5,1.,0.5,
1.,0.5,1.)) REPRESENTATION_ITEM('') );
#7867 = CARTESIAN_POINT('',(6.390843378838,-28.23382496402));
#7868 = CARTESIAN_POINT('',(6.390843378838,-27.36779956023));
#7869 = CARTESIAN_POINT('',(7.140843378838,-27.80081226212));
#7870 = CARTESIAN_POINT('',(7.890843378838,-28.23382496402));
#7871 = CARTESIAN_POINT('',(7.140843378838,-28.66683766591));
#7872 = CARTESIAN_POINT('',(6.390843378838,-29.0998503678));
#7873 = CARTESIAN_POINT('',(6.390843378838,-28.23382496402));
#7874 = ( GEOMETRIC_REPRESENTATION_CONTEXT(2) 
PARAMETRIC_REPRESENTATION_CONTEXT() REPRESENTATION_CONTEXT('2D SPACE',''
  ) );
#7875 = PCURVE('',#1886,#7876);
#7876 = DEFINITIONAL_REPRESENTATION('',(#7877),#7881);
#7877 = LINE('',#7878,#7879);
#7878 = CARTESIAN_POINT('',(0.,1.61));
#7879 = VECTOR('',#7880,1.);
#7880 = DIRECTION('',(1.,0.));
#7881 = ( GEOMETRIC_REPRESENTATION_CONTEXT(2) 
PARAMETRIC_REPRESENTATION_CONTEXT() REPRESENTATION_CONTEXT('2D SPACE',''
  ) );
#7882 = FACE_BOUND('',#7883,.F.);
#7883 = EDGE_LOOP('',(#7884));
#7884 = ORIENTED_EDGE('',*,*,#7885,.T.);
#7885 = EDGE_CURVE('',#7886,#7886,#7888,.T.);
#7886 = VERTEX_POINT('',#7887);
#7887 = CARTESIAN_POINT('',(134.84,-119.16,1.6));
#7888 = SURFACE_CURVE('',#7889,(#7894,#7905),.PCURVE_S1.);
#7889 = CIRCLE('',#7890,0.5);
#7890 = AXIS2_PLACEMENT_3D('',#7891,#7892,#7893);
#7891 = CARTESIAN_POINT('',(134.34,-119.16,1.6));
#7892 = DIRECTION('',(0.,0.,1.));
#7893 = DIRECTION('',(1.,0.,-0.));
#7894 = PCURVE('',#90,#7895);
#7895 = DEFINITIONAL_REPRESENTATION('',(#7896),#7904);
#7896 = ( BOUNDED_CURVE() B_SPLINE_CURVE(2,(#7897,#7898,#7899,#7900,
#7901,#7902,#7903),.UNSPECIFIED.,.T.,.F.) B_SPLINE_CURVE_WITH_KNOTS((1,2
    ,2,2,2,1),(-2.094395102393,0.,2.094395102393,4.188790204786,
6.28318530718,8.377580409573),.UNSPECIFIED.) CURVE() 
GEOMETRIC_REPRESENTATION_ITEM() RATIONAL_B_SPLINE_CURVE((1.,0.5,1.,0.5,
1.,0.5,1.)) REPRESENTATION_ITEM('') );
#7897 = CARTESIAN_POINT('',(8.930843378838,-30.79382496402));
#7898 = CARTESIAN_POINT('',(8.930843378838,-29.92779956023));
#7899 = CARTESIAN_POINT('',(9.680843378838,-30.36081226212));
#7900 = CARTESIAN_POINT('',(10.430843378838,-30.79382496402));
#7901 = CARTESIAN_POINT('',(9.680843378838,-31.22683766591));
#7902 = CARTESIAN_POINT('',(8.930843378838,-31.6598503678));
#7903 = CARTESIAN_POINT('',(8.930843378838,-30.79382496402));
#7904 = ( GEOMETRIC_REPRESENTATION_CONTEXT(2) 
PARAMETRIC_REPRESENTATION_CONTEXT() REPRESENTATION_CONTEXT('2D SPACE',''
  ) );
#7905 = PCURVE('',#1921,#7906);
#7906 = DEFINITIONAL_REPRESENTATION('',(#7907),#7911);
#7907 = LINE('',#7908,#7909);
#7908 = CARTESIAN_POINT('',(0.,1.61));
#7909 = VECTOR('',#7910,1.);
#7910 = DIRECTION('',(1.,0.));
#7911 = ( GEOMETRIC_REPRESENTATION_CONTEXT(2) 
PARAMETRIC_REPRESENTATION_CONTEXT() REPRESENTATION_CONTEXT('2D SPACE',''
  ) );
#7912 = FACE_BOUND('',#7913,.F.);
#7913 = EDGE_LOOP('',(#7914));
#7914 = ORIENTED_EDGE('',*,*,#7915,.T.);
#7915 = EDGE_CURVE('',#7916,#7916,#7918,.T.);
#7916 = VERTEX_POINT('',#7917);
#7917 = CARTESIAN_POINT('',(132.3,-119.16,1.6));
#7918 = SURFACE_CURVE('',#7919,(#7924,#7935),.PCURVE_S1.);
#7919 = CIRCLE('',#7920,0.5);
#7920 = AXIS2_PLACEMENT_3D('',#7921,#7922,#7923);
#7921 = CARTESIAN_POINT('',(131.8,-119.16,1.6));
#7922 = DIRECTION('',(0.,0.,1.));
#7923 = DIRECTION('',(1.,0.,-0.));
#7924 = PCURVE('',#90,#7925);
#7925 = DEFINITIONAL_REPRESENTATION('',(#7926),#7934);
#7926 = ( BOUNDED_CURVE() B_SPLINE_CURVE(2,(#7927,#7928,#7929,#7930,
#7931,#7932,#7933),.UNSPECIFIED.,.T.,.F.) B_SPLINE_CURVE_WITH_KNOTS((1,2
    ,2,2,2,1),(-2.094395102393,0.,2.094395102393,4.188790204786,
6.28318530718,8.377580409573),.UNSPECIFIED.) CURVE() 
GEOMETRIC_REPRESENTATION_ITEM() RATIONAL_B_SPLINE_CURVE((1.,0.5,1.,0.5,
1.,0.5,1.)) REPRESENTATION_ITEM('') );
#7927 = CARTESIAN_POINT('',(11.470843378838,-30.79382496402));
#7928 = CARTESIAN_POINT('',(11.470843378838,-29.92779956023));
#7929 = CARTESIAN_POINT('',(12.220843378838,-30.36081226212));
#7930 = CARTESIAN_POINT('',(12.970843378838,-30.79382496402));
#7931 = CARTESIAN_POINT('',(12.220843378838,-31.22683766591));
#7932 = CARTESIAN_POINT('',(11.470843378838,-31.6598503678));
#7933 = CARTESIAN_POINT('',(11.470843378838,-30.79382496402));
#7934 = ( GEOMETRIC_REPRESENTATION_CONTEXT(2) 
PARAMETRIC_REPRESENTATION_CONTEXT() REPRESENTATION_CONTEXT('2D SPACE',''
  ) );
#7935 = PCURVE('',#1956,#7936);
#7936 = DEFINITIONAL_REPRESENTATION('',(#7937),#7941);
#7937 = LINE('',#7938,#7939);
#7938 = CARTESIAN_POINT('',(0.,1.61));
#7939 = VECTOR('',#7940,1.);
#7940 = DIRECTION('',(1.,0.));
#7941 = ( GEOMETRIC_REPRESENTATION_CONTEXT(2) 
PARAMETRIC_REPRESENTATION_CONTEXT() REPRESENTATION_CONTEXT('2D SPACE',''
  ) );
#7942 = FACE_BOUND('',#7943,.F.);
#7943 = EDGE_LOOP('',(#7944));
#7944 = ORIENTED_EDGE('',*,*,#7945,.T.);
#7945 = EDGE_CURVE('',#7946,#7946,#7948,.T.);
#7946 = VERTEX_POINT('',#7947);
#7947 = CARTESIAN_POINT('',(134.84,-116.6,1.6));
#7948 = SURFACE_CURVE('',#7949,(#7954,#7965),.PCURVE_S1.);
#7949 = CIRCLE('',#7950,0.5);
#7950 = AXIS2_PLACEMENT_3D('',#7951,#7952,#7953);
#7951 = CARTESIAN_POINT('',(134.34,-116.6,1.6));
#7952 = DIRECTION('',(0.,0.,1.));
#7953 = DIRECTION('',(1.,0.,-0.));
#7954 = PCURVE('',#90,#7955);
#7955 = DEFINITIONAL_REPRESENTATION('',(#7956),#7964);
#7956 = ( BOUNDED_CURVE() B_SPLINE_CURVE(2,(#7957,#7958,#7959,#7960,
#7961,#7962,#7963),.UNSPECIFIED.,.T.,.F.) B_SPLINE_CURVE_WITH_KNOTS((1,2
    ,2,2,2,1),(-2.094395102393,0.,2.094395102393,4.188790204786,
6.28318530718,8.377580409573),.UNSPECIFIED.) CURVE() 
GEOMETRIC_REPRESENTATION_ITEM() RATIONAL_B_SPLINE_CURVE((1.,0.5,1.,0.5,
1.,0.5,1.)) REPRESENTATION_ITEM('') );
#7957 = CARTESIAN_POINT('',(8.930843378838,-28.23382496402));
#7958 = CARTESIAN_POINT('',(8.930843378838,-27.36779956023));
#7959 = CARTESIAN_POINT('',(9.680843378838,-27.80081226212));
#7960 = CARTESIAN_POINT('',(10.430843378838,-28.23382496402));
#7961 = CARTESIAN_POINT('',(9.680843378838,-28.66683766591));
#7962 = CARTESIAN_POINT('',(8.930843378838,-29.0998503678));
#7963 = CARTESIAN_POINT('',(8.930843378838,-28.23382496402));
#7964 = ( GEOMETRIC_REPRESENTATION_CONTEXT(2) 
PARAMETRIC_REPRESENTATION_CONTEXT() REPRESENTATION_CONTEXT('2D SPACE',''
  ) );
#7965 = PCURVE('',#1991,#7966);
#7966 = DEFINITIONAL_REPRESENTATION('',(#7967),#7971);
#7967 = LINE('',#7968,#7969);
#7968 = CARTESIAN_POINT('',(0.,1.61));
#7969 = VECTOR('',#7970,1.);
#7970 = DIRECTION('',(1.,0.));
#7971 = ( GEOMETRIC_REPRESENTATION_CONTEXT(2) 
PARAMETRIC_REPRESENTATION_CONTEXT() REPRESENTATION_CONTEXT('2D SPACE',''
  ) );
#7972 = FACE_BOUND('',#7973,.F.);
#7973 = EDGE_LOOP('',(#7974));
#7974 = ORIENTED_EDGE('',*,*,#7975,.T.);
#7975 = EDGE_CURVE('',#7976,#7976,#7978,.T.);
#7976 = VERTEX_POINT('',#7977);
#7977 = CARTESIAN_POINT('',(132.3,-116.6,1.6));
#7978 = SURFACE_CURVE('',#7979,(#7984,#7995),.PCURVE_S1.);
#7979 = CIRCLE('',#7980,0.5);
#7980 = AXIS2_PLACEMENT_3D('',#7981,#7982,#7983);
#7981 = CARTESIAN_POINT('',(131.8,-116.6,1.6));
#7982 = DIRECTION('',(0.,0.,1.));
#7983 = DIRECTION('',(1.,0.,-0.));
#7984 = PCURVE('',#90,#7985);
#7985 = DEFINITIONAL_REPRESENTATION('',(#7986),#7994);
#7986 = ( BOUNDED_CURVE() B_SPLINE_CURVE(2,(#7987,#7988,#7989,#7990,
#7991,#7992,#7993),.UNSPECIFIED.,.T.,.F.) B_SPLINE_CURVE_WITH_KNOTS((1,2
    ,2,2,2,1),(-2.094395102393,0.,2.094395102393,4.188790204786,
6.28318530718,8.377580409573),.UNSPECIFIED.) CURVE() 
GEOMETRIC_REPRESENTATION_ITEM() RATIONAL_B_SPLINE_CURVE((1.,0.5,1.,0.5,
1.,0.5,1.)) REPRESENTATION_ITEM('') );
#7987 = CARTESIAN_POINT('',(11.470843378838,-28.23382496402));
#7988 = CARTESIAN_POINT('',(11.470843378838,-27.36779956023));
#7989 = CARTESIAN_POINT('',(12.220843378838,-27.80081226212));
#7990 = CARTESIAN_POINT('',(12.970843378838,-28.23382496402));
#7991 = CARTESIAN_POINT('',(12.220843378838,-28.66683766591));
#7992 = CARTESIAN_POINT('',(11.470843378838,-29.0998503678));
#7993 = CARTESIAN_POINT('',(11.470843378838,-28.23382496402));
#7994 = ( GEOMETRIC_REPRESENTATION_CONTEXT(2) 
PARAMETRIC_REPRESENTATION_CONTEXT() REPRESENTATION_CONTEXT('2D SPACE',''
  ) );
#7995 = PCURVE('',#2026,#7996);
#7996 = DEFINITIONAL_REPRESENTATION('',(#7997),#8001);
#7997 = LINE('',#7998,#7999);
#7998 = CARTESIAN_POINT('',(0.,1.61));
#7999 = VECTOR('',#8000,1.);
#8000 = DIRECTION('',(1.,0.));
#8001 = ( GEOMETRIC_REPRESENTATION_CONTEXT(2) 
PARAMETRIC_REPRESENTATION_CONTEXT() REPRESENTATION_CONTEXT('2D SPACE',''
  ) );
#8002 = FACE_BOUND('',#8003,.F.);
#8003 = EDGE_LOOP('',(#8004));
#8004 = ORIENTED_EDGE('',*,*,#8005,.T.);
#8005 = EDGE_CURVE('',#8006,#8006,#8008,.T.);
#8006 = VERTEX_POINT('',#8007);
#8007 = CARTESIAN_POINT('',(139.92,-114.04,1.6));
#8008 = SURFACE_CURVE('',#8009,(#8014,#8025),.PCURVE_S1.);
#8009 = CIRCLE('',#8010,0.5);
#8010 = AXIS2_PLACEMENT_3D('',#8011,#8012,#8013);
#8011 = CARTESIAN_POINT('',(139.42,-114.04,1.6));
#8012 = DIRECTION('',(0.,0.,1.));
#8013 = DIRECTION('',(1.,0.,-0.));
#8014 = PCURVE('',#90,#8015);
#8015 = DEFINITIONAL_REPRESENTATION('',(#8016),#8024);
#8016 = ( BOUNDED_CURVE() B_SPLINE_CURVE(2,(#8017,#8018,#8019,#8020,
#8021,#8022,#8023),.UNSPECIFIED.,.T.,.F.) B_SPLINE_CURVE_WITH_KNOTS((1,2
    ,2,2,2,1),(-2.094395102393,0.,2.094395102393,4.188790204786,
6.28318530718,8.377580409573),.UNSPECIFIED.) CURVE() 
GEOMETRIC_REPRESENTATION_ITEM() RATIONAL_B_SPLINE_CURVE((1.,0.5,1.,0.5,
1.,0.5,1.)) REPRESENTATION_ITEM('') );
#8017 = CARTESIAN_POINT('',(3.850843378838,-25.67382496402));
#8018 = CARTESIAN_POINT('',(3.850843378838,-24.80779956023));
#8019 = CARTESIAN_POINT('',(4.600843378838,-25.24081226212));
#8020 = CARTESIAN_POINT('',(5.350843378838,-25.67382496402));
#8021 = CARTESIAN_POINT('',(4.600843378838,-26.10683766591));
#8022 = CARTESIAN_POINT('',(3.850843378838,-26.5398503678));
#8023 = CARTESIAN_POINT('',(3.850843378838,-25.67382496402));
#8024 = ( GEOMETRIC_REPRESENTATION_CONTEXT(2) 
PARAMETRIC_REPRESENTATION_CONTEXT() REPRESENTATION_CONTEXT('2D SPACE',''
  ) );
#8025 = PCURVE('',#2061,#8026);
#8026 = DEFINITIONAL_REPRESENTATION('',(#8027),#8031);
#8027 = LINE('',#8028,#8029);
#8028 = CARTESIAN_POINT('',(0.,1.61));
#8029 = VECTOR('',#8030,1.);
#8030 = DIRECTION('',(1.,0.));
#8031 = ( GEOMETRIC_REPRESENTATION_CONTEXT(2) 
PARAMETRIC_REPRESENTATION_CONTEXT() REPRESENTATION_CONTEXT('2D SPACE',''
  ) );
#8032 = FACE_BOUND('',#8033,.F.);
#8033 = EDGE_LOOP('',(#8034));
#8034 = ORIENTED_EDGE('',*,*,#8035,.T.);
#8035 = EDGE_CURVE('',#8036,#8036,#8038,.T.);
#8036 = VERTEX_POINT('',#8037);
#8037 = CARTESIAN_POINT('',(137.38,-114.04,1.6));
#8038 = SURFACE_CURVE('',#8039,(#8044,#8055),.PCURVE_S1.);
#8039 = CIRCLE('',#8040,0.5);
#8040 = AXIS2_PLACEMENT_3D('',#8041,#8042,#8043);
#8041 = CARTESIAN_POINT('',(136.88,-114.04,1.6));
#8042 = DIRECTION('',(0.,0.,1.));
#8043 = DIRECTION('',(1.,0.,-0.));
#8044 = PCURVE('',#90,#8045);
#8045 = DEFINITIONAL_REPRESENTATION('',(#8046),#8054);
#8046 = ( BOUNDED_CURVE() B_SPLINE_CURVE(2,(#8047,#8048,#8049,#8050,
#8051,#8052,#8053),.UNSPECIFIED.,.T.,.F.) B_SPLINE_CURVE_WITH_KNOTS((1,2
    ,2,2,2,1),(-2.094395102393,0.,2.094395102393,4.188790204786,
6.28318530718,8.377580409573),.UNSPECIFIED.) CURVE() 
GEOMETRIC_REPRESENTATION_ITEM() RATIONAL_B_SPLINE_CURVE((1.,0.5,1.,0.5,
1.,0.5,1.)) REPRESENTATION_ITEM('') );
#8047 = CARTESIAN_POINT('',(6.390843378838,-25.67382496402));
#8048 = CARTESIAN_POINT('',(6.390843378838,-24.80779956023));
#8049 = CARTESIAN_POINT('',(7.140843378838,-25.24081226212));
#8050 = CARTESIAN_POINT('',(7.890843378838,-25.67382496402));
#8051 = CARTESIAN_POINT('',(7.140843378838,-26.10683766591));
#8052 = CARTESIAN_POINT('',(6.390843378838,-26.5398503678));
#8053 = CARTESIAN_POINT('',(6.390843378838,-25.67382496402));
#8054 = ( GEOMETRIC_REPRESENTATION_CONTEXT(2) 
PARAMETRIC_REPRESENTATION_CONTEXT() REPRESENTATION_CONTEXT('2D SPACE',''
  ) );
#8055 = PCURVE('',#2096,#8056);
#8056 = DEFINITIONAL_REPRESENTATION('',(#8057),#8061);
#8057 = LINE('',#8058,#8059);
#8058 = CARTESIAN_POINT('',(0.,1.61));
#8059 = VECTOR('',#8060,1.);
#8060 = DIRECTION('',(1.,0.));
#8061 = ( GEOMETRIC_REPRESENTATION_CONTEXT(2) 
PARAMETRIC_REPRESENTATION_CONTEXT() REPRESENTATION_CONTEXT('2D SPACE',''
  ) );
#8062 = FACE_BOUND('',#8063,.F.);
#8063 = EDGE_LOOP('',(#8064));
#8064 = ORIENTED_EDGE('',*,*,#8065,.T.);
#8065 = EDGE_CURVE('',#8066,#8066,#8068,.T.);
#8066 = VERTEX_POINT('',#8067);
#8067 = CARTESIAN_POINT('',(139.92,-111.48,1.6));
#8068 = SURFACE_CURVE('',#8069,(#8074,#8085),.PCURVE_S1.);
#8069 = CIRCLE('',#8070,0.5);
#8070 = AXIS2_PLACEMENT_3D('',#8071,#8072,#8073);
#8071 = CARTESIAN_POINT('',(139.42,-111.48,1.6));
#8072 = DIRECTION('',(0.,0.,1.));
#8073 = DIRECTION('',(1.,0.,-0.));
#8074 = PCURVE('',#90,#8075);
#8075 = DEFINITIONAL_REPRESENTATION('',(#8076),#8084);
#8076 = ( BOUNDED_CURVE() B_SPLINE_CURVE(2,(#8077,#8078,#8079,#8080,
#8081,#8082,#8083),.UNSPECIFIED.,.T.,.F.) B_SPLINE_CURVE_WITH_KNOTS((1,2
    ,2,2,2,1),(-2.094395102393,0.,2.094395102393,4.188790204786,
6.28318530718,8.377580409573),.UNSPECIFIED.) CURVE() 
GEOMETRIC_REPRESENTATION_ITEM() RATIONAL_B_SPLINE_CURVE((1.,0.5,1.,0.5,
1.,0.5,1.)) REPRESENTATION_ITEM('') );
#8077 = CARTESIAN_POINT('',(3.850843378838,-23.11382496402));
#8078 = CARTESIAN_POINT('',(3.850843378838,-22.24779956023));
#8079 = CARTESIAN_POINT('',(4.600843378838,-22.68081226212));
#8080 = CARTESIAN_POINT('',(5.350843378838,-23.11382496402));
#8081 = CARTESIAN_POINT('',(4.600843378838,-23.54683766591));
#8082 = CARTESIAN_POINT('',(3.850843378838,-23.9798503678));
#8083 = CARTESIAN_POINT('',(3.850843378838,-23.11382496402));
#8084 = ( GEOMETRIC_REPRESENTATION_CONTEXT(2) 
PARAMETRIC_REPRESENTATION_CONTEXT() REPRESENTATION_CONTEXT('2D SPACE',''
  ) );
#8085 = PCURVE('',#2131,#8086);
#8086 = DEFINITIONAL_REPRESENTATION('',(#8087),#8091);
#8087 = LINE('',#8088,#8089);
#8088 = CARTESIAN_POINT('',(0.,1.61));
#8089 = VECTOR('',#8090,1.);
#8090 = DIRECTION('',(1.,0.));
#8091 = ( GEOMETRIC_REPRESENTATION_CONTEXT(2) 
PARAMETRIC_REPRESENTATION_CONTEXT() REPRESENTATION_CONTEXT('2D SPACE',''
  ) );
#8092 = FACE_BOUND('',#8093,.F.);
#8093 = EDGE_LOOP('',(#8094));
#8094 = ORIENTED_EDGE('',*,*,#8095,.T.);
#8095 = EDGE_CURVE('',#8096,#8096,#8098,.T.);
#8096 = VERTEX_POINT('',#8097);
#8097 = CARTESIAN_POINT('',(137.38,-111.48,1.6));
#8098 = SURFACE_CURVE('',#8099,(#8104,#8115),.PCURVE_S1.);
#8099 = CIRCLE('',#8100,0.5);
#8100 = AXIS2_PLACEMENT_3D('',#8101,#8102,#8103);
#8101 = CARTESIAN_POINT('',(136.88,-111.48,1.6));
#8102 = DIRECTION('',(0.,0.,1.));
#8103 = DIRECTION('',(1.,0.,-0.));
#8104 = PCURVE('',#90,#8105);
#8105 = DEFINITIONAL_REPRESENTATION('',(#8106),#8114);
#8106 = ( BOUNDED_CURVE() B_SPLINE_CURVE(2,(#8107,#8108,#8109,#8110,
#8111,#8112,#8113),.UNSPECIFIED.,.T.,.F.) B_SPLINE_CURVE_WITH_KNOTS((1,2
    ,2,2,2,1),(-2.094395102393,0.,2.094395102393,4.188790204786,
6.28318530718,8.377580409573),.UNSPECIFIED.) CURVE() 
GEOMETRIC_REPRESENTATION_ITEM() RATIONAL_B_SPLINE_CURVE((1.,0.5,1.,0.5,
1.,0.5,1.)) REPRESENTATION_ITEM('') );
#8107 = CARTESIAN_POINT('',(6.390843378838,-23.11382496402));
#8108 = CARTESIAN_POINT('',(6.390843378838,-22.24779956023));
#8109 = CARTESIAN_POINT('',(7.140843378838,-22.68081226212));
#8110 = CARTESIAN_POINT('',(7.890843378838,-23.11382496402));
#8111 = CARTESIAN_POINT('',(7.140843378838,-23.54683766591));
#8112 = CARTESIAN_POINT('',(6.390843378838,-23.9798503678));
#8113 = CARTESIAN_POINT('',(6.390843378838,-23.11382496402));
#8114 = ( GEOMETRIC_REPRESENTATION_CONTEXT(2) 
PARAMETRIC_REPRESENTATION_CONTEXT() REPRESENTATION_CONTEXT('2D SPACE',''
  ) );
#8115 = PCURVE('',#2166,#8116);
#8116 = DEFINITIONAL_REPRESENTATION('',(#8117),#8121);
#8117 = LINE('',#8118,#8119);
#8118 = CARTESIAN_POINT('',(0.,1.61));
#8119 = VECTOR('',#8120,1.);
#8120 = DIRECTION('',(1.,0.));
#8121 = ( GEOMETRIC_REPRESENTATION_CONTEXT(2) 
PARAMETRIC_REPRESENTATION_CONTEXT() REPRESENTATION_CONTEXT('2D SPACE',''
  ) );
#8122 = FACE_BOUND('',#8123,.F.);
#8123 = EDGE_LOOP('',(#8124));
#8124 = ORIENTED_EDGE('',*,*,#8125,.T.);
#8125 = EDGE_CURVE('',#8126,#8126,#8128,.T.);
#8126 = VERTEX_POINT('',#8127);
#8127 = CARTESIAN_POINT('',(134.84,-114.04,1.6));
#8128 = SURFACE_CURVE('',#8129,(#8134,#8145),.PCURVE_S1.);
#8129 = CIRCLE('',#8130,0.5);
#8130 = AXIS2_PLACEMENT_3D('',#8131,#8132,#8133);
#8131 = CARTESIAN_POINT('',(134.34,-114.04,1.6));
#8132 = DIRECTION('',(0.,0.,1.));
#8133 = DIRECTION('',(1.,0.,-0.));
#8134 = PCURVE('',#90,#8135);
#8135 = DEFINITIONAL_REPRESENTATION('',(#8136),#8144);
#8136 = ( BOUNDED_CURVE() B_SPLINE_CURVE(2,(#8137,#8138,#8139,#8140,
#8141,#8142,#8143),.UNSPECIFIED.,.T.,.F.) B_SPLINE_CURVE_WITH_KNOTS((1,2
    ,2,2,2,1),(-2.094395102393,0.,2.094395102393,4.188790204786,
6.28318530718,8.377580409573),.UNSPECIFIED.) CURVE() 
GEOMETRIC_REPRESENTATION_ITEM() RATIONAL_B_SPLINE_CURVE((1.,0.5,1.,0.5,
1.,0.5,1.)) REPRESENTATION_ITEM('') );
#8137 = CARTESIAN_POINT('',(8.930843378838,-25.67382496402));
#8138 = CARTESIAN_POINT('',(8.930843378838,-24.80779956023));
#8139 = CARTESIAN_POINT('',(9.680843378838,-25.24081226212));
#8140 = CARTESIAN_POINT('',(10.430843378838,-25.67382496402));
#8141 = CARTESIAN_POINT('',(9.680843378838,-26.10683766591));
#8142 = CARTESIAN_POINT('',(8.930843378838,-26.5398503678));
#8143 = CARTESIAN_POINT('',(8.930843378838,-25.67382496402));
#8144 = ( GEOMETRIC_REPRESENTATION_CONTEXT(2) 
PARAMETRIC_REPRESENTATION_CONTEXT() REPRESENTATION_CONTEXT('2D SPACE',''
  ) );
#8145 = PCURVE('',#2201,#8146);
#8146 = DEFINITIONAL_REPRESENTATION('',(#8147),#8151);
#8147 = LINE('',#8148,#8149);
#8148 = CARTESIAN_POINT('',(0.,1.61));
#8149 = VECTOR('',#8150,1.);
#8150 = DIRECTION('',(1.,0.));
#8151 = ( GEOMETRIC_REPRESENTATION_CONTEXT(2) 
PARAMETRIC_REPRESENTATION_CONTEXT() REPRESENTATION_CONTEXT('2D SPACE',''
  ) );
#8152 = FACE_BOUND('',#8153,.F.);
#8153 = EDGE_LOOP('',(#8154));
#8154 = ORIENTED_EDGE('',*,*,#8155,.T.);
#8155 = EDGE_CURVE('',#8156,#8156,#8158,.T.);
#8156 = VERTEX_POINT('',#8157);
#8157 = CARTESIAN_POINT('',(132.3,-114.04,1.6));
#8158 = SURFACE_CURVE('',#8159,(#8164,#8175),.PCURVE_S1.);
#8159 = CIRCLE('',#8160,0.5);
#8160 = AXIS2_PLACEMENT_3D('',#8161,#8162,#8163);
#8161 = CARTESIAN_POINT('',(131.8,-114.04,1.6));
#8162 = DIRECTION('',(0.,0.,1.));
#8163 = DIRECTION('',(1.,0.,-0.));
#8164 = PCURVE('',#90,#8165);
#8165 = DEFINITIONAL_REPRESENTATION('',(#8166),#8174);
#8166 = ( BOUNDED_CURVE() B_SPLINE_CURVE(2,(#8167,#8168,#8169,#8170,
#8171,#8172,#8173),.UNSPECIFIED.,.T.,.F.) B_SPLINE_CURVE_WITH_KNOTS((1,2
    ,2,2,2,1),(-2.094395102393,0.,2.094395102393,4.188790204786,
6.28318530718,8.377580409573),.UNSPECIFIED.) CURVE() 
GEOMETRIC_REPRESENTATION_ITEM() RATIONAL_B_SPLINE_CURVE((1.,0.5,1.,0.5,
1.,0.5,1.)) REPRESENTATION_ITEM('') );
#8167 = CARTESIAN_POINT('',(11.470843378838,-25.67382496402));
#8168 = CARTESIAN_POINT('',(11.470843378838,-24.80779956023));
#8169 = CARTESIAN_POINT('',(12.220843378838,-25.24081226212));
#8170 = CARTESIAN_POINT('',(12.970843378838,-25.67382496402));
#8171 = CARTESIAN_POINT('',(12.220843378838,-26.10683766591));
#8172 = CARTESIAN_POINT('',(11.470843378838,-26.5398503678));
#8173 = CARTESIAN_POINT('',(11.470843378838,-25.67382496402));
#8174 = ( GEOMETRIC_REPRESENTATION_CONTEXT(2) 
PARAMETRIC_REPRESENTATION_CONTEXT() REPRESENTATION_CONTEXT('2D SPACE',''
  ) );
#8175 = PCURVE('',#2236,#8176);
#8176 = DEFINITIONAL_REPRESENTATION('',(#8177),#8181);
#8177 = LINE('',#8178,#8179);
#8178 = CARTESIAN_POINT('',(0.,1.61));
#8179 = VECTOR('',#8180,1.);
#8180 = DIRECTION('',(1.,0.));
#8181 = ( GEOMETRIC_REPRESENTATION_CONTEXT(2) 
PARAMETRIC_REPRESENTATION_CONTEXT() REPRESENTATION_CONTEXT('2D SPACE',''
  ) );
#8182 = FACE_BOUND('',#8183,.F.);
#8183 = EDGE_LOOP('',(#8184));
#8184 = ORIENTED_EDGE('',*,*,#8185,.T.);
#8185 = EDGE_CURVE('',#8186,#8186,#8188,.T.);
#8186 = VERTEX_POINT('',#8187);
#8187 = CARTESIAN_POINT('',(134.84,-111.48,1.6));
#8188 = SURFACE_CURVE('',#8189,(#8194,#8205),.PCURVE_S1.);
#8189 = CIRCLE('',#8190,0.5);
#8190 = AXIS2_PLACEMENT_3D('',#8191,#8192,#8193);
#8191 = CARTESIAN_POINT('',(134.34,-111.48,1.6));
#8192 = DIRECTION('',(0.,0.,1.));
#8193 = DIRECTION('',(1.,0.,-0.));
#8194 = PCURVE('',#90,#8195);
#8195 = DEFINITIONAL_REPRESENTATION('',(#8196),#8204);
#8196 = ( BOUNDED_CURVE() B_SPLINE_CURVE(2,(#8197,#8198,#8199,#8200,
#8201,#8202,#8203),.UNSPECIFIED.,.T.,.F.) B_SPLINE_CURVE_WITH_KNOTS((1,2
    ,2,2,2,1),(-2.094395102393,0.,2.094395102393,4.188790204786,
6.28318530718,8.377580409573),.UNSPECIFIED.) CURVE() 
GEOMETRIC_REPRESENTATION_ITEM() RATIONAL_B_SPLINE_CURVE((1.,0.5,1.,0.5,
1.,0.5,1.)) REPRESENTATION_ITEM('') );
#8197 = CARTESIAN_POINT('',(8.930843378838,-23.11382496402));
#8198 = CARTESIAN_POINT('',(8.930843378838,-22.24779956023));
#8199 = CARTESIAN_POINT('',(9.680843378838,-22.68081226212));
#8200 = CARTESIAN_POINT('',(10.430843378838,-23.11382496402));
#8201 = CARTESIAN_POINT('',(9.680843378838,-23.54683766591));
#8202 = CARTESIAN_POINT('',(8.930843378838,-23.9798503678));
#8203 = CARTESIAN_POINT('',(8.930843378838,-23.11382496402));
#8204 = ( GEOMETRIC_REPRESENTATION_CONTEXT(2) 
PARAMETRIC_REPRESENTATION_CONTEXT() REPRESENTATION_CONTEXT('2D SPACE',''
  ) );
#8205 = PCURVE('',#2271,#8206);
#8206 = DEFINITIONAL_REPRESENTATION('',(#8207),#8211);
#8207 = LINE('',#8208,#8209);
#8208 = CARTESIAN_POINT('',(0.,1.61));
#8209 = VECTOR('',#8210,1.);
#8210 = DIRECTION('',(1.,0.));
#8211 = ( GEOMETRIC_REPRESENTATION_CONTEXT(2) 
PARAMETRIC_REPRESENTATION_CONTEXT() REPRESENTATION_CONTEXT('2D SPACE',''
  ) );
#8212 = FACE_BOUND('',#8213,.F.);
#8213 = EDGE_LOOP('',(#8214));
#8214 = ORIENTED_EDGE('',*,*,#8215,.T.);
#8215 = EDGE_CURVE('',#8216,#8216,#8218,.T.);
#8216 = VERTEX_POINT('',#8217);
#8217 = CARTESIAN_POINT('',(132.3,-111.48,1.6));
#8218 = SURFACE_CURVE('',#8219,(#8224,#8235),.PCURVE_S1.);
#8219 = CIRCLE('',#8220,0.5);
#8220 = AXIS2_PLACEMENT_3D('',#8221,#8222,#8223);
#8221 = CARTESIAN_POINT('',(131.8,-111.48,1.6));
#8222 = DIRECTION('',(0.,0.,1.));
#8223 = DIRECTION('',(1.,0.,-0.));
#8224 = PCURVE('',#90,#8225);
#8225 = DEFINITIONAL_REPRESENTATION('',(#8226),#8234);
#8226 = ( BOUNDED_CURVE() B_SPLINE_CURVE(2,(#8227,#8228,#8229,#8230,
#8231,#8232,#8233),.UNSPECIFIED.,.T.,.F.) B_SPLINE_CURVE_WITH_KNOTS((1,2
    ,2,2,2,1),(-2.094395102393,0.,2.094395102393,4.188790204786,
6.28318530718,8.377580409573),.UNSPECIFIED.) CURVE() 
GEOMETRIC_REPRESENTATION_ITEM() RATIONAL_B_SPLINE_CURVE((1.,0.5,1.,0.5,
1.,0.5,1.)) REPRESENTATION_ITEM('') );
#8227 = CARTESIAN_POINT('',(11.470843378838,-23.11382496402));
#8228 = CARTESIAN_POINT('',(11.470843378838,-22.24779956023));
#8229 = CARTESIAN_POINT('',(12.220843378838,-22.68081226212));
#8230 = CARTESIAN_POINT('',(12.970843378838,-23.11382496402));
#8231 = CARTESIAN_POINT('',(12.220843378838,-23.54683766591));
#8232 = CARTESIAN_POINT('',(11.470843378838,-23.9798503678));
#8233 = CARTESIAN_POINT('',(11.470843378838,-23.11382496402));
#8234 = ( GEOMETRIC_REPRESENTATION_CONTEXT(2) 
PARAMETRIC_REPRESENTATION_CONTEXT() REPRESENTATION_CONTEXT('2D SPACE',''
  ) );
#8235 = PCURVE('',#2306,#8236);
#8236 = DEFINITIONAL_REPRESENTATION('',(#8237),#8241);
#8237 = LINE('',#8238,#8239);
#8238 = CARTESIAN_POINT('',(0.,1.61));
#8239 = VECTOR('',#8240,1.);
#8240 = DIRECTION('',(1.,0.));
#8241 = ( GEOMETRIC_REPRESENTATION_CONTEXT(2) 
PARAMETRIC_REPRESENTATION_CONTEXT() REPRESENTATION_CONTEXT('2D SPACE',''
  ) );
#8242 = FACE_BOUND('',#8243,.F.);
#8243 = EDGE_LOOP('',(#8244));
#8244 = ORIENTED_EDGE('',*,*,#8245,.T.);
#8245 = EDGE_CURVE('',#8246,#8246,#8248,.T.);
#8246 = VERTEX_POINT('',#8247);
#8247 = CARTESIAN_POINT('',(129.76,-119.16,1.6));
#8248 = SURFACE_CURVE('',#8249,(#8254,#8265),.PCURVE_S1.);
#8249 = CIRCLE('',#8250,0.5);
#8250 = AXIS2_PLACEMENT_3D('',#8251,#8252,#8253);
#8251 = CARTESIAN_POINT('',(129.26,-119.16,1.6));
#8252 = DIRECTION('',(0.,0.,1.));
#8253 = DIRECTION('',(1.,0.,-0.));
#8254 = PCURVE('',#90,#8255);
#8255 = DEFINITIONAL_REPRESENTATION('',(#8256),#8264);
#8256 = ( BOUNDED_CURVE() B_SPLINE_CURVE(2,(#8257,#8258,#8259,#8260,
#8261,#8262,#8263),.UNSPECIFIED.,.T.,.F.) B_SPLINE_CURVE_WITH_KNOTS((1,2
    ,2,2,2,1),(-2.094395102393,0.,2.094395102393,4.188790204786,
6.28318530718,8.377580409573),.UNSPECIFIED.) CURVE() 
GEOMETRIC_REPRESENTATION_ITEM() RATIONAL_B_SPLINE_CURVE((1.,0.5,1.,0.5,
1.,0.5,1.)) REPRESENTATION_ITEM('') );
#8257 = CARTESIAN_POINT('',(14.010843378838,-30.79382496402));
#8258 = CARTESIAN_POINT('',(14.010843378838,-29.92779956023));
#8259 = CARTESIAN_POINT('',(14.760843378838,-30.36081226212));
#8260 = CARTESIAN_POINT('',(15.510843378838,-30.79382496402));
#8261 = CARTESIAN_POINT('',(14.760843378838,-31.22683766591));
#8262 = CARTESIAN_POINT('',(14.010843378838,-31.6598503678));
#8263 = CARTESIAN_POINT('',(14.010843378838,-30.79382496402));
#8264 = ( GEOMETRIC_REPRESENTATION_CONTEXT(2) 
PARAMETRIC_REPRESENTATION_CONTEXT() REPRESENTATION_CONTEXT('2D SPACE',''
  ) );
#8265 = PCURVE('',#2341,#8266);
#8266 = DEFINITIONAL_REPRESENTATION('',(#8267),#8271);
#8267 = LINE('',#8268,#8269);
#8268 = CARTESIAN_POINT('',(0.,1.61));
#8269 = VECTOR('',#8270,1.);
#8270 = DIRECTION('',(1.,0.));
#8271 = ( GEOMETRIC_REPRESENTATION_CONTEXT(2) 
PARAMETRIC_REPRESENTATION_CONTEXT() REPRESENTATION_CONTEXT('2D SPACE',''
  ) );
#8272 = FACE_BOUND('',#8273,.F.);
#8273 = EDGE_LOOP('',(#8274));
#8274 = ORIENTED_EDGE('',*,*,#8275,.T.);
#8275 = EDGE_CURVE('',#8276,#8276,#8278,.T.);
#8276 = VERTEX_POINT('',#8277);
#8277 = CARTESIAN_POINT('',(127.22,-119.16,1.6));
#8278 = SURFACE_CURVE('',#8279,(#8284,#8295),.PCURVE_S1.);
#8279 = CIRCLE('',#8280,0.5);
#8280 = AXIS2_PLACEMENT_3D('',#8281,#8282,#8283);
#8281 = CARTESIAN_POINT('',(126.72,-119.16,1.6));
#8282 = DIRECTION('',(0.,0.,1.));
#8283 = DIRECTION('',(1.,0.,-0.));
#8284 = PCURVE('',#90,#8285);
#8285 = DEFINITIONAL_REPRESENTATION('',(#8286),#8294);
#8286 = ( BOUNDED_CURVE() B_SPLINE_CURVE(2,(#8287,#8288,#8289,#8290,
#8291,#8292,#8293),.UNSPECIFIED.,.T.,.F.) B_SPLINE_CURVE_WITH_KNOTS((1,2
    ,2,2,2,1),(-2.094395102393,0.,2.094395102393,4.188790204786,
6.28318530718,8.377580409573),.UNSPECIFIED.) CURVE() 
GEOMETRIC_REPRESENTATION_ITEM() RATIONAL_B_SPLINE_CURVE((1.,0.5,1.,0.5,
1.,0.5,1.)) REPRESENTATION_ITEM('') );
#8287 = CARTESIAN_POINT('',(16.550843378838,-30.79382496402));
#8288 = CARTESIAN_POINT('',(16.550843378838,-29.92779956023));
#8289 = CARTESIAN_POINT('',(17.300843378838,-30.36081226212));
#8290 = CARTESIAN_POINT('',(18.050843378838,-30.79382496402));
#8291 = CARTESIAN_POINT('',(17.300843378838,-31.22683766591));
#8292 = CARTESIAN_POINT('',(16.550843378838,-31.6598503678));
#8293 = CARTESIAN_POINT('',(16.550843378838,-30.79382496402));
#8294 = ( GEOMETRIC_REPRESENTATION_CONTEXT(2) 
PARAMETRIC_REPRESENTATION_CONTEXT() REPRESENTATION_CONTEXT('2D SPACE',''
  ) );
#8295 = PCURVE('',#2376,#8296);
#8296 = DEFINITIONAL_REPRESENTATION('',(#8297),#8301);
#8297 = LINE('',#8298,#8299);
#8298 = CARTESIAN_POINT('',(0.,1.61));
#8299 = VECTOR('',#8300,1.);
#8300 = DIRECTION('',(1.,0.));
#8301 = ( GEOMETRIC_REPRESENTATION_CONTEXT(2) 
PARAMETRIC_REPRESENTATION_CONTEXT() REPRESENTATION_CONTEXT('2D SPACE',''
  ) );
#8302 = FACE_BOUND('',#8303,.F.);
#8303 = EDGE_LOOP('',(#8304));
#8304 = ORIENTED_EDGE('',*,*,#8305,.T.);
#8305 = EDGE_CURVE('',#8306,#8306,#8308,.T.);
#8306 = VERTEX_POINT('',#8307);
#8307 = CARTESIAN_POINT('',(129.76,-116.6,1.6));
#8308 = SURFACE_CURVE('',#8309,(#8314,#8325),.PCURVE_S1.);
#8309 = CIRCLE('',#8310,0.5);
#8310 = AXIS2_PLACEMENT_3D('',#8311,#8312,#8313);
#8311 = CARTESIAN_POINT('',(129.26,-116.6,1.6));
#8312 = DIRECTION('',(0.,0.,1.));
#8313 = DIRECTION('',(1.,0.,-0.));
#8314 = PCURVE('',#90,#8315);
#8315 = DEFINITIONAL_REPRESENTATION('',(#8316),#8324);
#8316 = ( BOUNDED_CURVE() B_SPLINE_CURVE(2,(#8317,#8318,#8319,#8320,
#8321,#8322,#8323),.UNSPECIFIED.,.T.,.F.) B_SPLINE_CURVE_WITH_KNOTS((1,2
    ,2,2,2,1),(-2.094395102393,0.,2.094395102393,4.188790204786,
6.28318530718,8.377580409573),.UNSPECIFIED.) CURVE() 
GEOMETRIC_REPRESENTATION_ITEM() RATIONAL_B_SPLINE_CURVE((1.,0.5,1.,0.5,
1.,0.5,1.)) REPRESENTATION_ITEM('') );
#8317 = CARTESIAN_POINT('',(14.010843378838,-28.23382496402));
#8318 = CARTESIAN_POINT('',(14.010843378838,-27.36779956023));
#8319 = CARTESIAN_POINT('',(14.760843378838,-27.80081226212));
#8320 = CARTESIAN_POINT('',(15.510843378838,-28.23382496402));
#8321 = CARTESIAN_POINT('',(14.760843378838,-28.66683766591));
#8322 = CARTESIAN_POINT('',(14.010843378838,-29.0998503678));
#8323 = CARTESIAN_POINT('',(14.010843378838,-28.23382496402));
#8324 = ( GEOMETRIC_REPRESENTATION_CONTEXT(2) 
PARAMETRIC_REPRESENTATION_CONTEXT() REPRESENTATION_CONTEXT('2D SPACE',''
  ) );
#8325 = PCURVE('',#2411,#8326);
#8326 = DEFINITIONAL_REPRESENTATION('',(#8327),#8331);
#8327 = LINE('',#8328,#8329);
#8328 = CARTESIAN_POINT('',(0.,1.61));
#8329 = VECTOR('',#8330,1.);
#8330 = DIRECTION('',(1.,0.));
#8331 = ( GEOMETRIC_REPRESENTATION_CONTEXT(2) 
PARAMETRIC_REPRESENTATION_CONTEXT() REPRESENTATION_CONTEXT('2D SPACE',''
  ) );
#8332 = FACE_BOUND('',#8333,.F.);
#8333 = EDGE_LOOP('',(#8334));
#8334 = ORIENTED_EDGE('',*,*,#8335,.T.);
#8335 = EDGE_CURVE('',#8336,#8336,#8338,.T.);
#8336 = VERTEX_POINT('',#8337);
#8337 = CARTESIAN_POINT('',(127.22,-116.6,1.6));
#8338 = SURFACE_CURVE('',#8339,(#8344,#8355),.PCURVE_S1.);
#8339 = CIRCLE('',#8340,0.5);
#8340 = AXIS2_PLACEMENT_3D('',#8341,#8342,#8343);
#8341 = CARTESIAN_POINT('',(126.72,-116.6,1.6));
#8342 = DIRECTION('',(0.,0.,1.));
#8343 = DIRECTION('',(1.,0.,-0.));
#8344 = PCURVE('',#90,#8345);
#8345 = DEFINITIONAL_REPRESENTATION('',(#8346),#8354);
#8346 = ( BOUNDED_CURVE() B_SPLINE_CURVE(2,(#8347,#8348,#8349,#8350,
#8351,#8352,#8353),.UNSPECIFIED.,.T.,.F.) B_SPLINE_CURVE_WITH_KNOTS((1,2
    ,2,2,2,1),(-2.094395102393,0.,2.094395102393,4.188790204786,
6.28318530718,8.377580409573),.UNSPECIFIED.) CURVE() 
GEOMETRIC_REPRESENTATION_ITEM() RATIONAL_B_SPLINE_CURVE((1.,0.5,1.,0.5,
1.,0.5,1.)) REPRESENTATION_ITEM('') );
#8347 = CARTESIAN_POINT('',(16.550843378838,-28.23382496402));
#8348 = CARTESIAN_POINT('',(16.550843378838,-27.36779956023));
#8349 = CARTESIAN_POINT('',(17.300843378838,-27.80081226212));
#8350 = CARTESIAN_POINT('',(18.050843378838,-28.23382496402));
#8351 = CARTESIAN_POINT('',(17.300843378838,-28.66683766591));
#8352 = CARTESIAN_POINT('',(16.550843378838,-29.0998503678));
#8353 = CARTESIAN_POINT('',(16.550843378838,-28.23382496402));
#8354 = ( GEOMETRIC_REPRESENTATION_CONTEXT(2) 
PARAMETRIC_REPRESENTATION_CONTEXT() REPRESENTATION_CONTEXT('2D SPACE',''
  ) );
#8355 = PCURVE('',#2446,#8356);
#8356 = DEFINITIONAL_REPRESENTATION('',(#8357),#8361);
#8357 = LINE('',#8358,#8359);
#8358 = CARTESIAN_POINT('',(0.,1.61));
#8359 = VECTOR('',#8360,1.);
#8360 = DIRECTION('',(1.,0.));
#8361 = ( GEOMETRIC_REPRESENTATION_CONTEXT(2) 
PARAMETRIC_REPRESENTATION_CONTEXT() REPRESENTATION_CONTEXT('2D SPACE',''
  ) );
#8362 = FACE_BOUND('',#8363,.F.);
#8363 = EDGE_LOOP('',(#8364));
#8364 = ORIENTED_EDGE('',*,*,#8365,.T.);
#8365 = EDGE_CURVE('',#8366,#8366,#8368,.T.);
#8366 = VERTEX_POINT('',#8367);
#8367 = CARTESIAN_POINT('',(124.68,-119.16,1.6));
#8368 = SURFACE_CURVE('',#8369,(#8374,#8385),.PCURVE_S1.);
#8369 = CIRCLE('',#8370,0.5);
#8370 = AXIS2_PLACEMENT_3D('',#8371,#8372,#8373);
#8371 = CARTESIAN_POINT('',(124.18,-119.16,1.6));
#8372 = DIRECTION('',(0.,0.,1.));
#8373 = DIRECTION('',(1.,0.,-0.));
#8374 = PCURVE('',#90,#8375);
#8375 = DEFINITIONAL_REPRESENTATION('',(#8376),#8384);
#8376 = ( BOUNDED_CURVE() B_SPLINE_CURVE(2,(#8377,#8378,#8379,#8380,
#8381,#8382,#8383),.UNSPECIFIED.,.T.,.F.) B_SPLINE_CURVE_WITH_KNOTS((1,2
    ,2,2,2,1),(-2.094395102393,0.,2.094395102393,4.188790204786,
6.28318530718,8.377580409573),.UNSPECIFIED.) CURVE() 
GEOMETRIC_REPRESENTATION_ITEM() RATIONAL_B_SPLINE_CURVE((1.,0.5,1.,0.5,
1.,0.5,1.)) REPRESENTATION_ITEM('') );
#8377 = CARTESIAN_POINT('',(19.090843378838,-30.79382496402));
#8378 = CARTESIAN_POINT('',(19.090843378838,-29.92779956023));
#8379 = CARTESIAN_POINT('',(19.840843378838,-30.36081226212));
#8380 = CARTESIAN_POINT('',(20.590843378838,-30.79382496402));
#8381 = CARTESIAN_POINT('',(19.840843378838,-31.22683766591));
#8382 = CARTESIAN_POINT('',(19.090843378838,-31.6598503678));
#8383 = CARTESIAN_POINT('',(19.090843378838,-30.79382496402));
#8384 = ( GEOMETRIC_REPRESENTATION_CONTEXT(2) 
PARAMETRIC_REPRESENTATION_CONTEXT() REPRESENTATION_CONTEXT('2D SPACE',''
  ) );
#8385 = PCURVE('',#2481,#8386);
#8386 = DEFINITIONAL_REPRESENTATION('',(#8387),#8391);
#8387 = LINE('',#8388,#8389);
#8388 = CARTESIAN_POINT('',(0.,1.61));
#8389 = VECTOR('',#8390,1.);
#8390 = DIRECTION('',(1.,0.));
#8391 = ( GEOMETRIC_REPRESENTATION_CONTEXT(2) 
PARAMETRIC_REPRESENTATION_CONTEXT() REPRESENTATION_CONTEXT('2D SPACE',''
  ) );
#8392 = FACE_BOUND('',#8393,.F.);
#8393 = EDGE_LOOP('',(#8394));
#8394 = ORIENTED_EDGE('',*,*,#8395,.T.);
#8395 = EDGE_CURVE('',#8396,#8396,#8398,.T.);
#8396 = VERTEX_POINT('',#8397);
#8397 = CARTESIAN_POINT('',(122.14,-119.16,1.6));
#8398 = SURFACE_CURVE('',#8399,(#8404,#8415),.PCURVE_S1.);
#8399 = CIRCLE('',#8400,0.5);
#8400 = AXIS2_PLACEMENT_3D('',#8401,#8402,#8403);
#8401 = CARTESIAN_POINT('',(121.64,-119.16,1.6));
#8402 = DIRECTION('',(0.,0.,1.));
#8403 = DIRECTION('',(1.,0.,-0.));
#8404 = PCURVE('',#90,#8405);
#8405 = DEFINITIONAL_REPRESENTATION('',(#8406),#8414);
#8406 = ( BOUNDED_CURVE() B_SPLINE_CURVE(2,(#8407,#8408,#8409,#8410,
#8411,#8412,#8413),.UNSPECIFIED.,.T.,.F.) B_SPLINE_CURVE_WITH_KNOTS((1,2
    ,2,2,2,1),(-2.094395102393,0.,2.094395102393,4.188790204786,
6.28318530718,8.377580409573),.UNSPECIFIED.) CURVE() 
GEOMETRIC_REPRESENTATION_ITEM() RATIONAL_B_SPLINE_CURVE((1.,0.5,1.,0.5,
1.,0.5,1.)) REPRESENTATION_ITEM('') );
#8407 = CARTESIAN_POINT('',(21.630843378838,-30.79382496402));
#8408 = CARTESIAN_POINT('',(21.630843378838,-29.92779956023));
#8409 = CARTESIAN_POINT('',(22.380843378838,-30.36081226212));
#8410 = CARTESIAN_POINT('',(23.130843378838,-30.79382496402));
#8411 = CARTESIAN_POINT('',(22.380843378838,-31.22683766591));
#8412 = CARTESIAN_POINT('',(21.630843378838,-31.6598503678));
#8413 = CARTESIAN_POINT('',(21.630843378838,-30.79382496402));
#8414 = ( GEOMETRIC_REPRESENTATION_CONTEXT(2) 
PARAMETRIC_REPRESENTATION_CONTEXT() REPRESENTATION_CONTEXT('2D SPACE',''
  ) );
#8415 = PCURVE('',#2516,#8416);
#8416 = DEFINITIONAL_REPRESENTATION('',(#8417),#8421);
#8417 = LINE('',#8418,#8419);
#8418 = CARTESIAN_POINT('',(0.,1.61));
#8419 = VECTOR('',#8420,1.);
#8420 = DIRECTION('',(1.,0.));
#8421 = ( GEOMETRIC_REPRESENTATION_CONTEXT(2) 
PARAMETRIC_REPRESENTATION_CONTEXT() REPRESENTATION_CONTEXT('2D SPACE',''
  ) );
#8422 = FACE_BOUND('',#8423,.F.);
#8423 = EDGE_LOOP('',(#8424));
#8424 = ORIENTED_EDGE('',*,*,#8425,.T.);
#8425 = EDGE_CURVE('',#8426,#8426,#8428,.T.);
#8426 = VERTEX_POINT('',#8427);
#8427 = CARTESIAN_POINT('',(124.68,-116.6,1.6));
#8428 = SURFACE_CURVE('',#8429,(#8434,#8445),.PCURVE_S1.);
#8429 = CIRCLE('',#8430,0.5);
#8430 = AXIS2_PLACEMENT_3D('',#8431,#8432,#8433);
#8431 = CARTESIAN_POINT('',(124.18,-116.6,1.6));
#8432 = DIRECTION('',(0.,0.,1.));
#8433 = DIRECTION('',(1.,0.,-0.));
#8434 = PCURVE('',#90,#8435);
#8435 = DEFINITIONAL_REPRESENTATION('',(#8436),#8444);
#8436 = ( BOUNDED_CURVE() B_SPLINE_CURVE(2,(#8437,#8438,#8439,#8440,
#8441,#8442,#8443),.UNSPECIFIED.,.T.,.F.) B_SPLINE_CURVE_WITH_KNOTS((1,2
    ,2,2,2,1),(-2.094395102393,0.,2.094395102393,4.188790204786,
6.28318530718,8.377580409573),.UNSPECIFIED.) CURVE() 
GEOMETRIC_REPRESENTATION_ITEM() RATIONAL_B_SPLINE_CURVE((1.,0.5,1.,0.5,
1.,0.5,1.)) REPRESENTATION_ITEM('') );
#8437 = CARTESIAN_POINT('',(19.090843378838,-28.23382496402));
#8438 = CARTESIAN_POINT('',(19.090843378838,-27.36779956023));
#8439 = CARTESIAN_POINT('',(19.840843378838,-27.80081226212));
#8440 = CARTESIAN_POINT('',(20.590843378838,-28.23382496402));
#8441 = CARTESIAN_POINT('',(19.840843378838,-28.66683766591));
#8442 = CARTESIAN_POINT('',(19.090843378838,-29.0998503678));
#8443 = CARTESIAN_POINT('',(19.090843378838,-28.23382496402));
#8444 = ( GEOMETRIC_REPRESENTATION_CONTEXT(2) 
PARAMETRIC_REPRESENTATION_CONTEXT() REPRESENTATION_CONTEXT('2D SPACE',''
  ) );
#8445 = PCURVE('',#2551,#8446);
#8446 = DEFINITIONAL_REPRESENTATION('',(#8447),#8451);
#8447 = LINE('',#8448,#8449);
#8448 = CARTESIAN_POINT('',(0.,1.61));
#8449 = VECTOR('',#8450,1.);
#8450 = DIRECTION('',(1.,0.));
#8451 = ( GEOMETRIC_REPRESENTATION_CONTEXT(2) 
PARAMETRIC_REPRESENTATION_CONTEXT() REPRESENTATION_CONTEXT('2D SPACE',''
  ) );
#8452 = FACE_BOUND('',#8453,.F.);
#8453 = EDGE_LOOP('',(#8454));
#8454 = ORIENTED_EDGE('',*,*,#8455,.T.);
#8455 = EDGE_CURVE('',#8456,#8456,#8458,.T.);
#8456 = VERTEX_POINT('',#8457);
#8457 = CARTESIAN_POINT('',(122.14,-116.6,1.6));
#8458 = SURFACE_CURVE('',#8459,(#8464,#8475),.PCURVE_S1.);
#8459 = CIRCLE('',#8460,0.5);
#8460 = AXIS2_PLACEMENT_3D('',#8461,#8462,#8463);
#8461 = CARTESIAN_POINT('',(121.64,-116.6,1.6));
#8462 = DIRECTION('',(0.,0.,1.));
#8463 = DIRECTION('',(1.,0.,-0.));
#8464 = PCURVE('',#90,#8465);
#8465 = DEFINITIONAL_REPRESENTATION('',(#8466),#8474);
#8466 = ( BOUNDED_CURVE() B_SPLINE_CURVE(2,(#8467,#8468,#8469,#8470,
#8471,#8472,#8473),.UNSPECIFIED.,.T.,.F.) B_SPLINE_CURVE_WITH_KNOTS((1,2
    ,2,2,2,1),(-2.094395102393,0.,2.094395102393,4.188790204786,
6.28318530718,8.377580409573),.UNSPECIFIED.) CURVE() 
GEOMETRIC_REPRESENTATION_ITEM() RATIONAL_B_SPLINE_CURVE((1.,0.5,1.,0.5,
1.,0.5,1.)) REPRESENTATION_ITEM('') );
#8467 = CARTESIAN_POINT('',(21.630843378838,-28.23382496402));
#8468 = CARTESIAN_POINT('',(21.630843378838,-27.36779956023));
#8469 = CARTESIAN_POINT('',(22.380843378838,-27.80081226212));
#8470 = CARTESIAN_POINT('',(23.130843378838,-28.23382496402));
#8471 = CARTESIAN_POINT('',(22.380843378838,-28.66683766591));
#8472 = CARTESIAN_POINT('',(21.630843378838,-29.0998503678));
#8473 = CARTESIAN_POINT('',(21.630843378838,-28.23382496402));
#8474 = ( GEOMETRIC_REPRESENTATION_CONTEXT(2) 
PARAMETRIC_REPRESENTATION_CONTEXT() REPRESENTATION_CONTEXT('2D SPACE',''
  ) );
#8475 = PCURVE('',#2586,#8476);
#8476 = DEFINITIONAL_REPRESENTATION('',(#8477),#8481);
#8477 = LINE('',#8478,#8479);
#8478 = CARTESIAN_POINT('',(0.,1.61));
#8479 = VECTOR('',#8480,1.);
#8480 = DIRECTION('',(1.,0.));
#8481 = ( GEOMETRIC_REPRESENTATION_CONTEXT(2) 
PARAMETRIC_REPRESENTATION_CONTEXT() REPRESENTATION_CONTEXT('2D SPACE',''
  ) );
#8482 = FACE_BOUND('',#8483,.F.);
#8483 = EDGE_LOOP('',(#8484));
#8484 = ORIENTED_EDGE('',*,*,#8485,.T.);
#8485 = EDGE_CURVE('',#8486,#8486,#8488,.T.);
#8486 = VERTEX_POINT('',#8487);
#8487 = CARTESIAN_POINT('',(129.76,-114.04,1.6));
#8488 = SURFACE_CURVE('',#8489,(#8494,#8505),.PCURVE_S1.);
#8489 = CIRCLE('',#8490,0.5);
#8490 = AXIS2_PLACEMENT_3D('',#8491,#8492,#8493);
#8491 = CARTESIAN_POINT('',(129.26,-114.04,1.6));
#8492 = DIRECTION('',(0.,0.,1.));
#8493 = DIRECTION('',(1.,0.,-0.));
#8494 = PCURVE('',#90,#8495);
#8495 = DEFINITIONAL_REPRESENTATION('',(#8496),#8504);
#8496 = ( BOUNDED_CURVE() B_SPLINE_CURVE(2,(#8497,#8498,#8499,#8500,
#8501,#8502,#8503),.UNSPECIFIED.,.T.,.F.) B_SPLINE_CURVE_WITH_KNOTS((1,2
    ,2,2,2,1),(-2.094395102393,0.,2.094395102393,4.188790204786,
6.28318530718,8.377580409573),.UNSPECIFIED.) CURVE() 
GEOMETRIC_REPRESENTATION_ITEM() RATIONAL_B_SPLINE_CURVE((1.,0.5,1.,0.5,
1.,0.5,1.)) REPRESENTATION_ITEM('') );
#8497 = CARTESIAN_POINT('',(14.010843378838,-25.67382496402));
#8498 = CARTESIAN_POINT('',(14.010843378838,-24.80779956023));
#8499 = CARTESIAN_POINT('',(14.760843378838,-25.24081226212));
#8500 = CARTESIAN_POINT('',(15.510843378838,-25.67382496402));
#8501 = CARTESIAN_POINT('',(14.760843378838,-26.10683766591));
#8502 = CARTESIAN_POINT('',(14.010843378838,-26.5398503678));
#8503 = CARTESIAN_POINT('',(14.010843378838,-25.67382496402));
#8504 = ( GEOMETRIC_REPRESENTATION_CONTEXT(2) 
PARAMETRIC_REPRESENTATION_CONTEXT() REPRESENTATION_CONTEXT('2D SPACE',''
  ) );
#8505 = PCURVE('',#2621,#8506);
#8506 = DEFINITIONAL_REPRESENTATION('',(#8507),#8511);
#8507 = LINE('',#8508,#8509);
#8508 = CARTESIAN_POINT('',(0.,1.61));
#8509 = VECTOR('',#8510,1.);
#8510 = DIRECTION('',(1.,0.));
#8511 = ( GEOMETRIC_REPRESENTATION_CONTEXT(2) 
PARAMETRIC_REPRESENTATION_CONTEXT() REPRESENTATION_CONTEXT('2D SPACE',''
  ) );
#8512 = FACE_BOUND('',#8513,.F.);
#8513 = EDGE_LOOP('',(#8514));
#8514 = ORIENTED_EDGE('',*,*,#8515,.T.);
#8515 = EDGE_CURVE('',#8516,#8516,#8518,.T.);
#8516 = VERTEX_POINT('',#8517);
#8517 = CARTESIAN_POINT('',(127.22,-114.04,1.6));
#8518 = SURFACE_CURVE('',#8519,(#8524,#8535),.PCURVE_S1.);
#8519 = CIRCLE('',#8520,0.5);
#8520 = AXIS2_PLACEMENT_3D('',#8521,#8522,#8523);
#8521 = CARTESIAN_POINT('',(126.72,-114.04,1.6));
#8522 = DIRECTION('',(0.,0.,1.));
#8523 = DIRECTION('',(1.,0.,-0.));
#8524 = PCURVE('',#90,#8525);
#8525 = DEFINITIONAL_REPRESENTATION('',(#8526),#8534);
#8526 = ( BOUNDED_CURVE() B_SPLINE_CURVE(2,(#8527,#8528,#8529,#8530,
#8531,#8532,#8533),.UNSPECIFIED.,.T.,.F.) B_SPLINE_CURVE_WITH_KNOTS((1,2
    ,2,2,2,1),(-2.094395102393,0.,2.094395102393,4.188790204786,
6.28318530718,8.377580409573),.UNSPECIFIED.) CURVE() 
GEOMETRIC_REPRESENTATION_ITEM() RATIONAL_B_SPLINE_CURVE((1.,0.5,1.,0.5,
1.,0.5,1.)) REPRESENTATION_ITEM('') );
#8527 = CARTESIAN_POINT('',(16.550843378838,-25.67382496402));
#8528 = CARTESIAN_POINT('',(16.550843378838,-24.80779956023));
#8529 = CARTESIAN_POINT('',(17.300843378838,-25.24081226212));
#8530 = CARTESIAN_POINT('',(18.050843378838,-25.67382496402));
#8531 = CARTESIAN_POINT('',(17.300843378838,-26.10683766591));
#8532 = CARTESIAN_POINT('',(16.550843378838,-26.5398503678));
#8533 = CARTESIAN_POINT('',(16.550843378838,-25.67382496402));
#8534 = ( GEOMETRIC_REPRESENTATION_CONTEXT(2) 
PARAMETRIC_REPRESENTATION_CONTEXT() REPRESENTATION_CONTEXT('2D SPACE',''
  ) );
#8535 = PCURVE('',#2656,#8536);
#8536 = DEFINITIONAL_REPRESENTATION('',(#8537),#8541);
#8537 = LINE('',#8538,#8539);
#8538 = CARTESIAN_POINT('',(0.,1.61));
#8539 = VECTOR('',#8540,1.);
#8540 = DIRECTION('',(1.,0.));
#8541 = ( GEOMETRIC_REPRESENTATION_CONTEXT(2) 
PARAMETRIC_REPRESENTATION_CONTEXT() REPRESENTATION_CONTEXT('2D SPACE',''
  ) );
#8542 = FACE_BOUND('',#8543,.F.);
#8543 = EDGE_LOOP('',(#8544));
#8544 = ORIENTED_EDGE('',*,*,#8545,.T.);
#8545 = EDGE_CURVE('',#8546,#8546,#8548,.T.);
#8546 = VERTEX_POINT('',#8547);
#8547 = CARTESIAN_POINT('',(129.76,-111.48,1.6));
#8548 = SURFACE_CURVE('',#8549,(#8554,#8565),.PCURVE_S1.);
#8549 = CIRCLE('',#8550,0.5);
#8550 = AXIS2_PLACEMENT_3D('',#8551,#8552,#8553);
#8551 = CARTESIAN_POINT('',(129.26,-111.48,1.6));
#8552 = DIRECTION('',(0.,0.,1.));
#8553 = DIRECTION('',(1.,0.,-0.));
#8554 = PCURVE('',#90,#8555);
#8555 = DEFINITIONAL_REPRESENTATION('',(#8556),#8564);
#8556 = ( BOUNDED_CURVE() B_SPLINE_CURVE(2,(#8557,#8558,#8559,#8560,
#8561,#8562,#8563),.UNSPECIFIED.,.T.,.F.) B_SPLINE_CURVE_WITH_KNOTS((1,2
    ,2,2,2,1),(-2.094395102393,0.,2.094395102393,4.188790204786,
6.28318530718,8.377580409573),.UNSPECIFIED.) CURVE() 
GEOMETRIC_REPRESENTATION_ITEM() RATIONAL_B_SPLINE_CURVE((1.,0.5,1.,0.5,
1.,0.5,1.)) REPRESENTATION_ITEM('') );
#8557 = CARTESIAN_POINT('',(14.010843378838,-23.11382496402));
#8558 = CARTESIAN_POINT('',(14.010843378838,-22.24779956023));
#8559 = CARTESIAN_POINT('',(14.760843378838,-22.68081226212));
#8560 = CARTESIAN_POINT('',(15.510843378838,-23.11382496402));
#8561 = CARTESIAN_POINT('',(14.760843378838,-23.54683766591));
#8562 = CARTESIAN_POINT('',(14.010843378838,-23.9798503678));
#8563 = CARTESIAN_POINT('',(14.010843378838,-23.11382496402));
#8564 = ( GEOMETRIC_REPRESENTATION_CONTEXT(2) 
PARAMETRIC_REPRESENTATION_CONTEXT() REPRESENTATION_CONTEXT('2D SPACE',''
  ) );
#8565 = PCURVE('',#2691,#8566);
#8566 = DEFINITIONAL_REPRESENTATION('',(#8567),#8571);
#8567 = LINE('',#8568,#8569);
#8568 = CARTESIAN_POINT('',(0.,1.61));
#8569 = VECTOR('',#8570,1.);
#8570 = DIRECTION('',(1.,0.));
#8571 = ( GEOMETRIC_REPRESENTATION_CONTEXT(2) 
PARAMETRIC_REPRESENTATION_CONTEXT() REPRESENTATION_CONTEXT('2D SPACE',''
  ) );
#8572 = FACE_BOUND('',#8573,.F.);
#8573 = EDGE_LOOP('',(#8574));
#8574 = ORIENTED_EDGE('',*,*,#8575,.T.);
#8575 = EDGE_CURVE('',#8576,#8576,#8578,.T.);
#8576 = VERTEX_POINT('',#8577);
#8577 = CARTESIAN_POINT('',(127.22,-111.48,1.6));
#8578 = SURFACE_CURVE('',#8579,(#8584,#8595),.PCURVE_S1.);
#8579 = CIRCLE('',#8580,0.5);
#8580 = AXIS2_PLACEMENT_3D('',#8581,#8582,#8583);
#8581 = CARTESIAN_POINT('',(126.72,-111.48,1.6));
#8582 = DIRECTION('',(0.,0.,1.));
#8583 = DIRECTION('',(1.,0.,-0.));
#8584 = PCURVE('',#90,#8585);
#8585 = DEFINITIONAL_REPRESENTATION('',(#8586),#8594);
#8586 = ( BOUNDED_CURVE() B_SPLINE_CURVE(2,(#8587,#8588,#8589,#8590,
#8591,#8592,#8593),.UNSPECIFIED.,.T.,.F.) B_SPLINE_CURVE_WITH_KNOTS((1,2
    ,2,2,2,1),(-2.094395102393,0.,2.094395102393,4.188790204786,
6.28318530718,8.377580409573),.UNSPECIFIED.) CURVE() 
GEOMETRIC_REPRESENTATION_ITEM() RATIONAL_B_SPLINE_CURVE((1.,0.5,1.,0.5,
1.,0.5,1.)) REPRESENTATION_ITEM('') );
#8587 = CARTESIAN_POINT('',(16.550843378838,-23.11382496402));
#8588 = CARTESIAN_POINT('',(16.550843378838,-22.24779956023));
#8589 = CARTESIAN_POINT('',(17.300843378838,-22.68081226212));
#8590 = CARTESIAN_POINT('',(18.050843378838,-23.11382496402));
#8591 = CARTESIAN_POINT('',(17.300843378838,-23.54683766591));
#8592 = CARTESIAN_POINT('',(16.550843378838,-23.9798503678));
#8593 = CARTESIAN_POINT('',(16.550843378838,-23.11382496402));
#8594 = ( GEOMETRIC_REPRESENTATION_CONTEXT(2) 
PARAMETRIC_REPRESENTATION_CONTEXT() REPRESENTATION_CONTEXT('2D SPACE',''
  ) );
#8595 = PCURVE('',#2726,#8596);
#8596 = DEFINITIONAL_REPRESENTATION('',(#8597),#8601);
#8597 = LINE('',#8598,#8599);
#8598 = CARTESIAN_POINT('',(0.,1.61));
#8599 = VECTOR('',#8600,1.);
#8600 = DIRECTION('',(1.,0.));
#8601 = ( GEOMETRIC_REPRESENTATION_CONTEXT(2) 
PARAMETRIC_REPRESENTATION_CONTEXT() REPRESENTATION_CONTEXT('2D SPACE',''
  ) );
#8602 = FACE_BOUND('',#8603,.F.);
#8603 = EDGE_LOOP('',(#8604));
#8604 = ORIENTED_EDGE('',*,*,#8605,.T.);
#8605 = EDGE_CURVE('',#8606,#8606,#8608,.T.);
#8606 = VERTEX_POINT('',#8607);
#8607 = CARTESIAN_POINT('',(124.68,-114.04,1.6));
#8608 = SURFACE_CURVE('',#8609,(#8614,#8625),.PCURVE_S1.);
#8609 = CIRCLE('',#8610,0.5);
#8610 = AXIS2_PLACEMENT_3D('',#8611,#8612,#8613);
#8611 = CARTESIAN_POINT('',(124.18,-114.04,1.6));
#8612 = DIRECTION('',(0.,0.,1.));
#8613 = DIRECTION('',(1.,0.,-0.));
#8614 = PCURVE('',#90,#8615);
#8615 = DEFINITIONAL_REPRESENTATION('',(#8616),#8624);
#8616 = ( BOUNDED_CURVE() B_SPLINE_CURVE(2,(#8617,#8618,#8619,#8620,
#8621,#8622,#8623),.UNSPECIFIED.,.T.,.F.) B_SPLINE_CURVE_WITH_KNOTS((1,2
    ,2,2,2,1),(-2.094395102393,0.,2.094395102393,4.188790204786,
6.28318530718,8.377580409573),.UNSPECIFIED.) CURVE() 
GEOMETRIC_REPRESENTATION_ITEM() RATIONAL_B_SPLINE_CURVE((1.,0.5,1.,0.5,
1.,0.5,1.)) REPRESENTATION_ITEM('') );
#8617 = CARTESIAN_POINT('',(19.090843378838,-25.67382496402));
#8618 = CARTESIAN_POINT('',(19.090843378838,-24.80779956023));
#8619 = CARTESIAN_POINT('',(19.840843378838,-25.24081226212));
#8620 = CARTESIAN_POINT('',(20.590843378838,-25.67382496402));
#8621 = CARTESIAN_POINT('',(19.840843378838,-26.10683766591));
#8622 = CARTESIAN_POINT('',(19.090843378838,-26.5398503678));
#8623 = CARTESIAN_POINT('',(19.090843378838,-25.67382496402));
#8624 = ( GEOMETRIC_REPRESENTATION_CONTEXT(2) 
PARAMETRIC_REPRESENTATION_CONTEXT() REPRESENTATION_CONTEXT('2D SPACE',''
  ) );
#8625 = PCURVE('',#2761,#8626);
#8626 = DEFINITIONAL_REPRESENTATION('',(#8627),#8631);
#8627 = LINE('',#8628,#8629);
#8628 = CARTESIAN_POINT('',(0.,1.61));
#8629 = VECTOR('',#8630,1.);
#8630 = DIRECTION('',(1.,0.));
#8631 = ( GEOMETRIC_REPRESENTATION_CONTEXT(2) 
PARAMETRIC_REPRESENTATION_CONTEXT() REPRESENTATION_CONTEXT('2D SPACE',''
  ) );
#8632 = FACE_BOUND('',#8633,.F.);
#8633 = EDGE_LOOP('',(#8634));
#8634 = ORIENTED_EDGE('',*,*,#8635,.T.);
#8635 = EDGE_CURVE('',#8636,#8636,#8638,.T.);
#8636 = VERTEX_POINT('',#8637);
#8637 = CARTESIAN_POINT('',(122.14,-114.04,1.6));
#8638 = SURFACE_CURVE('',#8639,(#8644,#8655),.PCURVE_S1.);
#8639 = CIRCLE('',#8640,0.5);
#8640 = AXIS2_PLACEMENT_3D('',#8641,#8642,#8643);
#8641 = CARTESIAN_POINT('',(121.64,-114.04,1.6));
#8642 = DIRECTION('',(0.,0.,1.));
#8643 = DIRECTION('',(1.,0.,-0.));
#8644 = PCURVE('',#90,#8645);
#8645 = DEFINITIONAL_REPRESENTATION('',(#8646),#8654);
#8646 = ( BOUNDED_CURVE() B_SPLINE_CURVE(2,(#8647,#8648,#8649,#8650,
#8651,#8652,#8653),.UNSPECIFIED.,.T.,.F.) B_SPLINE_CURVE_WITH_KNOTS((1,2
    ,2,2,2,1),(-2.094395102393,0.,2.094395102393,4.188790204786,
6.28318530718,8.377580409573),.UNSPECIFIED.) CURVE() 
GEOMETRIC_REPRESENTATION_ITEM() RATIONAL_B_SPLINE_CURVE((1.,0.5,1.,0.5,
1.,0.5,1.)) REPRESENTATION_ITEM('') );
#8647 = CARTESIAN_POINT('',(21.630843378838,-25.67382496402));
#8648 = CARTESIAN_POINT('',(21.630843378838,-24.80779956023));
#8649 = CARTESIAN_POINT('',(22.380843378838,-25.24081226212));
#8650 = CARTESIAN_POINT('',(23.130843378838,-25.67382496402));
#8651 = CARTESIAN_POINT('',(22.380843378838,-26.10683766591));
#8652 = CARTESIAN_POINT('',(21.630843378838,-26.5398503678));
#8653 = CARTESIAN_POINT('',(21.630843378838,-25.67382496402));
#8654 = ( GEOMETRIC_REPRESENTATION_CONTEXT(2) 
PARAMETRIC_REPRESENTATION_CONTEXT() REPRESENTATION_CONTEXT('2D SPACE',''
  ) );
#8655 = PCURVE('',#2796,#8656);
#8656 = DEFINITIONAL_REPRESENTATION('',(#8657),#8661);
#8657 = LINE('',#8658,#8659);
#8658 = CARTESIAN_POINT('',(0.,1.61));
#8659 = VECTOR('',#8660,1.);
#8660 = DIRECTION('',(1.,0.));
#8661 = ( GEOMETRIC_REPRESENTATION_CONTEXT(2) 
PARAMETRIC_REPRESENTATION_CONTEXT() REPRESENTATION_CONTEXT('2D SPACE',''
  ) );
#8662 = FACE_BOUND('',#8663,.F.);
#8663 = EDGE_LOOP('',(#8664));
#8664 = ORIENTED_EDGE('',*,*,#8665,.T.);
#8665 = EDGE_CURVE('',#8666,#8666,#8668,.T.);
#8666 = VERTEX_POINT('',#8667);
#8667 = CARTESIAN_POINT('',(124.68,-111.48,1.6));
#8668 = SURFACE_CURVE('',#8669,(#8674,#8685),.PCURVE_S1.);
#8669 = CIRCLE('',#8670,0.5);
#8670 = AXIS2_PLACEMENT_3D('',#8671,#8672,#8673);
#8671 = CARTESIAN_POINT('',(124.18,-111.48,1.6));
#8672 = DIRECTION('',(0.,0.,1.));
#8673 = DIRECTION('',(1.,0.,-0.));
#8674 = PCURVE('',#90,#8675);
#8675 = DEFINITIONAL_REPRESENTATION('',(#8676),#8684);
#8676 = ( BOUNDED_CURVE() B_SPLINE_CURVE(2,(#8677,#8678,#8679,#8680,
#8681,#8682,#8683),.UNSPECIFIED.,.T.,.F.) B_SPLINE_CURVE_WITH_KNOTS((1,2
    ,2,2,2,1),(-2.094395102393,0.,2.094395102393,4.188790204786,
6.28318530718,8.377580409573),.UNSPECIFIED.) CURVE() 
GEOMETRIC_REPRESENTATION_ITEM() RATIONAL_B_SPLINE_CURVE((1.,0.5,1.,0.5,
1.,0.5,1.)) REPRESENTATION_ITEM('') );
#8677 = CARTESIAN_POINT('',(19.090843378838,-23.11382496402));
#8678 = CARTESIAN_POINT('',(19.090843378838,-22.24779956023));
#8679 = CARTESIAN_POINT('',(19.840843378838,-22.68081226212));
#8680 = CARTESIAN_POINT('',(20.590843378838,-23.11382496402));
#8681 = CARTESIAN_POINT('',(19.840843378838,-23.54683766591));
#8682 = CARTESIAN_POINT('',(19.090843378838,-23.9798503678));
#8683 = CARTESIAN_POINT('',(19.090843378838,-23.11382496402));
#8684 = ( GEOMETRIC_REPRESENTATION_CONTEXT(2) 
PARAMETRIC_REPRESENTATION_CONTEXT() REPRESENTATION_CONTEXT('2D SPACE',''
  ) );
#8685 = PCURVE('',#2831,#8686);
#8686 = DEFINITIONAL_REPRESENTATION('',(#8687),#8691);
#8687 = LINE('',#8688,#8689);
#8688 = CARTESIAN_POINT('',(0.,1.61));
#8689 = VECTOR('',#8690,1.);
#8690 = DIRECTION('',(1.,0.));
#8691 = ( GEOMETRIC_REPRESENTATION_CONTEXT(2) 
PARAMETRIC_REPRESENTATION_CONTEXT() REPRESENTATION_CONTEXT('2D SPACE',''
  ) );
#8692 = FACE_BOUND('',#8693,.F.);
#8693 = EDGE_LOOP('',(#8694));
#8694 = ORIENTED_EDGE('',*,*,#8695,.T.);
#8695 = EDGE_CURVE('',#8696,#8696,#8698,.T.);
#8696 = VERTEX_POINT('',#8697);
#8697 = CARTESIAN_POINT('',(122.14,-111.48,1.6));
#8698 = SURFACE_CURVE('',#8699,(#8704,#8715),.PCURVE_S1.);
#8699 = CIRCLE('',#8700,0.5);
#8700 = AXIS2_PLACEMENT_3D('',#8701,#8702,#8703);
#8701 = CARTESIAN_POINT('',(121.64,-111.48,1.6));
#8702 = DIRECTION('',(0.,0.,1.));
#8703 = DIRECTION('',(1.,0.,-0.));
#8704 = PCURVE('',#90,#8705);
#8705 = DEFINITIONAL_REPRESENTATION('',(#8706),#8714);
#8706 = ( BOUNDED_CURVE() B_SPLINE_CURVE(2,(#8707,#8708,#8709,#8710,
#8711,#8712,#8713),.UNSPECIFIED.,.T.,.F.) B_SPLINE_CURVE_WITH_KNOTS((1,2
    ,2,2,2,1),(-2.094395102393,0.,2.094395102393,4.188790204786,
6.28318530718,8.377580409573),.UNSPECIFIED.) CURVE() 
GEOMETRIC_REPRESENTATION_ITEM() RATIONAL_B_SPLINE_CURVE((1.,0.5,1.,0.5,
1.,0.5,1.)) REPRESENTATION_ITEM('') );
#8707 = CARTESIAN_POINT('',(21.630843378838,-23.11382496402));
#8708 = CARTESIAN_POINT('',(21.630843378838,-22.24779956023));
#8709 = CARTESIAN_POINT('',(22.380843378838,-22.68081226212));
#8710 = CARTESIAN_POINT('',(23.130843378838,-23.11382496402));
#8711 = CARTESIAN_POINT('',(22.380843378838,-23.54683766591));
#8712 = CARTESIAN_POINT('',(21.630843378838,-23.9798503678));
#8713 = CARTESIAN_POINT('',(21.630843378838,-23.11382496402));
#8714 = ( GEOMETRIC_REPRESENTATION_CONTEXT(2) 
PARAMETRIC_REPRESENTATION_CONTEXT() REPRESENTATION_CONTEXT('2D SPACE',''
  ) );
#8715 = PCURVE('',#2866,#8716);
#8716 = DEFINITIONAL_REPRESENTATION('',(#8717),#8721);
#8717 = LINE('',#8718,#8719);
#8718 = CARTESIAN_POINT('',(0.,1.61));
#8719 = VECTOR('',#8720,1.);
#8720 = DIRECTION('',(1.,0.));
#8721 = ( GEOMETRIC_REPRESENTATION_CONTEXT(2) 
PARAMETRIC_REPRESENTATION_CONTEXT() REPRESENTATION_CONTEXT('2D SPACE',''
  ) );
#8722 = FACE_BOUND('',#8723,.F.);
#8723 = EDGE_LOOP('',(#8724));
#8724 = ORIENTED_EDGE('',*,*,#8725,.T.);
#8725 = EDGE_CURVE('',#8726,#8726,#8728,.T.);
#8726 = VERTEX_POINT('',#8727);
#8727 = CARTESIAN_POINT('',(119.6,-119.16,1.6));
#8728 = SURFACE_CURVE('',#8729,(#8734,#8745),.PCURVE_S1.);
#8729 = CIRCLE('',#8730,0.5);
#8730 = AXIS2_PLACEMENT_3D('',#8731,#8732,#8733);
#8731 = CARTESIAN_POINT('',(119.1,-119.16,1.6));
#8732 = DIRECTION('',(0.,0.,1.));
#8733 = DIRECTION('',(1.,0.,-0.));
#8734 = PCURVE('',#90,#8735);
#8735 = DEFINITIONAL_REPRESENTATION('',(#8736),#8744);
#8736 = ( BOUNDED_CURVE() B_SPLINE_CURVE(2,(#8737,#8738,#8739,#8740,
#8741,#8742,#8743),.UNSPECIFIED.,.T.,.F.) B_SPLINE_CURVE_WITH_KNOTS((1,2
    ,2,2,2,1),(-2.094395102393,0.,2.094395102393,4.188790204786,
6.28318530718,8.377580409573),.UNSPECIFIED.) CURVE() 
GEOMETRIC_REPRESENTATION_ITEM() RATIONAL_B_SPLINE_CURVE((1.,0.5,1.,0.5,
1.,0.5,1.)) REPRESENTATION_ITEM('') );
#8737 = CARTESIAN_POINT('',(24.170843378838,-30.79382496402));
#8738 = CARTESIAN_POINT('',(24.170843378838,-29.92779956023));
#8739 = CARTESIAN_POINT('',(24.920843378838,-30.36081226212));
#8740 = CARTESIAN_POINT('',(25.670843378838,-30.79382496402));
#8741 = CARTESIAN_POINT('',(24.920843378838,-31.22683766591));
#8742 = CARTESIAN_POINT('',(24.170843378838,-31.6598503678));
#8743 = CARTESIAN_POINT('',(24.170843378838,-30.79382496402));
#8744 = ( GEOMETRIC_REPRESENTATION_CONTEXT(2) 
PARAMETRIC_REPRESENTATION_CONTEXT() REPRESENTATION_CONTEXT('2D SPACE',''
  ) );
#8745 = PCURVE('',#2901,#8746);
#8746 = DEFINITIONAL_REPRESENTATION('',(#8747),#8751);
#8747 = LINE('',#8748,#8749);
#8748 = CARTESIAN_POINT('',(0.,1.61));
#8749 = VECTOR('',#8750,1.);
#8750 = DIRECTION('',(1.,0.));
#8751 = ( GEOMETRIC_REPRESENTATION_CONTEXT(2) 
PARAMETRIC_REPRESENTATION_CONTEXT() REPRESENTATION_CONTEXT('2D SPACE',''
  ) );
#8752 = FACE_BOUND('',#8753,.F.);
#8753 = EDGE_LOOP('',(#8754));
#8754 = ORIENTED_EDGE('',*,*,#8755,.T.);
#8755 = EDGE_CURVE('',#8756,#8756,#8758,.T.);
#8756 = VERTEX_POINT('',#8757);
#8757 = CARTESIAN_POINT('',(117.06,-119.16,1.6));
#8758 = SURFACE_CURVE('',#8759,(#8764,#8775),.PCURVE_S1.);
#8759 = CIRCLE('',#8760,0.5);
#8760 = AXIS2_PLACEMENT_3D('',#8761,#8762,#8763);
#8761 = CARTESIAN_POINT('',(116.56,-119.16,1.6));
#8762 = DIRECTION('',(0.,0.,1.));
#8763 = DIRECTION('',(1.,0.,-0.));
#8764 = PCURVE('',#90,#8765);
#8765 = DEFINITIONAL_REPRESENTATION('',(#8766),#8774);
#8766 = ( BOUNDED_CURVE() B_SPLINE_CURVE(2,(#8767,#8768,#8769,#8770,
#8771,#8772,#8773),.UNSPECIFIED.,.T.,.F.) B_SPLINE_CURVE_WITH_KNOTS((1,2
    ,2,2,2,1),(-2.094395102393,0.,2.094395102393,4.188790204786,
6.28318530718,8.377580409573),.UNSPECIFIED.) CURVE() 
GEOMETRIC_REPRESENTATION_ITEM() RATIONAL_B_SPLINE_CURVE((1.,0.5,1.,0.5,
1.,0.5,1.)) REPRESENTATION_ITEM('') );
#8767 = CARTESIAN_POINT('',(26.710843378838,-30.79382496402));
#8768 = CARTESIAN_POINT('',(26.710843378838,-29.92779956023));
#8769 = CARTESIAN_POINT('',(27.460843378838,-30.36081226212));
#8770 = CARTESIAN_POINT('',(28.210843378838,-30.79382496402));
#8771 = CARTESIAN_POINT('',(27.460843378838,-31.22683766591));
#8772 = CARTESIAN_POINT('',(26.710843378838,-31.6598503678));
#8773 = CARTESIAN_POINT('',(26.710843378838,-30.79382496402));
#8774 = ( GEOMETRIC_REPRESENTATION_CONTEXT(2) 
PARAMETRIC_REPRESENTATION_CONTEXT() REPRESENTATION_CONTEXT('2D SPACE',''
  ) );
#8775 = PCURVE('',#2936,#8776);
#8776 = DEFINITIONAL_REPRESENTATION('',(#8777),#8781);
#8777 = LINE('',#8778,#8779);
#8778 = CARTESIAN_POINT('',(0.,1.61));
#8779 = VECTOR('',#8780,1.);
#8780 = DIRECTION('',(1.,0.));
#8781 = ( GEOMETRIC_REPRESENTATION_CONTEXT(2) 
PARAMETRIC_REPRESENTATION_CONTEXT() REPRESENTATION_CONTEXT('2D SPACE',''
  ) );
#8782 = FACE_BOUND('',#8783,.F.);
#8783 = EDGE_LOOP('',(#8784));
#8784 = ORIENTED_EDGE('',*,*,#8785,.T.);
#8785 = EDGE_CURVE('',#8786,#8786,#8788,.T.);
#8786 = VERTEX_POINT('',#8787);
#8787 = CARTESIAN_POINT('',(119.6,-116.6,1.6));
#8788 = SURFACE_CURVE('',#8789,(#8794,#8805),.PCURVE_S1.);
#8789 = CIRCLE('',#8790,0.5);
#8790 = AXIS2_PLACEMENT_3D('',#8791,#8792,#8793);
#8791 = CARTESIAN_POINT('',(119.1,-116.6,1.6));
#8792 = DIRECTION('',(0.,0.,1.));
#8793 = DIRECTION('',(1.,0.,-0.));
#8794 = PCURVE('',#90,#8795);
#8795 = DEFINITIONAL_REPRESENTATION('',(#8796),#8804);
#8796 = ( BOUNDED_CURVE() B_SPLINE_CURVE(2,(#8797,#8798,#8799,#8800,
#8801,#8802,#8803),.UNSPECIFIED.,.T.,.F.) B_SPLINE_CURVE_WITH_KNOTS((1,2
    ,2,2,2,1),(-2.094395102393,0.,2.094395102393,4.188790204786,
6.28318530718,8.377580409573),.UNSPECIFIED.) CURVE() 
GEOMETRIC_REPRESENTATION_ITEM() RATIONAL_B_SPLINE_CURVE((1.,0.5,1.,0.5,
1.,0.5,1.)) REPRESENTATION_ITEM('') );
#8797 = CARTESIAN_POINT('',(24.170843378838,-28.23382496402));
#8798 = CARTESIAN_POINT('',(24.170843378838,-27.36779956023));
#8799 = CARTESIAN_POINT('',(24.920843378838,-27.80081226212));
#8800 = CARTESIAN_POINT('',(25.670843378838,-28.23382496402));
#8801 = CARTESIAN_POINT('',(24.920843378838,-28.66683766591));
#8802 = CARTESIAN_POINT('',(24.170843378838,-29.0998503678));
#8803 = CARTESIAN_POINT('',(24.170843378838,-28.23382496402));
#8804 = ( GEOMETRIC_REPRESENTATION_CONTEXT(2) 
PARAMETRIC_REPRESENTATION_CONTEXT() REPRESENTATION_CONTEXT('2D SPACE',''
  ) );
#8805 = PCURVE('',#2971,#8806);
#8806 = DEFINITIONAL_REPRESENTATION('',(#8807),#8811);
#8807 = LINE('',#8808,#8809);
#8808 = CARTESIAN_POINT('',(0.,1.61));
#8809 = VECTOR('',#8810,1.);
#8810 = DIRECTION('',(1.,0.));
#8811 = ( GEOMETRIC_REPRESENTATION_CONTEXT(2) 
PARAMETRIC_REPRESENTATION_CONTEXT() REPRESENTATION_CONTEXT('2D SPACE',''
  ) );
#8812 = FACE_BOUND('',#8813,.F.);
#8813 = EDGE_LOOP('',(#8814));
#8814 = ORIENTED_EDGE('',*,*,#8815,.T.);
#8815 = EDGE_CURVE('',#8816,#8816,#8818,.T.);
#8816 = VERTEX_POINT('',#8817);
#8817 = CARTESIAN_POINT('',(117.06,-116.6,1.6));
#8818 = SURFACE_CURVE('',#8819,(#8824,#8835),.PCURVE_S1.);
#8819 = CIRCLE('',#8820,0.5);
#8820 = AXIS2_PLACEMENT_3D('',#8821,#8822,#8823);
#8821 = CARTESIAN_POINT('',(116.56,-116.6,1.6));
#8822 = DIRECTION('',(0.,0.,1.));
#8823 = DIRECTION('',(1.,0.,-0.));
#8824 = PCURVE('',#90,#8825);
#8825 = DEFINITIONAL_REPRESENTATION('',(#8826),#8834);
#8826 = ( BOUNDED_CURVE() B_SPLINE_CURVE(2,(#8827,#8828,#8829,#8830,
#8831,#8832,#8833),.UNSPECIFIED.,.T.,.F.) B_SPLINE_CURVE_WITH_KNOTS((1,2
    ,2,2,2,1),(-2.094395102393,0.,2.094395102393,4.188790204786,
6.28318530718,8.377580409573),.UNSPECIFIED.) CURVE() 
GEOMETRIC_REPRESENTATION_ITEM() RATIONAL_B_SPLINE_CURVE((1.,0.5,1.,0.5,
1.,0.5,1.)) REPRESENTATION_ITEM('') );
#8827 = CARTESIAN_POINT('',(26.710843378838,-28.23382496402));
#8828 = CARTESIAN_POINT('',(26.710843378838,-27.36779956023));
#8829 = CARTESIAN_POINT('',(27.460843378838,-27.80081226212));
#8830 = CARTESIAN_POINT('',(28.210843378838,-28.23382496402));
#8831 = CARTESIAN_POINT('',(27.460843378838,-28.66683766591));
#8832 = CARTESIAN_POINT('',(26.710843378838,-29.0998503678));
#8833 = CARTESIAN_POINT('',(26.710843378838,-28.23382496402));
#8834 = ( GEOMETRIC_REPRESENTATION_CONTEXT(2) 
PARAMETRIC_REPRESENTATION_CONTEXT() REPRESENTATION_CONTEXT('2D SPACE',''
  ) );
#8835 = PCURVE('',#3006,#8836);
#8836 = DEFINITIONAL_REPRESENTATION('',(#8837),#8841);
#8837 = LINE('',#8838,#8839);
#8838 = CARTESIAN_POINT('',(0.,1.61));
#8839 = VECTOR('',#8840,1.);
#8840 = DIRECTION('',(1.,0.));
#8841 = ( GEOMETRIC_REPRESENTATION_CONTEXT(2) 
PARAMETRIC_REPRESENTATION_CONTEXT() REPRESENTATION_CONTEXT('2D SPACE',''
  ) );
#8842 = FACE_BOUND('',#8843,.F.);
#8843 = EDGE_LOOP('',(#8844));
#8844 = ORIENTED_EDGE('',*,*,#8845,.T.);
#8845 = EDGE_CURVE('',#8846,#8846,#8848,.T.);
#8846 = VERTEX_POINT('',#8847);
#8847 = CARTESIAN_POINT('',(113.25,-119.16,1.6));
#8848 = SURFACE_CURVE('',#8849,(#8854,#8865),.PCURVE_S1.);
#8849 = CIRCLE('',#8850,0.5);
#8850 = AXIS2_PLACEMENT_3D('',#8851,#8852,#8853);
#8851 = CARTESIAN_POINT('',(112.75,-119.16,1.6));
#8852 = DIRECTION('',(0.,0.,1.));
#8853 = DIRECTION('',(1.,0.,-0.));
#8854 = PCURVE('',#90,#8855);
#8855 = DEFINITIONAL_REPRESENTATION('',(#8856),#8864);
#8856 = ( BOUNDED_CURVE() B_SPLINE_CURVE(2,(#8857,#8858,#8859,#8860,
#8861,#8862,#8863),.UNSPECIFIED.,.T.,.F.) B_SPLINE_CURVE_WITH_KNOTS((1,2
    ,2,2,2,1),(-2.094395102393,0.,2.094395102393,4.188790204786,
6.28318530718,8.377580409573),.UNSPECIFIED.) CURVE() 
GEOMETRIC_REPRESENTATION_ITEM() RATIONAL_B_SPLINE_CURVE((1.,0.5,1.,0.5,
1.,0.5,1.)) REPRESENTATION_ITEM('') );
#8857 = CARTESIAN_POINT('',(30.520843378838,-30.79382496402));
#8858 = CARTESIAN_POINT('',(30.520843378838,-29.92779956023));
#8859 = CARTESIAN_POINT('',(31.270843378838,-30.36081226212));
#8860 = CARTESIAN_POINT('',(32.020843378838,-30.79382496402));
#8861 = CARTESIAN_POINT('',(31.270843378838,-31.22683766591));
#8862 = CARTESIAN_POINT('',(30.520843378838,-31.6598503678));
#8863 = CARTESIAN_POINT('',(30.520843378838,-30.79382496402));
#8864 = ( GEOMETRIC_REPRESENTATION_CONTEXT(2) 
PARAMETRIC_REPRESENTATION_CONTEXT() REPRESENTATION_CONTEXT('2D SPACE',''
  ) );
#8865 = PCURVE('',#3041,#8866);
#8866 = DEFINITIONAL_REPRESENTATION('',(#8867),#8871);
#8867 = LINE('',#8868,#8869);
#8868 = CARTESIAN_POINT('',(0.,1.61));
#8869 = VECTOR('',#8870,1.);
#8870 = DIRECTION('',(1.,0.));
#8871 = ( GEOMETRIC_REPRESENTATION_CONTEXT(2) 
PARAMETRIC_REPRESENTATION_CONTEXT() REPRESENTATION_CONTEXT('2D SPACE',''
  ) );
#8872 = FACE_BOUND('',#8873,.F.);
#8873 = EDGE_LOOP('',(#8874));
#8874 = ORIENTED_EDGE('',*,*,#8875,.T.);
#8875 = EDGE_CURVE('',#8876,#8876,#8878,.T.);
#8876 = VERTEX_POINT('',#8877);
#8877 = CARTESIAN_POINT('',(110.71,-119.16,1.6));
#8878 = SURFACE_CURVE('',#8879,(#8884,#8895),.PCURVE_S1.);
#8879 = CIRCLE('',#8880,0.5);
#8880 = AXIS2_PLACEMENT_3D('',#8881,#8882,#8883);
#8881 = CARTESIAN_POINT('',(110.21,-119.16,1.6));
#8882 = DIRECTION('',(0.,0.,1.));
#8883 = DIRECTION('',(1.,0.,-0.));
#8884 = PCURVE('',#90,#8885);
#8885 = DEFINITIONAL_REPRESENTATION('',(#8886),#8894);
#8886 = ( BOUNDED_CURVE() B_SPLINE_CURVE(2,(#8887,#8888,#8889,#8890,
#8891,#8892,#8893),.UNSPECIFIED.,.T.,.F.) B_SPLINE_CURVE_WITH_KNOTS((1,2
    ,2,2,2,1),(-2.094395102393,0.,2.094395102393,4.188790204786,
6.28318530718,8.377580409573),.UNSPECIFIED.) CURVE() 
GEOMETRIC_REPRESENTATION_ITEM() RATIONAL_B_SPLINE_CURVE((1.,0.5,1.,0.5,
1.,0.5,1.)) REPRESENTATION_ITEM('') );
#8887 = CARTESIAN_POINT('',(33.060843378838,-30.79382496402));
#8888 = CARTESIAN_POINT('',(33.060843378838,-29.92779956023));
#8889 = CARTESIAN_POINT('',(33.810843378838,-30.36081226212));
#8890 = CARTESIAN_POINT('',(34.560843378838,-30.79382496402));
#8891 = CARTESIAN_POINT('',(33.810843378838,-31.22683766591));
#8892 = CARTESIAN_POINT('',(33.060843378838,-31.6598503678));
#8893 = CARTESIAN_POINT('',(33.060843378838,-30.79382496402));
#8894 = ( GEOMETRIC_REPRESENTATION_CONTEXT(2) 
PARAMETRIC_REPRESENTATION_CONTEXT() REPRESENTATION_CONTEXT('2D SPACE',''
  ) );
#8895 = PCURVE('',#3076,#8896);
#8896 = DEFINITIONAL_REPRESENTATION('',(#8897),#8901);
#8897 = LINE('',#8898,#8899);
#8898 = CARTESIAN_POINT('',(0.,1.61));
#8899 = VECTOR('',#8900,1.);
#8900 = DIRECTION('',(1.,0.));
#8901 = ( GEOMETRIC_REPRESENTATION_CONTEXT(2) 
PARAMETRIC_REPRESENTATION_CONTEXT() REPRESENTATION_CONTEXT('2D SPACE',''
  ) );
#8902 = FACE_BOUND('',#8903,.F.);
#8903 = EDGE_LOOP('',(#8904));
#8904 = ORIENTED_EDGE('',*,*,#8905,.T.);
#8905 = EDGE_CURVE('',#8906,#8906,#8908,.T.);
#8906 = VERTEX_POINT('',#8907);
#8907 = CARTESIAN_POINT('',(113.25,-116.6,1.6));
#8908 = SURFACE_CURVE('',#8909,(#8914,#8925),.PCURVE_S1.);
#8909 = CIRCLE('',#8910,0.5);
#8910 = AXIS2_PLACEMENT_3D('',#8911,#8912,#8913);
#8911 = CARTESIAN_POINT('',(112.75,-116.6,1.6));
#8912 = DIRECTION('',(0.,0.,1.));
#8913 = DIRECTION('',(1.,0.,-0.));
#8914 = PCURVE('',#90,#8915);
#8915 = DEFINITIONAL_REPRESENTATION('',(#8916),#8924);
#8916 = ( BOUNDED_CURVE() B_SPLINE_CURVE(2,(#8917,#8918,#8919,#8920,
#8921,#8922,#8923),.UNSPECIFIED.,.T.,.F.) B_SPLINE_CURVE_WITH_KNOTS((1,2
    ,2,2,2,1),(-2.094395102393,0.,2.094395102393,4.188790204786,
6.28318530718,8.377580409573),.UNSPECIFIED.) CURVE() 
GEOMETRIC_REPRESENTATION_ITEM() RATIONAL_B_SPLINE_CURVE((1.,0.5,1.,0.5,
1.,0.5,1.)) REPRESENTATION_ITEM('') );
#8917 = CARTESIAN_POINT('',(30.520843378838,-28.23382496402));
#8918 = CARTESIAN_POINT('',(30.520843378838,-27.36779956023));
#8919 = CARTESIAN_POINT('',(31.270843378838,-27.80081226212));
#8920 = CARTESIAN_POINT('',(32.020843378838,-28.23382496402));
#8921 = CARTESIAN_POINT('',(31.270843378838,-28.66683766591));
#8922 = CARTESIAN_POINT('',(30.520843378838,-29.0998503678));
#8923 = CARTESIAN_POINT('',(30.520843378838,-28.23382496402));
#8924 = ( GEOMETRIC_REPRESENTATION_CONTEXT(2) 
PARAMETRIC_REPRESENTATION_CONTEXT() REPRESENTATION_CONTEXT('2D SPACE',''
  ) );
#8925 = PCURVE('',#3111,#8926);
#8926 = DEFINITIONAL_REPRESENTATION('',(#8927),#8931);
#8927 = LINE('',#8928,#8929);
#8928 = CARTESIAN_POINT('',(0.,1.61));
#8929 = VECTOR('',#8930,1.);
#8930 = DIRECTION('',(1.,0.));
#8931 = ( GEOMETRIC_REPRESENTATION_CONTEXT(2) 
PARAMETRIC_REPRESENTATION_CONTEXT() REPRESENTATION_CONTEXT('2D SPACE',''
  ) );
#8932 = FACE_BOUND('',#8933,.F.);
#8933 = EDGE_LOOP('',(#8934));
#8934 = ORIENTED_EDGE('',*,*,#8935,.T.);
#8935 = EDGE_CURVE('',#8936,#8936,#8938,.T.);
#8936 = VERTEX_POINT('',#8937);
#8937 = CARTESIAN_POINT('',(110.71,-116.6,1.6));
#8938 = SURFACE_CURVE('',#8939,(#8944,#8955),.PCURVE_S1.);
#8939 = CIRCLE('',#8940,0.5);
#8940 = AXIS2_PLACEMENT_3D('',#8941,#8942,#8943);
#8941 = CARTESIAN_POINT('',(110.21,-116.6,1.6));
#8942 = DIRECTION('',(0.,0.,1.));
#8943 = DIRECTION('',(1.,0.,-0.));
#8944 = PCURVE('',#90,#8945);
#8945 = DEFINITIONAL_REPRESENTATION('',(#8946),#8954);
#8946 = ( BOUNDED_CURVE() B_SPLINE_CURVE(2,(#8947,#8948,#8949,#8950,
#8951,#8952,#8953),.UNSPECIFIED.,.T.,.F.) B_SPLINE_CURVE_WITH_KNOTS((1,2
    ,2,2,2,1),(-2.094395102393,0.,2.094395102393,4.188790204786,
6.28318530718,8.377580409573),.UNSPECIFIED.) CURVE() 
GEOMETRIC_REPRESENTATION_ITEM() RATIONAL_B_SPLINE_CURVE((1.,0.5,1.,0.5,
1.,0.5,1.)) REPRESENTATION_ITEM('') );
#8947 = CARTESIAN_POINT('',(33.060843378838,-28.23382496402));
#8948 = CARTESIAN_POINT('',(33.060843378838,-27.36779956023));
#8949 = CARTESIAN_POINT('',(33.810843378838,-27.80081226212));
#8950 = CARTESIAN_POINT('',(34.560843378838,-28.23382496402));
#8951 = CARTESIAN_POINT('',(33.810843378838,-28.66683766591));
#8952 = CARTESIAN_POINT('',(33.060843378838,-29.0998503678));
#8953 = CARTESIAN_POINT('',(33.060843378838,-28.23382496402));
#8954 = ( GEOMETRIC_REPRESENTATION_CONTEXT(2) 
PARAMETRIC_REPRESENTATION_CONTEXT() REPRESENTATION_CONTEXT('2D SPACE',''
  ) );
#8955 = PCURVE('',#3146,#8956);
#8956 = DEFINITIONAL_REPRESENTATION('',(#8957),#8961);
#8957 = LINE('',#8958,#8959);
#8958 = CARTESIAN_POINT('',(0.,1.61));
#8959 = VECTOR('',#8960,1.);
#8960 = DIRECTION('',(1.,0.));
#8961 = ( GEOMETRIC_REPRESENTATION_CONTEXT(2) 
PARAMETRIC_REPRESENTATION_CONTEXT() REPRESENTATION_CONTEXT('2D SPACE',''
  ) );
#8962 = FACE_BOUND('',#8963,.F.);
#8963 = EDGE_LOOP('',(#8964));
#8964 = ORIENTED_EDGE('',*,*,#8965,.T.);
#8965 = EDGE_CURVE('',#8966,#8966,#8968,.T.);
#8966 = VERTEX_POINT('',#8967);
#8967 = CARTESIAN_POINT('',(119.6,-114.04,1.6));
#8968 = SURFACE_CURVE('',#8969,(#8974,#8985),.PCURVE_S1.);
#8969 = CIRCLE('',#8970,0.5);
#8970 = AXIS2_PLACEMENT_3D('',#8971,#8972,#8973);
#8971 = CARTESIAN_POINT('',(119.1,-114.04,1.6));
#8972 = DIRECTION('',(0.,0.,1.));
#8973 = DIRECTION('',(1.,0.,-0.));
#8974 = PCURVE('',#90,#8975);
#8975 = DEFINITIONAL_REPRESENTATION('',(#8976),#8984);
#8976 = ( BOUNDED_CURVE() B_SPLINE_CURVE(2,(#8977,#8978,#8979,#8980,
#8981,#8982,#8983),.UNSPECIFIED.,.T.,.F.) B_SPLINE_CURVE_WITH_KNOTS((1,2
    ,2,2,2,1),(-2.094395102393,0.,2.094395102393,4.188790204786,
6.28318530718,8.377580409573),.UNSPECIFIED.) CURVE() 
GEOMETRIC_REPRESENTATION_ITEM() RATIONAL_B_SPLINE_CURVE((1.,0.5,1.,0.5,
1.,0.5,1.)) REPRESENTATION_ITEM('') );
#8977 = CARTESIAN_POINT('',(24.170843378838,-25.67382496402));
#8978 = CARTESIAN_POINT('',(24.170843378838,-24.80779956023));
#8979 = CARTESIAN_POINT('',(24.920843378838,-25.24081226212));
#8980 = CARTESIAN_POINT('',(25.670843378838,-25.67382496402));
#8981 = CARTESIAN_POINT('',(24.920843378838,-26.10683766591));
#8982 = CARTESIAN_POINT('',(24.170843378838,-26.5398503678));
#8983 = CARTESIAN_POINT('',(24.170843378838,-25.67382496402));
#8984 = ( GEOMETRIC_REPRESENTATION_CONTEXT(2) 
PARAMETRIC_REPRESENTATION_CONTEXT() REPRESENTATION_CONTEXT('2D SPACE',''
  ) );
#8985 = PCURVE('',#3181,#8986);
#8986 = DEFINITIONAL_REPRESENTATION('',(#8987),#8991);
#8987 = LINE('',#8988,#8989);
#8988 = CARTESIAN_POINT('',(0.,1.61));
#8989 = VECTOR('',#8990,1.);
#8990 = DIRECTION('',(1.,0.));
#8991 = ( GEOMETRIC_REPRESENTATION_CONTEXT(2) 
PARAMETRIC_REPRESENTATION_CONTEXT() REPRESENTATION_CONTEXT('2D SPACE',''
  ) );
#8992 = FACE_BOUND('',#8993,.F.);
#8993 = EDGE_LOOP('',(#8994));
#8994 = ORIENTED_EDGE('',*,*,#8995,.T.);
#8995 = EDGE_CURVE('',#8996,#8996,#8998,.T.);
#8996 = VERTEX_POINT('',#8997);
#8997 = CARTESIAN_POINT('',(117.06,-114.04,1.6));
#8998 = SURFACE_CURVE('',#8999,(#9004,#9015),.PCURVE_S1.);
#8999 = CIRCLE('',#9000,0.5);
#9000 = AXIS2_PLACEMENT_3D('',#9001,#9002,#9003);
#9001 = CARTESIAN_POINT('',(116.56,-114.04,1.6));
#9002 = DIRECTION('',(0.,0.,1.));
#9003 = DIRECTION('',(1.,0.,-0.));
#9004 = PCURVE('',#90,#9005);
#9005 = DEFINITIONAL_REPRESENTATION('',(#9006),#9014);
#9006 = ( BOUNDED_CURVE() B_SPLINE_CURVE(2,(#9007,#9008,#9009,#9010,
#9011,#9012,#9013),.UNSPECIFIED.,.T.,.F.) B_SPLINE_CURVE_WITH_KNOTS((1,2
    ,2,2,2,1),(-2.094395102393,0.,2.094395102393,4.188790204786,
6.28318530718,8.377580409573),.UNSPECIFIED.) CURVE() 
GEOMETRIC_REPRESENTATION_ITEM() RATIONAL_B_SPLINE_CURVE((1.,0.5,1.,0.5,
1.,0.5,1.)) REPRESENTATION_ITEM('') );
#9007 = CARTESIAN_POINT('',(26.710843378838,-25.67382496402));
#9008 = CARTESIAN_POINT('',(26.710843378838,-24.80779956023));
#9009 = CARTESIAN_POINT('',(27.460843378838,-25.24081226212));
#9010 = CARTESIAN_POINT('',(28.210843378838,-25.67382496402));
#9011 = CARTESIAN_POINT('',(27.460843378838,-26.10683766591));
#9012 = CARTESIAN_POINT('',(26.710843378838,-26.5398503678));
#9013 = CARTESIAN_POINT('',(26.710843378838,-25.67382496402));
#9014 = ( GEOMETRIC_REPRESENTATION_CONTEXT(2) 
PARAMETRIC_REPRESENTATION_CONTEXT() REPRESENTATION_CONTEXT('2D SPACE',''
  ) );
#9015 = PCURVE('',#3216,#9016);
#9016 = DEFINITIONAL_REPRESENTATION('',(#9017),#9021);
#9017 = LINE('',#9018,#9019);
#9018 = CARTESIAN_POINT('',(0.,1.61));
#9019 = VECTOR('',#9020,1.);
#9020 = DIRECTION('',(1.,0.));
#9021 = ( GEOMETRIC_REPRESENTATION_CONTEXT(2) 
PARAMETRIC_REPRESENTATION_CONTEXT() REPRESENTATION_CONTEXT('2D SPACE',''
  ) );
#9022 = FACE_BOUND('',#9023,.F.);
#9023 = EDGE_LOOP('',(#9024));
#9024 = ORIENTED_EDGE('',*,*,#9025,.T.);
#9025 = EDGE_CURVE('',#9026,#9026,#9028,.T.);
#9026 = VERTEX_POINT('',#9027);
#9027 = CARTESIAN_POINT('',(119.6,-111.48,1.6));
#9028 = SURFACE_CURVE('',#9029,(#9034,#9045),.PCURVE_S1.);
#9029 = CIRCLE('',#9030,0.5);
#9030 = AXIS2_PLACEMENT_3D('',#9031,#9032,#9033);
#9031 = CARTESIAN_POINT('',(119.1,-111.48,1.6));
#9032 = DIRECTION('',(0.,0.,1.));
#9033 = DIRECTION('',(1.,0.,-0.));
#9034 = PCURVE('',#90,#9035);
#9035 = DEFINITIONAL_REPRESENTATION('',(#9036),#9044);
#9036 = ( BOUNDED_CURVE() B_SPLINE_CURVE(2,(#9037,#9038,#9039,#9040,
#9041,#9042,#9043),.UNSPECIFIED.,.T.,.F.) B_SPLINE_CURVE_WITH_KNOTS((1,2
    ,2,2,2,1),(-2.094395102393,0.,2.094395102393,4.188790204786,
6.28318530718,8.377580409573),.UNSPECIFIED.) CURVE() 
GEOMETRIC_REPRESENTATION_ITEM() RATIONAL_B_SPLINE_CURVE((1.,0.5,1.,0.5,
1.,0.5,1.)) REPRESENTATION_ITEM('') );
#9037 = CARTESIAN_POINT('',(24.170843378838,-23.11382496402));
#9038 = CARTESIAN_POINT('',(24.170843378838,-22.24779956023));
#9039 = CARTESIAN_POINT('',(24.920843378838,-22.68081226212));
#9040 = CARTESIAN_POINT('',(25.670843378838,-23.11382496402));
#9041 = CARTESIAN_POINT('',(24.920843378838,-23.54683766591));
#9042 = CARTESIAN_POINT('',(24.170843378838,-23.9798503678));
#9043 = CARTESIAN_POINT('',(24.170843378838,-23.11382496402));
#9044 = ( GEOMETRIC_REPRESENTATION_CONTEXT(2) 
PARAMETRIC_REPRESENTATION_CONTEXT() REPRESENTATION_CONTEXT('2D SPACE',''
  ) );
#9045 = PCURVE('',#3251,#9046);
#9046 = DEFINITIONAL_REPRESENTATION('',(#9047),#9051);
#9047 = LINE('',#9048,#9049);
#9048 = CARTESIAN_POINT('',(0.,1.61));
#9049 = VECTOR('',#9050,1.);
#9050 = DIRECTION('',(1.,0.));
#9051 = ( GEOMETRIC_REPRESENTATION_CONTEXT(2) 
PARAMETRIC_REPRESENTATION_CONTEXT() REPRESENTATION_CONTEXT('2D SPACE',''
  ) );
#9052 = FACE_BOUND('',#9053,.F.);
#9053 = EDGE_LOOP('',(#9054));
#9054 = ORIENTED_EDGE('',*,*,#9055,.T.);
#9055 = EDGE_CURVE('',#9056,#9056,#9058,.T.);
#9056 = VERTEX_POINT('',#9057);
#9057 = CARTESIAN_POINT('',(117.06,-111.48,1.6));
#9058 = SURFACE_CURVE('',#9059,(#9064,#9075),.PCURVE_S1.);
#9059 = CIRCLE('',#9060,0.5);
#9060 = AXIS2_PLACEMENT_3D('',#9061,#9062,#9063);
#9061 = CARTESIAN_POINT('',(116.56,-111.48,1.6));
#9062 = DIRECTION('',(0.,0.,1.));
#9063 = DIRECTION('',(1.,0.,-0.));
#9064 = PCURVE('',#90,#9065);
#9065 = DEFINITIONAL_REPRESENTATION('',(#9066),#9074);
#9066 = ( BOUNDED_CURVE() B_SPLINE_CURVE(2,(#9067,#9068,#9069,#9070,
#9071,#9072,#9073),.UNSPECIFIED.,.T.,.F.) B_SPLINE_CURVE_WITH_KNOTS((1,2
    ,2,2,2,1),(-2.094395102393,0.,2.094395102393,4.188790204786,
6.28318530718,8.377580409573),.UNSPECIFIED.) CURVE() 
GEOMETRIC_REPRESENTATION_ITEM() RATIONAL_B_SPLINE_CURVE((1.,0.5,1.,0.5,
1.,0.5,1.)) REPRESENTATION_ITEM('') );
#9067 = CARTESIAN_POINT('',(26.710843378838,-23.11382496402));
#9068 = CARTESIAN_POINT('',(26.710843378838,-22.24779956023));
#9069 = CARTESIAN_POINT('',(27.460843378838,-22.68081226212));
#9070 = CARTESIAN_POINT('',(28.210843378838,-23.11382496402));
#9071 = CARTESIAN_POINT('',(27.460843378838,-23.54683766591));
#9072 = CARTESIAN_POINT('',(26.710843378838,-23.9798503678));
#9073 = CARTESIAN_POINT('',(26.710843378838,-23.11382496402));
#9074 = ( GEOMETRIC_REPRESENTATION_CONTEXT(2) 
PARAMETRIC_REPRESENTATION_CONTEXT() REPRESENTATION_CONTEXT('2D SPACE',''
  ) );
#9075 = PCURVE('',#3286,#9076);
#9076 = DEFINITIONAL_REPRESENTATION('',(#9077),#9081);
#9077 = LINE('',#9078,#9079);
#9078 = CARTESIAN_POINT('',(0.,1.61));
#9079 = VECTOR('',#9080,1.);
#9080 = DIRECTION('',(1.,0.));
#9081 = ( GEOMETRIC_REPRESENTATION_CONTEXT(2) 
PARAMETRIC_REPRESENTATION_CONTEXT() REPRESENTATION_CONTEXT('2D SPACE',''
  ) );
#9082 = FACE_BOUND('',#9083,.F.);
#9083 = EDGE_LOOP('',(#9084));
#9084 = ORIENTED_EDGE('',*,*,#9085,.T.);
#9085 = EDGE_CURVE('',#9086,#9086,#9088,.T.);
#9086 = VERTEX_POINT('',#9087);
#9087 = CARTESIAN_POINT('',(113.25,-114.04,1.6));
#9088 = SURFACE_CURVE('',#9089,(#9094,#9105),.PCURVE_S1.);
#9089 = CIRCLE('',#9090,0.5);
#9090 = AXIS2_PLACEMENT_3D('',#9091,#9092,#9093);
#9091 = CARTESIAN_POINT('',(112.75,-114.04,1.6));
#9092 = DIRECTION('',(0.,0.,1.));
#9093 = DIRECTION('',(1.,0.,-0.));
#9094 = PCURVE('',#90,#9095);
#9095 = DEFINITIONAL_REPRESENTATION('',(#9096),#9104);
#9096 = ( BOUNDED_CURVE() B_SPLINE_CURVE(2,(#9097,#9098,#9099,#9100,
#9101,#9102,#9103),.UNSPECIFIED.,.T.,.F.) B_SPLINE_CURVE_WITH_KNOTS((1,2
    ,2,2,2,1),(-2.094395102393,0.,2.094395102393,4.188790204786,
6.28318530718,8.377580409573),.UNSPECIFIED.) CURVE() 
GEOMETRIC_REPRESENTATION_ITEM() RATIONAL_B_SPLINE_CURVE((1.,0.5,1.,0.5,
1.,0.5,1.)) REPRESENTATION_ITEM('') );
#9097 = CARTESIAN_POINT('',(30.520843378838,-25.67382496402));
#9098 = CARTESIAN_POINT('',(30.520843378838,-24.80779956023));
#9099 = CARTESIAN_POINT('',(31.270843378838,-25.24081226212));
#9100 = CARTESIAN_POINT('',(32.020843378838,-25.67382496402));
#9101 = CARTESIAN_POINT('',(31.270843378838,-26.10683766591));
#9102 = CARTESIAN_POINT('',(30.520843378838,-26.5398503678));
#9103 = CARTESIAN_POINT('',(30.520843378838,-25.67382496402));
#9104 = ( GEOMETRIC_REPRESENTATION_CONTEXT(2) 
PARAMETRIC_REPRESENTATION_CONTEXT() REPRESENTATION_CONTEXT('2D SPACE',''
  ) );
#9105 = PCURVE('',#3321,#9106);
#9106 = DEFINITIONAL_REPRESENTATION('',(#9107),#9111);
#9107 = LINE('',#9108,#9109);
#9108 = CARTESIAN_POINT('',(0.,1.61));
#9109 = VECTOR('',#9110,1.);
#9110 = DIRECTION('',(1.,0.));
#9111 = ( GEOMETRIC_REPRESENTATION_CONTEXT(2) 
PARAMETRIC_REPRESENTATION_CONTEXT() REPRESENTATION_CONTEXT('2D SPACE',''
  ) );
#9112 = FACE_BOUND('',#9113,.F.);
#9113 = EDGE_LOOP('',(#9114));
#9114 = ORIENTED_EDGE('',*,*,#9115,.T.);
#9115 = EDGE_CURVE('',#9116,#9116,#9118,.T.);
#9116 = VERTEX_POINT('',#9117);
#9117 = CARTESIAN_POINT('',(110.71,-114.04,1.6));
#9118 = SURFACE_CURVE('',#9119,(#9124,#9135),.PCURVE_S1.);
#9119 = CIRCLE('',#9120,0.5);
#9120 = AXIS2_PLACEMENT_3D('',#9121,#9122,#9123);
#9121 = CARTESIAN_POINT('',(110.21,-114.04,1.6));
#9122 = DIRECTION('',(0.,0.,1.));
#9123 = DIRECTION('',(1.,0.,-0.));
#9124 = PCURVE('',#90,#9125);
#9125 = DEFINITIONAL_REPRESENTATION('',(#9126),#9134);
#9126 = ( BOUNDED_CURVE() B_SPLINE_CURVE(2,(#9127,#9128,#9129,#9130,
#9131,#9132,#9133),.UNSPECIFIED.,.T.,.F.) B_SPLINE_CURVE_WITH_KNOTS((1,2
    ,2,2,2,1),(-2.094395102393,0.,2.094395102393,4.188790204786,
6.28318530718,8.377580409573),.UNSPECIFIED.) CURVE() 
GEOMETRIC_REPRESENTATION_ITEM() RATIONAL_B_SPLINE_CURVE((1.,0.5,1.,0.5,
1.,0.5,1.)) REPRESENTATION_ITEM('') );
#9127 = CARTESIAN_POINT('',(33.060843378838,-25.67382496402));
#9128 = CARTESIAN_POINT('',(33.060843378838,-24.80779956023));
#9129 = CARTESIAN_POINT('',(33.810843378838,-25.24081226212));
#9130 = CARTESIAN_POINT('',(34.560843378838,-25.67382496402));
#9131 = CARTESIAN_POINT('',(33.810843378838,-26.10683766591));
#9132 = CARTESIAN_POINT('',(33.060843378838,-26.5398503678));
#9133 = CARTESIAN_POINT('',(33.060843378838,-25.67382496402));
#9134 = ( GEOMETRIC_REPRESENTATION_CONTEXT(2) 
PARAMETRIC_REPRESENTATION_CONTEXT() REPRESENTATION_CONTEXT('2D SPACE',''
  ) );
#9135 = PCURVE('',#3356,#9136);
#9136 = DEFINITIONAL_REPRESENTATION('',(#9137),#9141);
#9137 = LINE('',#9138,#9139);
#9138 = CARTESIAN_POINT('',(0.,1.61));
#9139 = VECTOR('',#9140,1.);
#9140 = DIRECTION('',(1.,0.));
#9141 = ( GEOMETRIC_REPRESENTATION_CONTEXT(2) 
PARAMETRIC_REPRESENTATION_CONTEXT() REPRESENTATION_CONTEXT('2D SPACE',''
  ) );
#9142 = FACE_BOUND('',#9143,.F.);
#9143 = EDGE_LOOP('',(#9144));
#9144 = ORIENTED_EDGE('',*,*,#9145,.T.);
#9145 = EDGE_CURVE('',#9146,#9146,#9148,.T.);
#9146 = VERTEX_POINT('',#9147);
#9147 = CARTESIAN_POINT('',(113.25,-111.48,1.6));
#9148 = SURFACE_CURVE('',#9149,(#9154,#9165),.PCURVE_S1.);
#9149 = CIRCLE('',#9150,0.5);
#9150 = AXIS2_PLACEMENT_3D('',#9151,#9152,#9153);
#9151 = CARTESIAN_POINT('',(112.75,-111.48,1.6));
#9152 = DIRECTION('',(0.,0.,1.));
#9153 = DIRECTION('',(1.,0.,-0.));
#9154 = PCURVE('',#90,#9155);
#9155 = DEFINITIONAL_REPRESENTATION('',(#9156),#9164);
#9156 = ( BOUNDED_CURVE() B_SPLINE_CURVE(2,(#9157,#9158,#9159,#9160,
#9161,#9162,#9163),.UNSPECIFIED.,.T.,.F.) B_SPLINE_CURVE_WITH_KNOTS((1,2
    ,2,2,2,1),(-2.094395102393,0.,2.094395102393,4.188790204786,
6.28318530718,8.377580409573),.UNSPECIFIED.) CURVE() 
GEOMETRIC_REPRESENTATION_ITEM() RATIONAL_B_SPLINE_CURVE((1.,0.5,1.,0.5,
1.,0.5,1.)) REPRESENTATION_ITEM('') );
#9157 = CARTESIAN_POINT('',(30.520843378838,-23.11382496402));
#9158 = CARTESIAN_POINT('',(30.520843378838,-22.24779956023));
#9159 = CARTESIAN_POINT('',(31.270843378838,-22.68081226212));
#9160 = CARTESIAN_POINT('',(32.020843378838,-23.11382496402));
#9161 = CARTESIAN_POINT('',(31.270843378838,-23.54683766591));
#9162 = CARTESIAN_POINT('',(30.520843378838,-23.9798503678));
#9163 = CARTESIAN_POINT('',(30.520843378838,-23.11382496402));
#9164 = ( GEOMETRIC_REPRESENTATION_CONTEXT(2) 
PARAMETRIC_REPRESENTATION_CONTEXT() REPRESENTATION_CONTEXT('2D SPACE',''
  ) );
#9165 = PCURVE('',#3391,#9166);
#9166 = DEFINITIONAL_REPRESENTATION('',(#9167),#9171);
#9167 = LINE('',#9168,#9169);
#9168 = CARTESIAN_POINT('',(0.,1.61));
#9169 = VECTOR('',#9170,1.);
#9170 = DIRECTION('',(1.,0.));
#9171 = ( GEOMETRIC_REPRESENTATION_CONTEXT(2) 
PARAMETRIC_REPRESENTATION_CONTEXT() REPRESENTATION_CONTEXT('2D SPACE',''
  ) );
#9172 = FACE_BOUND('',#9173,.F.);
#9173 = EDGE_LOOP('',(#9174));
#9174 = ORIENTED_EDGE('',*,*,#9175,.T.);
#9175 = EDGE_CURVE('',#9176,#9176,#9178,.T.);
#9176 = VERTEX_POINT('',#9177);
#9177 = CARTESIAN_POINT('',(110.71,-111.48,1.6));
#9178 = SURFACE_CURVE('',#9179,(#9184,#9195),.PCURVE_S1.);
#9179 = CIRCLE('',#9180,0.5);
#9180 = AXIS2_PLACEMENT_3D('',#9181,#9182,#9183);
#9181 = CARTESIAN_POINT('',(110.21,-111.48,1.6));
#9182 = DIRECTION('',(0.,0.,1.));
#9183 = DIRECTION('',(1.,0.,-0.));
#9184 = PCURVE('',#90,#9185);
#9185 = DEFINITIONAL_REPRESENTATION('',(#9186),#9194);
#9186 = ( BOUNDED_CURVE() B_SPLINE_CURVE(2,(#9187,#9188,#9189,#9190,
#9191,#9192,#9193),.UNSPECIFIED.,.T.,.F.) B_SPLINE_CURVE_WITH_KNOTS((1,2
    ,2,2,2,1),(-2.094395102393,0.,2.094395102393,4.188790204786,
6.28318530718,8.377580409573),.UNSPECIFIED.) CURVE() 
GEOMETRIC_REPRESENTATION_ITEM() RATIONAL_B_SPLINE_CURVE((1.,0.5,1.,0.5,
1.,0.5,1.)) REPRESENTATION_ITEM('') );
#9187 = CARTESIAN_POINT('',(33.060843378838,-23.11382496402));
#9188 = CARTESIAN_POINT('',(33.060843378838,-22.24779956023));
#9189 = CARTESIAN_POINT('',(33.810843378838,-22.68081226212));
#9190 = CARTESIAN_POINT('',(34.560843378838,-23.11382496402));
#9191 = CARTESIAN_POINT('',(33.810843378838,-23.54683766591));
#9192 = CARTESIAN_POINT('',(33.060843378838,-23.9798503678));
#9193 = CARTESIAN_POINT('',(33.060843378838,-23.11382496402));
#9194 = ( GEOMETRIC_REPRESENTATION_CONTEXT(2) 
PARAMETRIC_REPRESENTATION_CONTEXT() REPRESENTATION_CONTEXT('2D SPACE',''
  ) );
#9195 = PCURVE('',#3426,#9196);
#9196 = DEFINITIONAL_REPRESENTATION('',(#9197),#9201);
#9197 = LINE('',#9198,#9199);
#9198 = CARTESIAN_POINT('',(0.,1.61));
#9199 = VECTOR('',#9200,1.);
#9200 = DIRECTION('',(1.,0.));
#9201 = ( GEOMETRIC_REPRESENTATION_CONTEXT(2) 
PARAMETRIC_REPRESENTATION_CONTEXT() REPRESENTATION_CONTEXT('2D SPACE',''
  ) );
#9202 = FACE_BOUND('',#9203,.F.);
#9203 = EDGE_LOOP('',(#9204));
#9204 = ORIENTED_EDGE('',*,*,#9205,.T.);
#9205 = EDGE_CURVE('',#9206,#9206,#9208,.T.);
#9206 = VERTEX_POINT('',#9207);
#9207 = CARTESIAN_POINT('',(108.17,-119.16,1.6));
#9208 = SURFACE_CURVE('',#9209,(#9214,#9225),.PCURVE_S1.);
#9209 = CIRCLE('',#9210,0.5);
#9210 = AXIS2_PLACEMENT_3D('',#9211,#9212,#9213);
#9211 = CARTESIAN_POINT('',(107.67,-119.16,1.6));
#9212 = DIRECTION('',(0.,0.,1.));
#9213 = DIRECTION('',(1.,0.,-0.));
#9214 = PCURVE('',#90,#9215);
#9215 = DEFINITIONAL_REPRESENTATION('',(#9216),#9224);
#9216 = ( BOUNDED_CURVE() B_SPLINE_CURVE(2,(#9217,#9218,#9219,#9220,
#9221,#9222,#9223),.UNSPECIFIED.,.T.,.F.) B_SPLINE_CURVE_WITH_KNOTS((1,2
    ,2,2,2,1),(-2.094395102393,0.,2.094395102393,4.188790204786,
6.28318530718,8.377580409573),.UNSPECIFIED.) CURVE() 
GEOMETRIC_REPRESENTATION_ITEM() RATIONAL_B_SPLINE_CURVE((1.,0.5,1.,0.5,
1.,0.5,1.)) REPRESENTATION_ITEM('') );
#9217 = CARTESIAN_POINT('',(35.600843378838,-30.79382496402));
#9218 = CARTESIAN_POINT('',(35.600843378838,-29.92779956023));
#9219 = CARTESIAN_POINT('',(36.350843378838,-30.36081226212));
#9220 = CARTESIAN_POINT('',(37.100843378838,-30.79382496402));
#9221 = CARTESIAN_POINT('',(36.350843378838,-31.22683766591));
#9222 = CARTESIAN_POINT('',(35.600843378838,-31.6598503678));
#9223 = CARTESIAN_POINT('',(35.600843378838,-30.79382496402));
#9224 = ( GEOMETRIC_REPRESENTATION_CONTEXT(2) 
PARAMETRIC_REPRESENTATION_CONTEXT() REPRESENTATION_CONTEXT('2D SPACE',''
  ) );
#9225 = PCURVE('',#3461,#9226);
#9226 = DEFINITIONAL_REPRESENTATION('',(#9227),#9231);
#9227 = LINE('',#9228,#9229);
#9228 = CARTESIAN_POINT('',(0.,1.61));
#9229 = VECTOR('',#9230,1.);
#9230 = DIRECTION('',(1.,0.));
#9231 = ( GEOMETRIC_REPRESENTATION_CONTEXT(2) 
PARAMETRIC_REPRESENTATION_CONTEXT() REPRESENTATION_CONTEXT('2D SPACE',''
  ) );
#9232 = FACE_BOUND('',#9233,.F.);
#9233 = EDGE_LOOP('',(#9234));
#9234 = ORIENTED_EDGE('',*,*,#9235,.T.);
#9235 = EDGE_CURVE('',#9236,#9236,#9238,.T.);
#9236 = VERTEX_POINT('',#9237);
#9237 = CARTESIAN_POINT('',(105.63,-119.16,1.6));
#9238 = SURFACE_CURVE('',#9239,(#9244,#9255),.PCURVE_S1.);
#9239 = CIRCLE('',#9240,0.5);
#9240 = AXIS2_PLACEMENT_3D('',#9241,#9242,#9243);
#9241 = CARTESIAN_POINT('',(105.13,-119.16,1.6));
#9242 = DIRECTION('',(0.,0.,1.));
#9243 = DIRECTION('',(1.,0.,-0.));
#9244 = PCURVE('',#90,#9245);
#9245 = DEFINITIONAL_REPRESENTATION('',(#9246),#9254);
#9246 = ( BOUNDED_CURVE() B_SPLINE_CURVE(2,(#9247,#9248,#9249,#9250,
#9251,#9252,#9253),.UNSPECIFIED.,.T.,.F.) B_SPLINE_CURVE_WITH_KNOTS((1,2
    ,2,2,2,1),(-2.094395102393,0.,2.094395102393,4.188790204786,
6.28318530718,8.377580409573),.UNSPECIFIED.) CURVE() 
GEOMETRIC_REPRESENTATION_ITEM() RATIONAL_B_SPLINE_CURVE((1.,0.5,1.,0.5,
1.,0.5,1.)) REPRESENTATION_ITEM('') );
#9247 = CARTESIAN_POINT('',(38.140843378838,-30.79382496402));
#9248 = CARTESIAN_POINT('',(38.140843378838,-29.92779956023));
#9249 = CARTESIAN_POINT('',(38.890843378838,-30.36081226212));
#9250 = CARTESIAN_POINT('',(39.640843378838,-30.79382496402));
#9251 = CARTESIAN_POINT('',(38.890843378838,-31.22683766591));
#9252 = CARTESIAN_POINT('',(38.140843378838,-31.6598503678));
#9253 = CARTESIAN_POINT('',(38.140843378838,-30.79382496402));
#9254 = ( GEOMETRIC_REPRESENTATION_CONTEXT(2) 
PARAMETRIC_REPRESENTATION_CONTEXT() REPRESENTATION_CONTEXT('2D SPACE',''
  ) );
#9255 = PCURVE('',#3496,#9256);
#9256 = DEFINITIONAL_REPRESENTATION('',(#9257),#9261);
#9257 = LINE('',#9258,#9259);
#9258 = CARTESIAN_POINT('',(0.,1.61));
#9259 = VECTOR('',#9260,1.);
#9260 = DIRECTION('',(1.,0.));
#9261 = ( GEOMETRIC_REPRESENTATION_CONTEXT(2) 
PARAMETRIC_REPRESENTATION_CONTEXT() REPRESENTATION_CONTEXT('2D SPACE',''
  ) );
#9262 = FACE_BOUND('',#9263,.F.);
#9263 = EDGE_LOOP('',(#9264));
#9264 = ORIENTED_EDGE('',*,*,#9265,.T.);
#9265 = EDGE_CURVE('',#9266,#9266,#9268,.T.);
#9266 = VERTEX_POINT('',#9267);
#9267 = CARTESIAN_POINT('',(108.17,-116.6,1.6));
#9268 = SURFACE_CURVE('',#9269,(#9274,#9285),.PCURVE_S1.);
#9269 = CIRCLE('',#9270,0.5);
#9270 = AXIS2_PLACEMENT_3D('',#9271,#9272,#9273);
#9271 = CARTESIAN_POINT('',(107.67,-116.6,1.6));
#9272 = DIRECTION('',(0.,0.,1.));
#9273 = DIRECTION('',(1.,0.,-0.));
#9274 = PCURVE('',#90,#9275);
#9275 = DEFINITIONAL_REPRESENTATION('',(#9276),#9284);
#9276 = ( BOUNDED_CURVE() B_SPLINE_CURVE(2,(#9277,#9278,#9279,#9280,
#9281,#9282,#9283),.UNSPECIFIED.,.T.,.F.) B_SPLINE_CURVE_WITH_KNOTS((1,2
    ,2,2,2,1),(-2.094395102393,0.,2.094395102393,4.188790204786,
6.28318530718,8.377580409573),.UNSPECIFIED.) CURVE() 
GEOMETRIC_REPRESENTATION_ITEM() RATIONAL_B_SPLINE_CURVE((1.,0.5,1.,0.5,
1.,0.5,1.)) REPRESENTATION_ITEM('') );
#9277 = CARTESIAN_POINT('',(35.600843378838,-28.23382496402));
#9278 = CARTESIAN_POINT('',(35.600843378838,-27.36779956023));
#9279 = CARTESIAN_POINT('',(36.350843378838,-27.80081226212));
#9280 = CARTESIAN_POINT('',(37.100843378838,-28.23382496402));
#9281 = CARTESIAN_POINT('',(36.350843378838,-28.66683766591));
#9282 = CARTESIAN_POINT('',(35.600843378838,-29.0998503678));
#9283 = CARTESIAN_POINT('',(35.600843378838,-28.23382496402));
#9284 = ( GEOMETRIC_REPRESENTATION_CONTEXT(2) 
PARAMETRIC_REPRESENTATION_CONTEXT() REPRESENTATION_CONTEXT('2D SPACE',''
  ) );
#9285 = PCURVE('',#3531,#9286);
#9286 = DEFINITIONAL_REPRESENTATION('',(#9287),#9291);
#9287 = LINE('',#9288,#9289);
#9288 = CARTESIAN_POINT('',(0.,1.61));
#9289 = VECTOR('',#9290,1.);
#9290 = DIRECTION('',(1.,0.));
#9291 = ( GEOMETRIC_REPRESENTATION_CONTEXT(2) 
PARAMETRIC_REPRESENTATION_CONTEXT() REPRESENTATION_CONTEXT('2D SPACE',''
  ) );
#9292 = FACE_BOUND('',#9293,.F.);
#9293 = EDGE_LOOP('',(#9294));
#9294 = ORIENTED_EDGE('',*,*,#9295,.T.);
#9295 = EDGE_CURVE('',#9296,#9296,#9298,.T.);
#9296 = VERTEX_POINT('',#9297);
#9297 = CARTESIAN_POINT('',(105.63,-116.6,1.6));
#9298 = SURFACE_CURVE('',#9299,(#9304,#9315),.PCURVE_S1.);
#9299 = CIRCLE('',#9300,0.5);
#9300 = AXIS2_PLACEMENT_3D('',#9301,#9302,#9303);
#9301 = CARTESIAN_POINT('',(105.13,-116.6,1.6));
#9302 = DIRECTION('',(0.,0.,1.));
#9303 = DIRECTION('',(1.,0.,-0.));
#9304 = PCURVE('',#90,#9305);
#9305 = DEFINITIONAL_REPRESENTATION('',(#9306),#9314);
#9306 = ( BOUNDED_CURVE() B_SPLINE_CURVE(2,(#9307,#9308,#9309,#9310,
#9311,#9312,#9313),.UNSPECIFIED.,.T.,.F.) B_SPLINE_CURVE_WITH_KNOTS((1,2
    ,2,2,2,1),(-2.094395102393,0.,2.094395102393,4.188790204786,
6.28318530718,8.377580409573),.UNSPECIFIED.) CURVE() 
GEOMETRIC_REPRESENTATION_ITEM() RATIONAL_B_SPLINE_CURVE((1.,0.5,1.,0.5,
1.,0.5,1.)) REPRESENTATION_ITEM('') );
#9307 = CARTESIAN_POINT('',(38.140843378838,-28.23382496402));
#9308 = CARTESIAN_POINT('',(38.140843378838,-27.36779956023));
#9309 = CARTESIAN_POINT('',(38.890843378838,-27.80081226212));
#9310 = CARTESIAN_POINT('',(39.640843378838,-28.23382496402));
#9311 = CARTESIAN_POINT('',(38.890843378838,-28.66683766591));
#9312 = CARTESIAN_POINT('',(38.140843378838,-29.0998503678));
#9313 = CARTESIAN_POINT('',(38.140843378838,-28.23382496402));
#9314 = ( GEOMETRIC_REPRESENTATION_CONTEXT(2) 
PARAMETRIC_REPRESENTATION_CONTEXT() REPRESENTATION_CONTEXT('2D SPACE',''
  ) );
#9315 = PCURVE('',#3566,#9316);
#9316 = DEFINITIONAL_REPRESENTATION('',(#9317),#9321);
#9317 = LINE('',#9318,#9319);
#9318 = CARTESIAN_POINT('',(0.,1.61));
#9319 = VECTOR('',#9320,1.);
#9320 = DIRECTION('',(1.,0.));
#9321 = ( GEOMETRIC_REPRESENTATION_CONTEXT(2) 
PARAMETRIC_REPRESENTATION_CONTEXT() REPRESENTATION_CONTEXT('2D SPACE',''
  ) );
#9322 = FACE_BOUND('',#9323,.F.);
#9323 = EDGE_LOOP('',(#9324));
#9324 = ORIENTED_EDGE('',*,*,#9325,.T.);
#9325 = EDGE_CURVE('',#9326,#9326,#9328,.T.);
#9326 = VERTEX_POINT('',#9327);
#9327 = CARTESIAN_POINT('',(103.09,-119.16,1.6));
#9328 = SURFACE_CURVE('',#9329,(#9334,#9345),.PCURVE_S1.);
#9329 = CIRCLE('',#9330,0.5);
#9330 = AXIS2_PLACEMENT_3D('',#9331,#9332,#9333);
#9331 = CARTESIAN_POINT('',(102.59,-119.16,1.6));
#9332 = DIRECTION('',(0.,0.,1.));
#9333 = DIRECTION('',(1.,0.,-0.));
#9334 = PCURVE('',#90,#9335);
#9335 = DEFINITIONAL_REPRESENTATION('',(#9336),#9344);
#9336 = ( BOUNDED_CURVE() B_SPLINE_CURVE(2,(#9337,#9338,#9339,#9340,
#9341,#9342,#9343),.UNSPECIFIED.,.T.,.F.) B_SPLINE_CURVE_WITH_KNOTS((1,2
    ,2,2,2,1),(-2.094395102393,0.,2.094395102393,4.188790204786,
6.28318530718,8.377580409573),.UNSPECIFIED.) CURVE() 
GEOMETRIC_REPRESENTATION_ITEM() RATIONAL_B_SPLINE_CURVE((1.,0.5,1.,0.5,
1.,0.5,1.)) REPRESENTATION_ITEM('') );
#9337 = CARTESIAN_POINT('',(40.680843378838,-30.79382496402));
#9338 = CARTESIAN_POINT('',(40.680843378838,-29.92779956023));
#9339 = CARTESIAN_POINT('',(41.430843378838,-30.36081226212));
#9340 = CARTESIAN_POINT('',(42.180843378838,-30.79382496402));
#9341 = CARTESIAN_POINT('',(41.430843378838,-31.22683766591));
#9342 = CARTESIAN_POINT('',(40.680843378838,-31.6598503678));
#9343 = CARTESIAN_POINT('',(40.680843378838,-30.79382496402));
#9344 = ( GEOMETRIC_REPRESENTATION_CONTEXT(2) 
PARAMETRIC_REPRESENTATION_CONTEXT() REPRESENTATION_CONTEXT('2D SPACE',''
  ) );
#9345 = PCURVE('',#3601,#9346);
#9346 = DEFINITIONAL_REPRESENTATION('',(#9347),#9351);
#9347 = LINE('',#9348,#9349);
#9348 = CARTESIAN_POINT('',(0.,1.61));
#9349 = VECTOR('',#9350,1.);
#9350 = DIRECTION('',(1.,0.));
#9351 = ( GEOMETRIC_REPRESENTATION_CONTEXT(2) 
PARAMETRIC_REPRESENTATION_CONTEXT() REPRESENTATION_CONTEXT('2D SPACE',''
  ) );
#9352 = FACE_BOUND('',#9353,.F.);
#9353 = EDGE_LOOP('',(#9354));
#9354 = ORIENTED_EDGE('',*,*,#9355,.T.);
#9355 = EDGE_CURVE('',#9356,#9356,#9358,.T.);
#9356 = VERTEX_POINT('',#9357);
#9357 = CARTESIAN_POINT('',(100.55,-119.16,1.6));
#9358 = SURFACE_CURVE('',#9359,(#9364,#9375),.PCURVE_S1.);
#9359 = CIRCLE('',#9360,0.5);
#9360 = AXIS2_PLACEMENT_3D('',#9361,#9362,#9363);
#9361 = CARTESIAN_POINT('',(100.05,-119.16,1.6));
#9362 = DIRECTION('',(0.,0.,1.));
#9363 = DIRECTION('',(1.,0.,-0.));
#9364 = PCURVE('',#90,#9365);
#9365 = DEFINITIONAL_REPRESENTATION('',(#9366),#9374);
#9366 = ( BOUNDED_CURVE() B_SPLINE_CURVE(2,(#9367,#9368,#9369,#9370,
#9371,#9372,#9373),.UNSPECIFIED.,.T.,.F.) B_SPLINE_CURVE_WITH_KNOTS((1,2
    ,2,2,2,1),(-2.094395102393,0.,2.094395102393,4.188790204786,
6.28318530718,8.377580409573),.UNSPECIFIED.) CURVE() 
GEOMETRIC_REPRESENTATION_ITEM() RATIONAL_B_SPLINE_CURVE((1.,0.5,1.,0.5,
1.,0.5,1.)) REPRESENTATION_ITEM('') );
#9367 = CARTESIAN_POINT('',(43.220843378838,-30.79382496402));
#9368 = CARTESIAN_POINT('',(43.220843378838,-29.92779956023));
#9369 = CARTESIAN_POINT('',(43.970843378838,-30.36081226212));
#9370 = CARTESIAN_POINT('',(44.720843378838,-30.79382496402));
#9371 = CARTESIAN_POINT('',(43.970843378838,-31.22683766591));
#9372 = CARTESIAN_POINT('',(43.220843378838,-31.6598503678));
#9373 = CARTESIAN_POINT('',(43.220843378838,-30.79382496402));
#9374 = ( GEOMETRIC_REPRESENTATION_CONTEXT(2) 
PARAMETRIC_REPRESENTATION_CONTEXT() REPRESENTATION_CONTEXT('2D SPACE',''
  ) );
#9375 = PCURVE('',#3636,#9376);
#9376 = DEFINITIONAL_REPRESENTATION('',(#9377),#9381);
#9377 = LINE('',#9378,#9379);
#9378 = CARTESIAN_POINT('',(0.,1.61));
#9379 = VECTOR('',#9380,1.);
#9380 = DIRECTION('',(1.,0.));
#9381 = ( GEOMETRIC_REPRESENTATION_CONTEXT(2) 
PARAMETRIC_REPRESENTATION_CONTEXT() REPRESENTATION_CONTEXT('2D SPACE',''
  ) );
#9382 = FACE_BOUND('',#9383,.F.);
#9383 = EDGE_LOOP('',(#9384));
#9384 = ORIENTED_EDGE('',*,*,#9385,.T.);
#9385 = EDGE_CURVE('',#9386,#9386,#9388,.T.);
#9386 = VERTEX_POINT('',#9387);
#9387 = CARTESIAN_POINT('',(103.09,-116.6,1.6));
#9388 = SURFACE_CURVE('',#9389,(#9394,#9405),.PCURVE_S1.);
#9389 = CIRCLE('',#9390,0.5);
#9390 = AXIS2_PLACEMENT_3D('',#9391,#9392,#9393);
#9391 = CARTESIAN_POINT('',(102.59,-116.6,1.6));
#9392 = DIRECTION('',(0.,0.,1.));
#9393 = DIRECTION('',(1.,0.,-0.));
#9394 = PCURVE('',#90,#9395);
#9395 = DEFINITIONAL_REPRESENTATION('',(#9396),#9404);
#9396 = ( BOUNDED_CURVE() B_SPLINE_CURVE(2,(#9397,#9398,#9399,#9400,
#9401,#9402,#9403),.UNSPECIFIED.,.T.,.F.) B_SPLINE_CURVE_WITH_KNOTS((1,2
    ,2,2,2,1),(-2.094395102393,0.,2.094395102393,4.188790204786,
6.28318530718,8.377580409573),.UNSPECIFIED.) CURVE() 
GEOMETRIC_REPRESENTATION_ITEM() RATIONAL_B_SPLINE_CURVE((1.,0.5,1.,0.5,
1.,0.5,1.)) REPRESENTATION_ITEM('') );
#9397 = CARTESIAN_POINT('',(40.680843378838,-28.23382496402));
#9398 = CARTESIAN_POINT('',(40.680843378838,-27.36779956023));
#9399 = CARTESIAN_POINT('',(41.430843378838,-27.80081226212));
#9400 = CARTESIAN_POINT('',(42.180843378838,-28.23382496402));
#9401 = CARTESIAN_POINT('',(41.430843378838,-28.66683766591));
#9402 = CARTESIAN_POINT('',(40.680843378838,-29.0998503678));
#9403 = CARTESIAN_POINT('',(40.680843378838,-28.23382496402));
#9404 = ( GEOMETRIC_REPRESENTATION_CONTEXT(2) 
PARAMETRIC_REPRESENTATION_CONTEXT() REPRESENTATION_CONTEXT('2D SPACE',''
  ) );
#9405 = PCURVE('',#3671,#9406);
#9406 = DEFINITIONAL_REPRESENTATION('',(#9407),#9411);
#9407 = LINE('',#9408,#9409);
#9408 = CARTESIAN_POINT('',(0.,1.61));
#9409 = VECTOR('',#9410,1.);
#9410 = DIRECTION('',(1.,0.));
#9411 = ( GEOMETRIC_REPRESENTATION_CONTEXT(2) 
PARAMETRIC_REPRESENTATION_CONTEXT() REPRESENTATION_CONTEXT('2D SPACE',''
  ) );
#9412 = FACE_BOUND('',#9413,.F.);
#9413 = EDGE_LOOP('',(#9414));
#9414 = ORIENTED_EDGE('',*,*,#9415,.T.);
#9415 = EDGE_CURVE('',#9416,#9416,#9418,.T.);
#9416 = VERTEX_POINT('',#9417);
#9417 = CARTESIAN_POINT('',(100.55,-116.6,1.6));
#9418 = SURFACE_CURVE('',#9419,(#9424,#9435),.PCURVE_S1.);
#9419 = CIRCLE('',#9420,0.5);
#9420 = AXIS2_PLACEMENT_3D('',#9421,#9422,#9423);
#9421 = CARTESIAN_POINT('',(100.05,-116.6,1.6));
#9422 = DIRECTION('',(0.,0.,1.));
#9423 = DIRECTION('',(1.,0.,-0.));
#9424 = PCURVE('',#90,#9425);
#9425 = DEFINITIONAL_REPRESENTATION('',(#9426),#9434);
#9426 = ( BOUNDED_CURVE() B_SPLINE_CURVE(2,(#9427,#9428,#9429,#9430,
#9431,#9432,#9433),.UNSPECIFIED.,.T.,.F.) B_SPLINE_CURVE_WITH_KNOTS((1,2
    ,2,2,2,1),(-2.094395102393,0.,2.094395102393,4.188790204786,
6.28318530718,8.377580409573),.UNSPECIFIED.) CURVE() 
GEOMETRIC_REPRESENTATION_ITEM() RATIONAL_B_SPLINE_CURVE((1.,0.5,1.,0.5,
1.,0.5,1.)) REPRESENTATION_ITEM('') );
#9427 = CARTESIAN_POINT('',(43.220843378838,-28.23382496402));
#9428 = CARTESIAN_POINT('',(43.220843378838,-27.36779956023));
#9429 = CARTESIAN_POINT('',(43.970843378838,-27.80081226212));
#9430 = CARTESIAN_POINT('',(44.720843378838,-28.23382496402));
#9431 = CARTESIAN_POINT('',(43.970843378838,-28.66683766591));
#9432 = CARTESIAN_POINT('',(43.220843378838,-29.0998503678));
#9433 = CARTESIAN_POINT('',(43.220843378838,-28.23382496402));
#9434 = ( GEOMETRIC_REPRESENTATION_CONTEXT(2) 
PARAMETRIC_REPRESENTATION_CONTEXT() REPRESENTATION_CONTEXT('2D SPACE',''
  ) );
#9435 = PCURVE('',#3706,#9436);
#9436 = DEFINITIONAL_REPRESENTATION('',(#9437),#9441);
#9437 = LINE('',#9438,#9439);
#9438 = CARTESIAN_POINT('',(0.,1.61));
#9439 = VECTOR('',#9440,1.);
#9440 = DIRECTION('',(1.,0.));
#9441 = ( GEOMETRIC_REPRESENTATION_CONTEXT(2) 
PARAMETRIC_REPRESENTATION_CONTEXT() REPRESENTATION_CONTEXT('2D SPACE',''
  ) );
#9442 = FACE_BOUND('',#9443,.F.);
#9443 = EDGE_LOOP('',(#9444));
#9444 = ORIENTED_EDGE('',*,*,#9445,.T.);
#9445 = EDGE_CURVE('',#9446,#9446,#9448,.T.);
#9446 = VERTEX_POINT('',#9447);
#9447 = CARTESIAN_POINT('',(108.17,-114.04,1.6));
#9448 = SURFACE_CURVE('',#9449,(#9454,#9465),.PCURVE_S1.);
#9449 = CIRCLE('',#9450,0.5);
#9450 = AXIS2_PLACEMENT_3D('',#9451,#9452,#9453);
#9451 = CARTESIAN_POINT('',(107.67,-114.04,1.6));
#9452 = DIRECTION('',(0.,0.,1.));
#9453 = DIRECTION('',(1.,0.,-0.));
#9454 = PCURVE('',#90,#9455);
#9455 = DEFINITIONAL_REPRESENTATION('',(#9456),#9464);
#9456 = ( BOUNDED_CURVE() B_SPLINE_CURVE(2,(#9457,#9458,#9459,#9460,
#9461,#9462,#9463),.UNSPECIFIED.,.T.,.F.) B_SPLINE_CURVE_WITH_KNOTS((1,2
    ,2,2,2,1),(-2.094395102393,0.,2.094395102393,4.188790204786,
6.28318530718,8.377580409573),.UNSPECIFIED.) CURVE() 
GEOMETRIC_REPRESENTATION_ITEM() RATIONAL_B_SPLINE_CURVE((1.,0.5,1.,0.5,
1.,0.5,1.)) REPRESENTATION_ITEM('') );
#9457 = CARTESIAN_POINT('',(35.600843378838,-25.67382496402));
#9458 = CARTESIAN_POINT('',(35.600843378838,-24.80779956023));
#9459 = CARTESIAN_POINT('',(36.350843378838,-25.24081226212));
#9460 = CARTESIAN_POINT('',(37.100843378838,-25.67382496402));
#9461 = CARTESIAN_POINT('',(36.350843378838,-26.10683766591));
#9462 = CARTESIAN_POINT('',(35.600843378838,-26.5398503678));
#9463 = CARTESIAN_POINT('',(35.600843378838,-25.67382496402));
#9464 = ( GEOMETRIC_REPRESENTATION_CONTEXT(2) 
PARAMETRIC_REPRESENTATION_CONTEXT() REPRESENTATION_CONTEXT('2D SPACE',''
  ) );
#9465 = PCURVE('',#3741,#9466);
#9466 = DEFINITIONAL_REPRESENTATION('',(#9467),#9471);
#9467 = LINE('',#9468,#9469);
#9468 = CARTESIAN_POINT('',(0.,1.61));
#9469 = VECTOR('',#9470,1.);
#9470 = DIRECTION('',(1.,0.));
#9471 = ( GEOMETRIC_REPRESENTATION_CONTEXT(2) 
PARAMETRIC_REPRESENTATION_CONTEXT() REPRESENTATION_CONTEXT('2D SPACE',''
  ) );
#9472 = FACE_BOUND('',#9473,.F.);
#9473 = EDGE_LOOP('',(#9474));
#9474 = ORIENTED_EDGE('',*,*,#9475,.T.);
#9475 = EDGE_CURVE('',#9476,#9476,#9478,.T.);
#9476 = VERTEX_POINT('',#9477);
#9477 = CARTESIAN_POINT('',(105.63,-114.04,1.6));
#9478 = SURFACE_CURVE('',#9479,(#9484,#9495),.PCURVE_S1.);
#9479 = CIRCLE('',#9480,0.5);
#9480 = AXIS2_PLACEMENT_3D('',#9481,#9482,#9483);
#9481 = CARTESIAN_POINT('',(105.13,-114.04,1.6));
#9482 = DIRECTION('',(0.,0.,1.));
#9483 = DIRECTION('',(1.,0.,-0.));
#9484 = PCURVE('',#90,#9485);
#9485 = DEFINITIONAL_REPRESENTATION('',(#9486),#9494);
#9486 = ( BOUNDED_CURVE() B_SPLINE_CURVE(2,(#9487,#9488,#9489,#9490,
#9491,#9492,#9493),.UNSPECIFIED.,.T.,.F.) B_SPLINE_CURVE_WITH_KNOTS((1,2
    ,2,2,2,1),(-2.094395102393,0.,2.094395102393,4.188790204786,
6.28318530718,8.377580409573),.UNSPECIFIED.) CURVE() 
GEOMETRIC_REPRESENTATION_ITEM() RATIONAL_B_SPLINE_CURVE((1.,0.5,1.,0.5,
1.,0.5,1.)) REPRESENTATION_ITEM('') );
#9487 = CARTESIAN_POINT('',(38.140843378838,-25.67382496402));
#9488 = CARTESIAN_POINT('',(38.140843378838,-24.80779956023));
#9489 = CARTESIAN_POINT('',(38.890843378838,-25.24081226212));
#9490 = CARTESIAN_POINT('',(39.640843378838,-25.67382496402));
#9491 = CARTESIAN_POINT('',(38.890843378838,-26.10683766591));
#9492 = CARTESIAN_POINT('',(38.140843378838,-26.5398503678));
#9493 = CARTESIAN_POINT('',(38.140843378838,-25.67382496402));
#9494 = ( GEOMETRIC_REPRESENTATION_CONTEXT(2) 
PARAMETRIC_REPRESENTATION_CONTEXT() REPRESENTATION_CONTEXT('2D SPACE',''
  ) );
#9495 = PCURVE('',#3776,#9496);
#9496 = DEFINITIONAL_REPRESENTATION('',(#9497),#9501);
#9497 = LINE('',#9498,#9499);
#9498 = CARTESIAN_POINT('',(0.,1.61));
#9499 = VECTOR('',#9500,1.);
#9500 = DIRECTION('',(1.,0.));
#9501 = ( GEOMETRIC_REPRESENTATION_CONTEXT(2) 
PARAMETRIC_REPRESENTATION_CONTEXT() REPRESENTATION_CONTEXT('2D SPACE',''
  ) );
#9502 = FACE_BOUND('',#9503,.F.);
#9503 = EDGE_LOOP('',(#9504));
#9504 = ORIENTED_EDGE('',*,*,#9505,.T.);
#9505 = EDGE_CURVE('',#9506,#9506,#9508,.T.);
#9506 = VERTEX_POINT('',#9507);
#9507 = CARTESIAN_POINT('',(108.17,-111.48,1.6));
#9508 = SURFACE_CURVE('',#9509,(#9514,#9525),.PCURVE_S1.);
#9509 = CIRCLE('',#9510,0.5);
#9510 = AXIS2_PLACEMENT_3D('',#9511,#9512,#9513);
#9511 = CARTESIAN_POINT('',(107.67,-111.48,1.6));
#9512 = DIRECTION('',(0.,0.,1.));
#9513 = DIRECTION('',(1.,0.,-0.));
#9514 = PCURVE('',#90,#9515);
#9515 = DEFINITIONAL_REPRESENTATION('',(#9516),#9524);
#9516 = ( BOUNDED_CURVE() B_SPLINE_CURVE(2,(#9517,#9518,#9519,#9520,
#9521,#9522,#9523),.UNSPECIFIED.,.T.,.F.) B_SPLINE_CURVE_WITH_KNOTS((1,2
    ,2,2,2,1),(-2.094395102393,0.,2.094395102393,4.188790204786,
6.28318530718,8.377580409573),.UNSPECIFIED.) CURVE() 
GEOMETRIC_REPRESENTATION_ITEM() RATIONAL_B_SPLINE_CURVE((1.,0.5,1.,0.5,
1.,0.5,1.)) REPRESENTATION_ITEM('') );
#9517 = CARTESIAN_POINT('',(35.600843378838,-23.11382496402));
#9518 = CARTESIAN_POINT('',(35.600843378838,-22.24779956023));
#9519 = CARTESIAN_POINT('',(36.350843378838,-22.68081226212));
#9520 = CARTESIAN_POINT('',(37.100843378838,-23.11382496402));
#9521 = CARTESIAN_POINT('',(36.350843378838,-23.54683766591));
#9522 = CARTESIAN_POINT('',(35.600843378838,-23.9798503678));
#9523 = CARTESIAN_POINT('',(35.600843378838,-23.11382496402));
#9524 = ( GEOMETRIC_REPRESENTATION_CONTEXT(2) 
PARAMETRIC_REPRESENTATION_CONTEXT() REPRESENTATION_CONTEXT('2D SPACE',''
  ) );
#9525 = PCURVE('',#3811,#9526);
#9526 = DEFINITIONAL_REPRESENTATION('',(#9527),#9531);
#9527 = LINE('',#9528,#9529);
#9528 = CARTESIAN_POINT('',(0.,1.61));
#9529 = VECTOR('',#9530,1.);
#9530 = DIRECTION('',(1.,0.));
#9531 = ( GEOMETRIC_REPRESENTATION_CONTEXT(2) 
PARAMETRIC_REPRESENTATION_CONTEXT() REPRESENTATION_CONTEXT('2D SPACE',''
  ) );
#9532 = FACE_BOUND('',#9533,.F.);
#9533 = EDGE_LOOP('',(#9534));
#9534 = ORIENTED_EDGE('',*,*,#9535,.T.);
#9535 = EDGE_CURVE('',#9536,#9536,#9538,.T.);
#9536 = VERTEX_POINT('',#9537);
#9537 = CARTESIAN_POINT('',(105.63,-111.48,1.6));
#9538 = SURFACE_CURVE('',#9539,(#9544,#9555),.PCURVE_S1.);
#9539 = CIRCLE('',#9540,0.5);
#9540 = AXIS2_PLACEMENT_3D('',#9541,#9542,#9543);
#9541 = CARTESIAN_POINT('',(105.13,-111.48,1.6));
#9542 = DIRECTION('',(0.,0.,1.));
#9543 = DIRECTION('',(1.,0.,-0.));
#9544 = PCURVE('',#90,#9545);
#9545 = DEFINITIONAL_REPRESENTATION('',(#9546),#9554);
#9546 = ( BOUNDED_CURVE() B_SPLINE_CURVE(2,(#9547,#9548,#9549,#9550,
#9551,#9552,#9553),.UNSPECIFIED.,.T.,.F.) B_SPLINE_CURVE_WITH_KNOTS((1,2
    ,2,2,2,1),(-2.094395102393,0.,2.094395102393,4.188790204786,
6.28318530718,8.377580409573),.UNSPECIFIED.) CURVE() 
GEOMETRIC_REPRESENTATION_ITEM() RATIONAL_B_SPLINE_CURVE((1.,0.5,1.,0.5,
1.,0.5,1.)) REPRESENTATION_ITEM('') );
#9547 = CARTESIAN_POINT('',(38.140843378838,-23.11382496402));
#9548 = CARTESIAN_POINT('',(38.140843378838,-22.24779956023));
#9549 = CARTESIAN_POINT('',(38.890843378838,-22.68081226212));
#9550 = CARTESIAN_POINT('',(39.640843378838,-23.11382496402));
#9551 = CARTESIAN_POINT('',(38.890843378838,-23.54683766591));
#9552 = CARTESIAN_POINT('',(38.140843378838,-23.9798503678));
#9553 = CARTESIAN_POINT('',(38.140843378838,-23.11382496402));
#9554 = ( GEOMETRIC_REPRESENTATION_CONTEXT(2) 
PARAMETRIC_REPRESENTATION_CONTEXT() REPRESENTATION_CONTEXT('2D SPACE',''
  ) );
#9555 = PCURVE('',#3846,#9556);
#9556 = DEFINITIONAL_REPRESENTATION('',(#9557),#9561);
#9557 = LINE('',#9558,#9559);
#9558 = CARTESIAN_POINT('',(0.,1.61));
#9559 = VECTOR('',#9560,1.);
#9560 = DIRECTION('',(1.,0.));
#9561 = ( GEOMETRIC_REPRESENTATION_CONTEXT(2) 
PARAMETRIC_REPRESENTATION_CONTEXT() REPRESENTATION_CONTEXT('2D SPACE',''
  ) );
#9562 = FACE_BOUND('',#9563,.F.);
#9563 = EDGE_LOOP('',(#9564));
#9564 = ORIENTED_EDGE('',*,*,#9565,.T.);
#9565 = EDGE_CURVE('',#9566,#9566,#9568,.T.);
#9566 = VERTEX_POINT('',#9567);
#9567 = CARTESIAN_POINT('',(103.09,-114.04,1.6));
#9568 = SURFACE_CURVE('',#9569,(#9574,#9585),.PCURVE_S1.);
#9569 = CIRCLE('',#9570,0.5);
#9570 = AXIS2_PLACEMENT_3D('',#9571,#9572,#9573);
#9571 = CARTESIAN_POINT('',(102.59,-114.04,1.6));
#9572 = DIRECTION('',(0.,0.,1.));
#9573 = DIRECTION('',(1.,0.,-0.));
#9574 = PCURVE('',#90,#9575);
#9575 = DEFINITIONAL_REPRESENTATION('',(#9576),#9584);
#9576 = ( BOUNDED_CURVE() B_SPLINE_CURVE(2,(#9577,#9578,#9579,#9580,
#9581,#9582,#9583),.UNSPECIFIED.,.T.,.F.) B_SPLINE_CURVE_WITH_KNOTS((1,2
    ,2,2,2,1),(-2.094395102393,0.,2.094395102393,4.188790204786,
6.28318530718,8.377580409573),.UNSPECIFIED.) CURVE() 
GEOMETRIC_REPRESENTATION_ITEM() RATIONAL_B_SPLINE_CURVE((1.,0.5,1.,0.5,
1.,0.5,1.)) REPRESENTATION_ITEM('') );
#9577 = CARTESIAN_POINT('',(40.680843378838,-25.67382496402));
#9578 = CARTESIAN_POINT('',(40.680843378838,-24.80779956023));
#9579 = CARTESIAN_POINT('',(41.430843378838,-25.24081226212));
#9580 = CARTESIAN_POINT('',(42.180843378838,-25.67382496402));
#9581 = CARTESIAN_POINT('',(41.430843378838,-26.10683766591));
#9582 = CARTESIAN_POINT('',(40.680843378838,-26.5398503678));
#9583 = CARTESIAN_POINT('',(40.680843378838,-25.67382496402));
#9584 = ( GEOMETRIC_REPRESENTATION_CONTEXT(2) 
PARAMETRIC_REPRESENTATION_CONTEXT() REPRESENTATION_CONTEXT('2D SPACE',''
  ) );
#9585 = PCURVE('',#3881,#9586);
#9586 = DEFINITIONAL_REPRESENTATION('',(#9587),#9591);
#9587 = LINE('',#9588,#9589);
#9588 = CARTESIAN_POINT('',(0.,1.61));
#9589 = VECTOR('',#9590,1.);
#9590 = DIRECTION('',(1.,0.));
#9591 = ( GEOMETRIC_REPRESENTATION_CONTEXT(2) 
PARAMETRIC_REPRESENTATION_CONTEXT() REPRESENTATION_CONTEXT('2D SPACE',''
  ) );
#9592 = FACE_BOUND('',#9593,.F.);
#9593 = EDGE_LOOP('',(#9594));
#9594 = ORIENTED_EDGE('',*,*,#9595,.T.);
#9595 = EDGE_CURVE('',#9596,#9596,#9598,.T.);
#9596 = VERTEX_POINT('',#9597);
#9597 = CARTESIAN_POINT('',(100.55,-114.04,1.6));
#9598 = SURFACE_CURVE('',#9599,(#9604,#9615),.PCURVE_S1.);
#9599 = CIRCLE('',#9600,0.5);
#9600 = AXIS2_PLACEMENT_3D('',#9601,#9602,#9603);
#9601 = CARTESIAN_POINT('',(100.05,-114.04,1.6));
#9602 = DIRECTION('',(0.,0.,1.));
#9603 = DIRECTION('',(1.,0.,-0.));
#9604 = PCURVE('',#90,#9605);
#9605 = DEFINITIONAL_REPRESENTATION('',(#9606),#9614);
#9606 = ( BOUNDED_CURVE() B_SPLINE_CURVE(2,(#9607,#9608,#9609,#9610,
#9611,#9612,#9613),.UNSPECIFIED.,.T.,.F.) B_SPLINE_CURVE_WITH_KNOTS((1,2
    ,2,2,2,1),(-2.094395102393,0.,2.094395102393,4.188790204786,
6.28318530718,8.377580409573),.UNSPECIFIED.) CURVE() 
GEOMETRIC_REPRESENTATION_ITEM() RATIONAL_B_SPLINE_CURVE((1.,0.5,1.,0.5,
1.,0.5,1.)) REPRESENTATION_ITEM('') );
#9607 = CARTESIAN_POINT('',(43.220843378838,-25.67382496402));
#9608 = CARTESIAN_POINT('',(43.220843378838,-24.80779956023));
#9609 = CARTESIAN_POINT('',(43.970843378838,-25.24081226212));
#9610 = CARTESIAN_POINT('',(44.720843378838,-25.67382496402));
#9611 = CARTESIAN_POINT('',(43.970843378838,-26.10683766591));
#9612 = CARTESIAN_POINT('',(43.220843378838,-26.5398503678));
#9613 = CARTESIAN_POINT('',(43.220843378838,-25.67382496402));
#9614 = ( GEOMETRIC_REPRESENTATION_CONTEXT(2) 
PARAMETRIC_REPRESENTATION_CONTEXT() REPRESENTATION_CONTEXT('2D SPACE',''
  ) );
#9615 = PCURVE('',#3916,#9616);
#9616 = DEFINITIONAL_REPRESENTATION('',(#9617),#9621);
#9617 = LINE('',#9618,#9619);
#9618 = CARTESIAN_POINT('',(0.,1.61));
#9619 = VECTOR('',#9620,1.);
#9620 = DIRECTION('',(1.,0.));
#9621 = ( GEOMETRIC_REPRESENTATION_CONTEXT(2) 
PARAMETRIC_REPRESENTATION_CONTEXT() REPRESENTATION_CONTEXT('2D SPACE',''
  ) );
#9622 = FACE_BOUND('',#9623,.F.);
#9623 = EDGE_LOOP('',(#9624));
#9624 = ORIENTED_EDGE('',*,*,#9625,.T.);
#9625 = EDGE_CURVE('',#9626,#9626,#9628,.T.);
#9626 = VERTEX_POINT('',#9627);
#9627 = CARTESIAN_POINT('',(103.09,-111.48,1.6));
#9628 = SURFACE_CURVE('',#9629,(#9634,#9645),.PCURVE_S1.);
#9629 = CIRCLE('',#9630,0.5);
#9630 = AXIS2_PLACEMENT_3D('',#9631,#9632,#9633);
#9631 = CARTESIAN_POINT('',(102.59,-111.48,1.6));
#9632 = DIRECTION('',(0.,0.,1.));
#9633 = DIRECTION('',(1.,0.,-0.));
#9634 = PCURVE('',#90,#9635);
#9635 = DEFINITIONAL_REPRESENTATION('',(#9636),#9644);
#9636 = ( BOUNDED_CURVE() B_SPLINE_CURVE(2,(#9637,#9638,#9639,#9640,
#9641,#9642,#9643),.UNSPECIFIED.,.T.,.F.) B_SPLINE_CURVE_WITH_KNOTS((1,2
    ,2,2,2,1),(-2.094395102393,0.,2.094395102393,4.188790204786,
6.28318530718,8.377580409573),.UNSPECIFIED.) CURVE() 
GEOMETRIC_REPRESENTATION_ITEM() RATIONAL_B_SPLINE_CURVE((1.,0.5,1.,0.5,
1.,0.5,1.)) REPRESENTATION_ITEM('') );
#9637 = CARTESIAN_POINT('',(40.680843378838,-23.11382496402));
#9638 = CARTESIAN_POINT('',(40.680843378838,-22.24779956023));
#9639 = CARTESIAN_POINT('',(41.430843378838,-22.68081226212));
#9640 = CARTESIAN_POINT('',(42.180843378838,-23.11382496402));
#9641 = CARTESIAN_POINT('',(41.430843378838,-23.54683766591));
#9642 = CARTESIAN_POINT('',(40.680843378838,-23.9798503678));
#9643 = CARTESIAN_POINT('',(40.680843378838,-23.11382496402));
#9644 = ( GEOMETRIC_REPRESENTATION_CONTEXT(2) 
PARAMETRIC_REPRESENTATION_CONTEXT() REPRESENTATION_CONTEXT('2D SPACE',''
  ) );
#9645 = PCURVE('',#3951,#9646);
#9646 = DEFINITIONAL_REPRESENTATION('',(#9647),#9651);
#9647 = LINE('',#9648,#9649);
#9648 = CARTESIAN_POINT('',(0.,1.61));
#9649 = VECTOR('',#9650,1.);
#9650 = DIRECTION('',(1.,0.));
#9651 = ( GEOMETRIC_REPRESENTATION_CONTEXT(2) 
PARAMETRIC_REPRESENTATION_CONTEXT() REPRESENTATION_CONTEXT('2D SPACE',''
  ) );
#9652 = FACE_BOUND('',#9653,.F.);
#9653 = EDGE_LOOP('',(#9654));
#9654 = ORIENTED_EDGE('',*,*,#9655,.T.);
#9655 = EDGE_CURVE('',#9656,#9656,#9658,.T.);
#9656 = VERTEX_POINT('',#9657);
#9657 = CARTESIAN_POINT('',(100.55,-111.48,1.6));
#9658 = SURFACE_CURVE('',#9659,(#9664,#9675),.PCURVE_S1.);
#9659 = CIRCLE('',#9660,0.5);
#9660 = AXIS2_PLACEMENT_3D('',#9661,#9662,#9663);
#9661 = CARTESIAN_POINT('',(100.05,-111.48,1.6));
#9662 = DIRECTION('',(0.,0.,1.));
#9663 = DIRECTION('',(1.,0.,-0.));
#9664 = PCURVE('',#90,#9665);
#9665 = DEFINITIONAL_REPRESENTATION('',(#9666),#9674);
#9666 = ( BOUNDED_CURVE() B_SPLINE_CURVE(2,(#9667,#9668,#9669,#9670,
#9671,#9672,#9673),.UNSPECIFIED.,.T.,.F.) B_SPLINE_CURVE_WITH_KNOTS((1,2
    ,2,2,2,1),(-2.094395102393,0.,2.094395102393,4.188790204786,
6.28318530718,8.377580409573),.UNSPECIFIED.) CURVE() 
GEOMETRIC_REPRESENTATION_ITEM() RATIONAL_B_SPLINE_CURVE((1.,0.5,1.,0.5,
1.,0.5,1.)) REPRESENTATION_ITEM('') );
#9667 = CARTESIAN_POINT('',(43.220843378838,-23.11382496402));
#9668 = CARTESIAN_POINT('',(43.220843378838,-22.24779956023));
#9669 = CARTESIAN_POINT('',(43.970843378838,-22.68081226212));
#9670 = CARTESIAN_POINT('',(44.720843378838,-23.11382496402));
#9671 = CARTESIAN_POINT('',(43.970843378838,-23.54683766591));
#9672 = CARTESIAN_POINT('',(43.220843378838,-23.9798503678));
#9673 = CARTESIAN_POINT('',(43.220843378838,-23.11382496402));
#9674 = ( GEOMETRIC_REPRESENTATION_CONTEXT(2) 
PARAMETRIC_REPRESENTATION_CONTEXT() REPRESENTATION_CONTEXT('2D SPACE',''
  ) );
#9675 = PCURVE('',#3986,#9676);
#9676 = DEFINITIONAL_REPRESENTATION('',(#9677),#9681);
#9677 = LINE('',#9678,#9679);
#9678 = CARTESIAN_POINT('',(0.,1.61));
#9679 = VECTOR('',#9680,1.);
#9680 = DIRECTION('',(1.,0.));
#9681 = ( GEOMETRIC_REPRESENTATION_CONTEXT(2) 
PARAMETRIC_REPRESENTATION_CONTEXT() REPRESENTATION_CONTEXT('2D SPACE',''
  ) );
#9682 = FACE_BOUND('',#9683,.F.);
#9683 = EDGE_LOOP('',(#9684));
#9684 = ORIENTED_EDGE('',*,*,#9685,.T.);
#9685 = EDGE_CURVE('',#9686,#9686,#9688,.T.);
#9686 = VERTEX_POINT('',#9687);
#9687 = CARTESIAN_POINT('',(183.38,-83.82,1.6));
#9688 = SURFACE_CURVE('',#9689,(#9694,#9705),.PCURVE_S1.);
#9689 = CIRCLE('',#9690,0.5);
#9690 = AXIS2_PLACEMENT_3D('',#9691,#9692,#9693);
#9691 = CARTESIAN_POINT('',(182.88,-83.82,1.6));
#9692 = DIRECTION('',(0.,0.,1.));
#9693 = DIRECTION('',(1.,0.,-0.));
#9694 = PCURVE('',#90,#9695);
#9695 = DEFINITIONAL_REPRESENTATION('',(#9696),#9704);
#9696 = ( BOUNDED_CURVE() B_SPLINE_CURVE(2,(#9697,#9698,#9699,#9700,
#9701,#9702,#9703),.UNSPECIFIED.,.T.,.F.) B_SPLINE_CURVE_WITH_KNOTS((1,2
    ,2,2,2,1),(-2.094395102393,0.,2.094395102393,4.188790204786,
6.28318530718,8.377580409573),.UNSPECIFIED.) CURVE() 
GEOMETRIC_REPRESENTATION_ITEM() RATIONAL_B_SPLINE_CURVE((1.,0.5,1.,0.5,
1.,0.5,1.)) REPRESENTATION_ITEM('') );
#9697 = CARTESIAN_POINT('',(-39.60915662116,4.546175035979));
#9698 = CARTESIAN_POINT('',(-39.60915662116,5.412200439763));
#9699 = CARTESIAN_POINT('',(-38.85915662116,4.979187737871));
#9700 = CARTESIAN_POINT('',(-38.10915662116,4.546175035979));
#9701 = CARTESIAN_POINT('',(-38.85915662116,4.113162334086));
#9702 = CARTESIAN_POINT('',(-39.60915662116,3.680149632194));
#9703 = CARTESIAN_POINT('',(-39.60915662116,4.546175035979));
#9704 = ( GEOMETRIC_REPRESENTATION_CONTEXT(2) 
PARAMETRIC_REPRESENTATION_CONTEXT() REPRESENTATION_CONTEXT('2D SPACE',''
  ) );
#9705 = PCURVE('',#4021,#9706);
#9706 = DEFINITIONAL_REPRESENTATION('',(#9707),#9711);
#9707 = LINE('',#9708,#9709);
#9708 = CARTESIAN_POINT('',(0.,1.61));
#9709 = VECTOR('',#9710,1.);
#9710 = DIRECTION('',(1.,0.));
#9711 = ( GEOMETRIC_REPRESENTATION_CONTEXT(2) 
PARAMETRIC_REPRESENTATION_CONTEXT() REPRESENTATION_CONTEXT('2D SPACE',''
  ) );
#9712 = FACE_BOUND('',#9713,.F.);
#9713 = EDGE_LOOP('',(#9714));
#9714 = ORIENTED_EDGE('',*,*,#9715,.T.);
#9715 = EDGE_CURVE('',#9716,#9716,#9718,.T.);
#9716 = VERTEX_POINT('',#9717);
#9717 = CARTESIAN_POINT('',(183.38,-81.28,1.6));
#9718 = SURFACE_CURVE('',#9719,(#9724,#9735),.PCURVE_S1.);
#9719 = CIRCLE('',#9720,0.5);
#9720 = AXIS2_PLACEMENT_3D('',#9721,#9722,#9723);
#9721 = CARTESIAN_POINT('',(182.88,-81.28,1.6));
#9722 = DIRECTION('',(0.,0.,1.));
#9723 = DIRECTION('',(1.,0.,-0.));
#9724 = PCURVE('',#90,#9725);
#9725 = DEFINITIONAL_REPRESENTATION('',(#9726),#9734);
#9726 = ( BOUNDED_CURVE() B_SPLINE_CURVE(2,(#9727,#9728,#9729,#9730,
#9731,#9732,#9733),.UNSPECIFIED.,.T.,.F.) B_SPLINE_CURVE_WITH_KNOTS((1,2
    ,2,2,2,1),(-2.094395102393,0.,2.094395102393,4.188790204786,
6.28318530718,8.377580409573),.UNSPECIFIED.) CURVE() 
GEOMETRIC_REPRESENTATION_ITEM() RATIONAL_B_SPLINE_CURVE((1.,0.5,1.,0.5,
1.,0.5,1.)) REPRESENTATION_ITEM('') );
#9727 = CARTESIAN_POINT('',(-39.60915662116,7.086175035979));
#9728 = CARTESIAN_POINT('',(-39.60915662116,7.952200439763));
#9729 = CARTESIAN_POINT('',(-38.85915662116,7.519187737871));
#9730 = CARTESIAN_POINT('',(-38.10915662116,7.086175035979));
#9731 = CARTESIAN_POINT('',(-38.85915662116,6.653162334086));
#9732 = CARTESIAN_POINT('',(-39.60915662116,6.220149632194));
#9733 = CARTESIAN_POINT('',(-39.60915662116,7.086175035979));
#9734 = ( GEOMETRIC_REPRESENTATION_CONTEXT(2) 
PARAMETRIC_REPRESENTATION_CONTEXT() REPRESENTATION_CONTEXT('2D SPACE',''
  ) );
#9735 = PCURVE('',#4056,#9736);
#9736 = DEFINITIONAL_REPRESENTATION('',(#9737),#9741);
#9737 = LINE('',#9738,#9739);
#9738 = CARTESIAN_POINT('',(0.,1.61));
#9739 = VECTOR('',#9740,1.);
#9740 = DIRECTION('',(1.,0.));
#9741 = ( GEOMETRIC_REPRESENTATION_CONTEXT(2) 
PARAMETRIC_REPRESENTATION_CONTEXT() REPRESENTATION_CONTEXT('2D SPACE',''
  ) );
#9742 = FACE_BOUND('',#9743,.F.);
#9743 = EDGE_LOOP('',(#9744));
#9744 = ORIENTED_EDGE('',*,*,#9745,.T.);
#9745 = EDGE_CURVE('',#9746,#9746,#9748,.T.);
#9746 = VERTEX_POINT('',#9747);
#9747 = CARTESIAN_POINT('',(183.38,-78.74,1.6));
#9748 = SURFACE_CURVE('',#9749,(#9754,#9765),.PCURVE_S1.);
#9749 = CIRCLE('',#9750,0.5);
#9750 = AXIS2_PLACEMENT_3D('',#9751,#9752,#9753);
#9751 = CARTESIAN_POINT('',(182.88,-78.74,1.6));
#9752 = DIRECTION('',(0.,0.,1.));
#9753 = DIRECTION('',(1.,0.,-0.));
#9754 = PCURVE('',#90,#9755);
#9755 = DEFINITIONAL_REPRESENTATION('',(#9756),#9764);
#9756 = ( BOUNDED_CURVE() B_SPLINE_CURVE(2,(#9757,#9758,#9759,#9760,
#9761,#9762,#9763),.UNSPECIFIED.,.T.,.F.) B_SPLINE_CURVE_WITH_KNOTS((1,2
    ,2,2,2,1),(-2.094395102393,0.,2.094395102393,4.188790204786,
6.28318530718,8.377580409573),.UNSPECIFIED.) CURVE() 
GEOMETRIC_REPRESENTATION_ITEM() RATIONAL_B_SPLINE_CURVE((1.,0.5,1.,0.5,
1.,0.5,1.)) REPRESENTATION_ITEM('') );
#9757 = CARTESIAN_POINT('',(-39.60915662116,9.626175035979));
#9758 = CARTESIAN_POINT('',(-39.60915662116,10.492200439763));
#9759 = CARTESIAN_POINT('',(-38.85915662116,10.059187737871));
#9760 = CARTESIAN_POINT('',(-38.10915662116,9.626175035979));
#9761 = CARTESIAN_POINT('',(-38.85915662116,9.193162334086));
#9762 = CARTESIAN_POINT('',(-39.60915662116,8.760149632194));
#9763 = CARTESIAN_POINT('',(-39.60915662116,9.626175035979));
#9764 = ( GEOMETRIC_REPRESENTATION_CONTEXT(2) 
PARAMETRIC_REPRESENTATION_CONTEXT() REPRESENTATION_CONTEXT('2D SPACE',''
  ) );
#9765 = PCURVE('',#4091,#9766);
#9766 = DEFINITIONAL_REPRESENTATION('',(#9767),#9771);
#9767 = LINE('',#9768,#9769);
#9768 = CARTESIAN_POINT('',(0.,1.61));
#9769 = VECTOR('',#9770,1.);
#9770 = DIRECTION('',(1.,0.));
#9771 = ( GEOMETRIC_REPRESENTATION_CONTEXT(2) 
PARAMETRIC_REPRESENTATION_CONTEXT() REPRESENTATION_CONTEXT('2D SPACE',''
  ) );
#9772 = FACE_BOUND('',#9773,.F.);
#9773 = EDGE_LOOP('',(#9774));
#9774 = ORIENTED_EDGE('',*,*,#9775,.T.);
#9775 = EDGE_CURVE('',#9776,#9776,#9778,.T.);
#9776 = VERTEX_POINT('',#9777);
#9777 = CARTESIAN_POINT('',(169.41,-85.09,1.6));
#9778 = SURFACE_CURVE('',#9779,(#9784,#9795),.PCURVE_S1.);
#9779 = CIRCLE('',#9780,0.5);
#9780 = AXIS2_PLACEMENT_3D('',#9781,#9782,#9783);
#9781 = CARTESIAN_POINT('',(168.91,-85.09,1.6));
#9782 = DIRECTION('',(0.,0.,1.));
#9783 = DIRECTION('',(1.,0.,-0.));
#9784 = PCURVE('',#90,#9785);
#9785 = DEFINITIONAL_REPRESENTATION('',(#9786),#9794);
#9786 = ( BOUNDED_CURVE() B_SPLINE_CURVE(2,(#9787,#9788,#9789,#9790,
#9791,#9792,#9793),.UNSPECIFIED.,.T.,.F.) B_SPLINE_CURVE_WITH_KNOTS((1,2
    ,2,2,2,1),(-2.094395102393,0.,2.094395102393,4.188790204786,
6.28318530718,8.377580409573),.UNSPECIFIED.) CURVE() 
GEOMETRIC_REPRESENTATION_ITEM() RATIONAL_B_SPLINE_CURVE((1.,0.5,1.,0.5,
1.,0.5,1.)) REPRESENTATION_ITEM('') );
#9787 = CARTESIAN_POINT('',(-25.63915662116,3.276175035979));
#9788 = CARTESIAN_POINT('',(-25.63915662116,4.142200439763));
#9789 = CARTESIAN_POINT('',(-24.88915662116,3.709187737871));
#9790 = CARTESIAN_POINT('',(-24.13915662116,3.276175035979));
#9791 = CARTESIAN_POINT('',(-24.88915662116,2.843162334086));
#9792 = CARTESIAN_POINT('',(-25.63915662116,2.410149632194));
#9793 = CARTESIAN_POINT('',(-25.63915662116,3.276175035979));
#9794 = ( GEOMETRIC_REPRESENTATION_CONTEXT(2) 
PARAMETRIC_REPRESENTATION_CONTEXT() REPRESENTATION_CONTEXT('2D SPACE',''
  ) );
#9795 = PCURVE('',#4126,#9796);
#9796 = DEFINITIONAL_REPRESENTATION('',(#9797),#9801);
#9797 = LINE('',#9798,#9799);
#9798 = CARTESIAN_POINT('',(0.,1.61));
#9799 = VECTOR('',#9800,1.);
#9800 = DIRECTION('',(1.,0.));
#9801 = ( GEOMETRIC_REPRESENTATION_CONTEXT(2) 
PARAMETRIC_REPRESENTATION_CONTEXT() REPRESENTATION_CONTEXT('2D SPACE',''
  ) );
#9802 = FACE_BOUND('',#9803,.F.);
#9803 = EDGE_LOOP('',(#9804));
#9804 = ORIENTED_EDGE('',*,*,#9805,.T.);
#9805 = EDGE_CURVE('',#9806,#9806,#9808,.T.);
#9806 = VERTEX_POINT('',#9807);
#9807 = CARTESIAN_POINT('',(169.41,-82.55,1.6));
#9808 = SURFACE_CURVE('',#9809,(#9814,#9825),.PCURVE_S1.);
#9809 = CIRCLE('',#9810,0.5);
#9810 = AXIS2_PLACEMENT_3D('',#9811,#9812,#9813);
#9811 = CARTESIAN_POINT('',(168.91,-82.55,1.6));
#9812 = DIRECTION('',(0.,0.,1.));
#9813 = DIRECTION('',(1.,0.,-0.));
#9814 = PCURVE('',#90,#9815);
#9815 = DEFINITIONAL_REPRESENTATION('',(#9816),#9824);
#9816 = ( BOUNDED_CURVE() B_SPLINE_CURVE(2,(#9817,#9818,#9819,#9820,
#9821,#9822,#9823),.UNSPECIFIED.,.T.,.F.) B_SPLINE_CURVE_WITH_KNOTS((1,2
    ,2,2,2,1),(-2.094395102393,0.,2.094395102393,4.188790204786,
6.28318530718,8.377580409573),.UNSPECIFIED.) CURVE() 
GEOMETRIC_REPRESENTATION_ITEM() RATIONAL_B_SPLINE_CURVE((1.,0.5,1.,0.5,
1.,0.5,1.)) REPRESENTATION_ITEM('') );
#9817 = CARTESIAN_POINT('',(-25.63915662116,5.816175035979));
#9818 = CARTESIAN_POINT('',(-25.63915662116,6.682200439763));
#9819 = CARTESIAN_POINT('',(-24.88915662116,6.249187737871));
#9820 = CARTESIAN_POINT('',(-24.13915662116,5.816175035979));
#9821 = CARTESIAN_POINT('',(-24.88915662116,5.383162334086));
#9822 = CARTESIAN_POINT('',(-25.63915662116,4.950149632194));
#9823 = CARTESIAN_POINT('',(-25.63915662116,5.816175035979));
#9824 = ( GEOMETRIC_REPRESENTATION_CONTEXT(2) 
PARAMETRIC_REPRESENTATION_CONTEXT() REPRESENTATION_CONTEXT('2D SPACE',''
  ) );
#9825 = PCURVE('',#4161,#9826);
#9826 = DEFINITIONAL_REPRESENTATION('',(#9827),#9831);
#9827 = LINE('',#9828,#9829);
#9828 = CARTESIAN_POINT('',(0.,1.61));
#9829 = VECTOR('',#9830,1.);
#9830 = DIRECTION('',(1.,0.));
#9831 = ( GEOMETRIC_REPRESENTATION_CONTEXT(2) 
PARAMETRIC_REPRESENTATION_CONTEXT() REPRESENTATION_CONTEXT('2D SPACE',''
  ) );
#9832 = FACE_BOUND('',#9833,.F.);
#9833 = EDGE_LOOP('',(#9834));
#9834 = ORIENTED_EDGE('',*,*,#9835,.T.);
#9835 = EDGE_CURVE('',#9836,#9836,#9838,.T.);
#9836 = VERTEX_POINT('',#9837);
#9837 = CARTESIAN_POINT('',(169.41,-80.01,1.6));
#9838 = SURFACE_CURVE('',#9839,(#9844,#9855),.PCURVE_S1.);
#9839 = CIRCLE('',#9840,0.5);
#9840 = AXIS2_PLACEMENT_3D('',#9841,#9842,#9843);
#9841 = CARTESIAN_POINT('',(168.91,-80.01,1.6));
#9842 = DIRECTION('',(0.,0.,1.));
#9843 = DIRECTION('',(1.,0.,-0.));
#9844 = PCURVE('',#90,#9845);
#9845 = DEFINITIONAL_REPRESENTATION('',(#9846),#9854);
#9846 = ( BOUNDED_CURVE() B_SPLINE_CURVE(2,(#9847,#9848,#9849,#9850,
#9851,#9852,#9853),.UNSPECIFIED.,.T.,.F.) B_SPLINE_CURVE_WITH_KNOTS((1,2
    ,2,2,2,1),(-2.094395102393,0.,2.094395102393,4.188790204786,
6.28318530718,8.377580409573),.UNSPECIFIED.) CURVE() 
GEOMETRIC_REPRESENTATION_ITEM() RATIONAL_B_SPLINE_CURVE((1.,0.5,1.,0.5,
1.,0.5,1.)) REPRESENTATION_ITEM('') );
#9847 = CARTESIAN_POINT('',(-25.63915662116,8.356175035979));
#9848 = CARTESIAN_POINT('',(-25.63915662116,9.222200439763));
#9849 = CARTESIAN_POINT('',(-24.88915662116,8.789187737871));
#9850 = CARTESIAN_POINT('',(-24.13915662116,8.356175035979));
#9851 = CARTESIAN_POINT('',(-24.88915662116,7.923162334086));
#9852 = CARTESIAN_POINT('',(-25.63915662116,7.490149632194));
#9853 = CARTESIAN_POINT('',(-25.63915662116,8.356175035979));
#9854 = ( GEOMETRIC_REPRESENTATION_CONTEXT(2) 
PARAMETRIC_REPRESENTATION_CONTEXT() REPRESENTATION_CONTEXT('2D SPACE',''
  ) );
#9855 = PCURVE('',#4196,#9856);
#9856 = DEFINITIONAL_REPRESENTATION('',(#9857),#9861);
#9857 = LINE('',#9858,#9859);
#9858 = CARTESIAN_POINT('',(0.,1.61));
#9859 = VECTOR('',#9860,1.);
#9860 = DIRECTION('',(1.,0.));
#9861 = ( GEOMETRIC_REPRESENTATION_CONTEXT(2) 
PARAMETRIC_REPRESENTATION_CONTEXT() REPRESENTATION_CONTEXT('2D SPACE',''
  ) );
#9862 = FACE_BOUND('',#9863,.F.);
#9863 = EDGE_LOOP('',(#9864));
#9864 = ORIENTED_EDGE('',*,*,#9865,.T.);
#9865 = EDGE_CURVE('',#9866,#9866,#9868,.T.);
#9866 = VERTEX_POINT('',#9867);
#9867 = CARTESIAN_POINT('',(183.38,-76.2,1.6));
#9868 = SURFACE_CURVE('',#9869,(#9874,#9885),.PCURVE_S1.);
#9869 = CIRCLE('',#9870,0.5);
#9870 = AXIS2_PLACEMENT_3D('',#9871,#9872,#9873);
#9871 = CARTESIAN_POINT('',(182.88,-76.2,1.6));
#9872 = DIRECTION('',(0.,0.,1.));
#9873 = DIRECTION('',(1.,0.,-0.));
#9874 = PCURVE('',#90,#9875);
#9875 = DEFINITIONAL_REPRESENTATION('',(#9876),#9884);
#9876 = ( BOUNDED_CURVE() B_SPLINE_CURVE(2,(#9877,#9878,#9879,#9880,
#9881,#9882,#9883),.UNSPECIFIED.,.T.,.F.) B_SPLINE_CURVE_WITH_KNOTS((1,2
    ,2,2,2,1),(-2.094395102393,0.,2.094395102393,4.188790204786,
6.28318530718,8.377580409573),.UNSPECIFIED.) CURVE() 
GEOMETRIC_REPRESENTATION_ITEM() RATIONAL_B_SPLINE_CURVE((1.,0.5,1.,0.5,
1.,0.5,1.)) REPRESENTATION_ITEM('') );
#9877 = CARTESIAN_POINT('',(-39.60915662116,12.166175035979));
#9878 = CARTESIAN_POINT('',(-39.60915662116,13.032200439763));
#9879 = CARTESIAN_POINT('',(-38.85915662116,12.599187737871));
#9880 = CARTESIAN_POINT('',(-38.10915662116,12.166175035979));
#9881 = CARTESIAN_POINT('',(-38.85915662116,11.733162334086));
#9882 = CARTESIAN_POINT('',(-39.60915662116,11.300149632194));
#9883 = CARTESIAN_POINT('',(-39.60915662116,12.166175035979));
#9884 = ( GEOMETRIC_REPRESENTATION_CONTEXT(2) 
PARAMETRIC_REPRESENTATION_CONTEXT() REPRESENTATION_CONTEXT('2D SPACE',''
  ) );
#9885 = PCURVE('',#4231,#9886);
#9886 = DEFINITIONAL_REPRESENTATION('',(#9887),#9891);
#9887 = LINE('',#9888,#9889);
#9888 = CARTESIAN_POINT('',(0.,1.61));
#9889 = VECTOR('',#9890,1.);
#9890 = DIRECTION('',(1.,0.));
#9891 = ( GEOMETRIC_REPRESENTATION_CONTEXT(2) 
PARAMETRIC_REPRESENTATION_CONTEXT() REPRESENTATION_CONTEXT('2D SPACE',''
  ) );
#9892 = FACE_BOUND('',#9893,.F.);
#9893 = EDGE_LOOP('',(#9894));
#9894 = ORIENTED_EDGE('',*,*,#9895,.T.);
#9895 = EDGE_CURVE('',#9896,#9896,#9898,.T.);
#9896 = VERTEX_POINT('',#9897);
#9897 = CARTESIAN_POINT('',(169.41,-77.47,1.6));
#9898 = SURFACE_CURVE('',#9899,(#9904,#9915),.PCURVE_S1.);
#9899 = CIRCLE('',#9900,0.5);
#9900 = AXIS2_PLACEMENT_3D('',#9901,#9902,#9903);
#9901 = CARTESIAN_POINT('',(168.91,-77.47,1.6));
#9902 = DIRECTION('',(0.,0.,1.));
#9903 = DIRECTION('',(1.,0.,-0.));
#9904 = PCURVE('',#90,#9905);
#9905 = DEFINITIONAL_REPRESENTATION('',(#9906),#9914);
#9906 = ( BOUNDED_CURVE() B_SPLINE_CURVE(2,(#9907,#9908,#9909,#9910,
#9911,#9912,#9913),.UNSPECIFIED.,.T.,.F.) B_SPLINE_CURVE_WITH_KNOTS((1,2
    ,2,2,2,1),(-2.094395102393,0.,2.094395102393,4.188790204786,
6.28318530718,8.377580409573),.UNSPECIFIED.) CURVE() 
GEOMETRIC_REPRESENTATION_ITEM() RATIONAL_B_SPLINE_CURVE((1.,0.5,1.,0.5,
1.,0.5,1.)) REPRESENTATION_ITEM('') );
#9907 = CARTESIAN_POINT('',(-25.63915662116,10.896175035979));
#9908 = CARTESIAN_POINT('',(-25.63915662116,11.762200439763));
#9909 = CARTESIAN_POINT('',(-24.88915662116,11.329187737871));
#9910 = CARTESIAN_POINT('',(-24.13915662116,10.896175035979));
#9911 = CARTESIAN_POINT('',(-24.88915662116,10.463162334086));
#9912 = CARTESIAN_POINT('',(-25.63915662116,10.030149632194));
#9913 = CARTESIAN_POINT('',(-25.63915662116,10.896175035979));
#9914 = ( GEOMETRIC_REPRESENTATION_CONTEXT(2) 
PARAMETRIC_REPRESENTATION_CONTEXT() REPRESENTATION_CONTEXT('2D SPACE',''
  ) );
#9915 = PCURVE('',#4266,#9916);
#9916 = DEFINITIONAL_REPRESENTATION('',(#9917),#9921);
#9917 = LINE('',#9918,#9919);
#9918 = CARTESIAN_POINT('',(0.,1.61));
#9919 = VECTOR('',#9920,1.);
#9920 = DIRECTION('',(1.,0.));
#9921 = ( GEOMETRIC_REPRESENTATION_CONTEXT(2) 
PARAMETRIC_REPRESENTATION_CONTEXT() REPRESENTATION_CONTEXT('2D SPACE',''
  ) );
#9922 = FACE_BOUND('',#9923,.F.);
#9923 = EDGE_LOOP('',(#9924));
#9924 = ORIENTED_EDGE('',*,*,#9925,.T.);
#9925 = EDGE_CURVE('',#9926,#9926,#9928,.T.);
#9926 = VERTEX_POINT('',#9927);
#9927 = CARTESIAN_POINT('',(169.41,-74.93,1.6));
#9928 = SURFACE_CURVE('',#9929,(#9934,#9945),.PCURVE_S1.);
#9929 = CIRCLE('',#9930,0.5);
#9930 = AXIS2_PLACEMENT_3D('',#9931,#9932,#9933);
#9931 = CARTESIAN_POINT('',(168.91,-74.93,1.6));
#9932 = DIRECTION('',(0.,0.,1.));
#9933 = DIRECTION('',(1.,0.,-0.));
#9934 = PCURVE('',#90,#9935);
#9935 = DEFINITIONAL_REPRESENTATION('',(#9936),#9944);
#9936 = ( BOUNDED_CURVE() B_SPLINE_CURVE(2,(#9937,#9938,#9939,#9940,
#9941,#9942,#9943),.UNSPECIFIED.,.T.,.F.) B_SPLINE_CURVE_WITH_KNOTS((1,2
    ,2,2,2,1),(-2.094395102393,0.,2.094395102393,4.188790204786,
6.28318530718,8.377580409573),.UNSPECIFIED.) CURVE() 
GEOMETRIC_REPRESENTATION_ITEM() RATIONAL_B_SPLINE_CURVE((1.,0.5,1.,0.5,
1.,0.5,1.)) REPRESENTATION_ITEM('') );
#9937 = CARTESIAN_POINT('',(-25.63915662116,13.436175035979));
#9938 = CARTESIAN_POINT('',(-25.63915662116,14.302200439763));
#9939 = CARTESIAN_POINT('',(-24.88915662116,13.869187737871));
#9940 = CARTESIAN_POINT('',(-24.13915662116,13.436175035979));
#9941 = CARTESIAN_POINT('',(-24.88915662116,13.003162334086));
#9942 = CARTESIAN_POINT('',(-25.63915662116,12.570149632194));
#9943 = CARTESIAN_POINT('',(-25.63915662116,13.436175035979));
#9944 = ( GEOMETRIC_REPRESENTATION_CONTEXT(2) 
PARAMETRIC_REPRESENTATION_CONTEXT() REPRESENTATION_CONTEXT('2D SPACE',''
  ) );
#9945 = PCURVE('',#4301,#9946);
#9946 = DEFINITIONAL_REPRESENTATION('',(#9947),#9951);
#9947 = LINE('',#9948,#9949);
#9948 = CARTESIAN_POINT('',(0.,1.61));
#9949 = VECTOR('',#9950,1.);
#9950 = DIRECTION('',(1.,0.));
#9951 = ( GEOMETRIC_REPRESENTATION_CONTEXT(2) 
PARAMETRIC_REPRESENTATION_CONTEXT() REPRESENTATION_CONTEXT('2D SPACE',''
  ) );
#9952 = FACE_BOUND('',#9953,.F.);
#9953 = EDGE_LOOP('',(#9954));
#9954 = ORIENTED_EDGE('',*,*,#9955,.T.);
#9955 = EDGE_CURVE('',#9956,#9956,#9958,.T.);
#9956 = VERTEX_POINT('',#9957);
#9957 = CARTESIAN_POINT('',(169.41,-72.39,1.6));
#9958 = SURFACE_CURVE('',#9959,(#9964,#9975),.PCURVE_S1.);
#9959 = CIRCLE('',#9960,0.5);
#9960 = AXIS2_PLACEMENT_3D('',#9961,#9962,#9963);
#9961 = CARTESIAN_POINT('',(168.91,-72.39,1.6));
#9962 = DIRECTION('',(0.,0.,1.));
#9963 = DIRECTION('',(1.,0.,-0.));
#9964 = PCURVE('',#90,#9965);
#9965 = DEFINITIONAL_REPRESENTATION('',(#9966),#9974);
#9966 = ( BOUNDED_CURVE() B_SPLINE_CURVE(2,(#9967,#9968,#9969,#9970,
#9971,#9972,#9973),.UNSPECIFIED.,.T.,.F.) B_SPLINE_CURVE_WITH_KNOTS((1,2
    ,2,2,2,1),(-2.094395102393,0.,2.094395102393,4.188790204786,
6.28318530718,8.377580409573),.UNSPECIFIED.) CURVE() 
GEOMETRIC_REPRESENTATION_ITEM() RATIONAL_B_SPLINE_CURVE((1.,0.5,1.,0.5,
1.,0.5,1.)) REPRESENTATION_ITEM('') );
#9967 = CARTESIAN_POINT('',(-25.63915662116,15.976175035979));
#9968 = CARTESIAN_POINT('',(-25.63915662116,16.842200439763));
#9969 = CARTESIAN_POINT('',(-24.88915662116,16.409187737871));
#9970 = CARTESIAN_POINT('',(-24.13915662116,15.976175035979));
#9971 = CARTESIAN_POINT('',(-24.88915662116,15.543162334086));
#9972 = CARTESIAN_POINT('',(-25.63915662116,15.110149632194));
#9973 = CARTESIAN_POINT('',(-25.63915662116,15.976175035979));
#9974 = ( GEOMETRIC_REPRESENTATION_CONTEXT(2) 
PARAMETRIC_REPRESENTATION_CONTEXT() REPRESENTATION_CONTEXT('2D SPACE',''
  ) );
#9975 = PCURVE('',#4336,#9976);
#9976 = DEFINITIONAL_REPRESENTATION('',(#9977),#9981);
#9977 = LINE('',#9978,#9979);
#9978 = CARTESIAN_POINT('',(0.,1.61));
#9979 = VECTOR('',#9980,1.);
#9980 = DIRECTION('',(1.,0.));
#9981 = ( GEOMETRIC_REPRESENTATION_CONTEXT(2) 
PARAMETRIC_REPRESENTATION_CONTEXT() REPRESENTATION_CONTEXT('2D SPACE',''
  ) );
#9982 = FACE_BOUND('',#9983,.F.);
#9983 = EDGE_LOOP('',(#9984));
#9984 = ORIENTED_EDGE('',*,*,#9985,.T.);
#9985 = EDGE_CURVE('',#9986,#9986,#9988,.T.);
#9986 = VERTEX_POINT('',#9987);
#9987 = CARTESIAN_POINT('',(161.79,-85.09,1.6));
#9988 = SURFACE_CURVE('',#9989,(#9994,#10005),.PCURVE_S1.);
#9989 = CIRCLE('',#9990,0.5);
#9990 = AXIS2_PLACEMENT_3D('',#9991,#9992,#9993);
#9991 = CARTESIAN_POINT('',(161.29,-85.09,1.6));
#9992 = DIRECTION('',(0.,0.,1.));
#9993 = DIRECTION('',(1.,0.,-0.));
#9994 = PCURVE('',#90,#9995);
#9995 = DEFINITIONAL_REPRESENTATION('',(#9996),#10004);
#9996 = ( BOUNDED_CURVE() B_SPLINE_CURVE(2,(#9997,#9998,#9999,#10000,
    #10001,#10002,#10003),.UNSPECIFIED.,.T.,.F.) 
B_SPLINE_CURVE_WITH_KNOTS((1,2,2,2,2,1),(-2.094395102393,0.,
    2.094395102393,4.188790204786,6.28318530718,8.377580409573),
.UNSPECIFIED.) CURVE() GEOMETRIC_REPRESENTATION_ITEM() 
RATIONAL_B_SPLINE_CURVE((1.,0.5,1.,0.5,1.,0.5,1.)) REPRESENTATION_ITEM(
  '') );
#9997 = CARTESIAN_POINT('',(-18.01915662116,3.276175035979));
#9998 = CARTESIAN_POINT('',(-18.01915662116,4.142200439763));
#9999 = CARTESIAN_POINT('',(-17.26915662116,3.709187737871));
#10000 = CARTESIAN_POINT('',(-16.51915662116,3.276175035979));
#10001 = CARTESIAN_POINT('',(-17.26915662116,2.843162334086));
#10002 = CARTESIAN_POINT('',(-18.01915662116,2.410149632194));
#10003 = CARTESIAN_POINT('',(-18.01915662116,3.276175035979));
#10004 = ( GEOMETRIC_REPRESENTATION_CONTEXT(2) 
PARAMETRIC_REPRESENTATION_CONTEXT() REPRESENTATION_CONTEXT('2D SPACE',''
  ) );
#10005 = PCURVE('',#4371,#10006);
#10006 = DEFINITIONAL_REPRESENTATION('',(#10007),#10011);
#10007 = LINE('',#10008,#10009);
#10008 = CARTESIAN_POINT('',(0.,1.61));
#10009 = VECTOR('',#10010,1.);
#10010 = DIRECTION('',(1.,0.));
#10011 = ( GEOMETRIC_REPRESENTATION_CONTEXT(2) 
PARAMETRIC_REPRESENTATION_CONTEXT() REPRESENTATION_CONTEXT('2D SPACE',''
  ) );
#10012 = FACE_BOUND('',#10013,.F.);
#10013 = EDGE_LOOP('',(#10014));
#10014 = ORIENTED_EDGE('',*,*,#10015,.T.);
#10015 = EDGE_CURVE('',#10016,#10016,#10018,.T.);
#10016 = VERTEX_POINT('',#10017);
#10017 = CARTESIAN_POINT('',(161.79,-82.55,1.6));
#10018 = SURFACE_CURVE('',#10019,(#10024,#10035),.PCURVE_S1.);
#10019 = CIRCLE('',#10020,0.5);
#10020 = AXIS2_PLACEMENT_3D('',#10021,#10022,#10023);
#10021 = CARTESIAN_POINT('',(161.29,-82.55,1.6));
#10022 = DIRECTION('',(0.,0.,1.));
#10023 = DIRECTION('',(1.,0.,-0.));
#10024 = PCURVE('',#90,#10025);
#10025 = DEFINITIONAL_REPRESENTATION('',(#10026),#10034);
#10026 = ( BOUNDED_CURVE() B_SPLINE_CURVE(2,(#10027,#10028,#10029,#10030
    ,#10031,#10032,#10033),.UNSPECIFIED.,.T.,.F.) 
B_SPLINE_CURVE_WITH_KNOTS((1,2,2,2,2,1),(-2.094395102393,0.,
    2.094395102393,4.188790204786,6.28318530718,8.377580409573),
.UNSPECIFIED.) CURVE() GEOMETRIC_REPRESENTATION_ITEM() 
RATIONAL_B_SPLINE_CURVE((1.,0.5,1.,0.5,1.,0.5,1.)) REPRESENTATION_ITEM(
  '') );
#10027 = CARTESIAN_POINT('',(-18.01915662116,5.816175035979));
#10028 = CARTESIAN_POINT('',(-18.01915662116,6.682200439763));
#10029 = CARTESIAN_POINT('',(-17.26915662116,6.249187737871));
#10030 = CARTESIAN_POINT('',(-16.51915662116,5.816175035979));
#10031 = CARTESIAN_POINT('',(-17.26915662116,5.383162334086));
#10032 = CARTESIAN_POINT('',(-18.01915662116,4.950149632194));
#10033 = CARTESIAN_POINT('',(-18.01915662116,5.816175035979));
#10034 = ( GEOMETRIC_REPRESENTATION_CONTEXT(2) 
PARAMETRIC_REPRESENTATION_CONTEXT() REPRESENTATION_CONTEXT('2D SPACE',''
  ) );
#10035 = PCURVE('',#4406,#10036);
#10036 = DEFINITIONAL_REPRESENTATION('',(#10037),#10041);
#10037 = LINE('',#10038,#10039);
#10038 = CARTESIAN_POINT('',(0.,1.61));
#10039 = VECTOR('',#10040,1.);
#10040 = DIRECTION('',(1.,0.));
#10041 = ( GEOMETRIC_REPRESENTATION_CONTEXT(2) 
PARAMETRIC_REPRESENTATION_CONTEXT() REPRESENTATION_CONTEXT('2D SPACE',''
  ) );
#10042 = FACE_BOUND('',#10043,.F.);
#10043 = EDGE_LOOP('',(#10044));
#10044 = ORIENTED_EDGE('',*,*,#10045,.T.);
#10045 = EDGE_CURVE('',#10046,#10046,#10048,.T.);
#10046 = VERTEX_POINT('',#10047);
#10047 = CARTESIAN_POINT('',(161.79,-80.01,1.6));
#10048 = SURFACE_CURVE('',#10049,(#10054,#10065),.PCURVE_S1.);
#10049 = CIRCLE('',#10050,0.5);
#10050 = AXIS2_PLACEMENT_3D('',#10051,#10052,#10053);
#10051 = CARTESIAN_POINT('',(161.29,-80.01,1.6));
#10052 = DIRECTION('',(0.,0.,1.));
#10053 = DIRECTION('',(1.,0.,-0.));
#10054 = PCURVE('',#90,#10055);
#10055 = DEFINITIONAL_REPRESENTATION('',(#10056),#10064);
#10056 = ( BOUNDED_CURVE() B_SPLINE_CURVE(2,(#10057,#10058,#10059,#10060
    ,#10061,#10062,#10063),.UNSPECIFIED.,.T.,.F.) 
B_SPLINE_CURVE_WITH_KNOTS((1,2,2,2,2,1),(-2.094395102393,0.,
    2.094395102393,4.188790204786,6.28318530718,8.377580409573),
.UNSPECIFIED.) CURVE() GEOMETRIC_REPRESENTATION_ITEM() 
RATIONAL_B_SPLINE_CURVE((1.,0.5,1.,0.5,1.,0.5,1.)) REPRESENTATION_ITEM(
  '') );
#10057 = CARTESIAN_POINT('',(-18.01915662116,8.356175035979));
#10058 = CARTESIAN_POINT('',(-18.01915662116,9.222200439763));
#10059 = CARTESIAN_POINT('',(-17.26915662116,8.789187737871));
#10060 = CARTESIAN_POINT('',(-16.51915662116,8.356175035979));
#10061 = CARTESIAN_POINT('',(-17.26915662116,7.923162334086));
#10062 = CARTESIAN_POINT('',(-18.01915662116,7.490149632194));
#10063 = CARTESIAN_POINT('',(-18.01915662116,8.356175035979));
#10064 = ( GEOMETRIC_REPRESENTATION_CONTEXT(2) 
PARAMETRIC_REPRESENTATION_CONTEXT() REPRESENTATION_CONTEXT('2D SPACE',''
  ) );
#10065 = PCURVE('',#4441,#10066);
#10066 = DEFINITIONAL_REPRESENTATION('',(#10067),#10071);
#10067 = LINE('',#10068,#10069);
#10068 = CARTESIAN_POINT('',(0.,1.61));
#10069 = VECTOR('',#10070,1.);
#10070 = DIRECTION('',(1.,0.));
#10071 = ( GEOMETRIC_REPRESENTATION_CONTEXT(2) 
PARAMETRIC_REPRESENTATION_CONTEXT() REPRESENTATION_CONTEXT('2D SPACE',''
  ) );
#10072 = FACE_BOUND('',#10073,.F.);
#10073 = EDGE_LOOP('',(#10074));
#10074 = ORIENTED_EDGE('',*,*,#10075,.T.);
#10075 = EDGE_CURVE('',#10076,#10076,#10078,.T.);
#10076 = VERTEX_POINT('',#10077);
#10077 = CARTESIAN_POINT('',(161.79,-77.47,1.6));
#10078 = SURFACE_CURVE('',#10079,(#10084,#10095),.PCURVE_S1.);
#10079 = CIRCLE('',#10080,0.5);
#10080 = AXIS2_PLACEMENT_3D('',#10081,#10082,#10083);
#10081 = CARTESIAN_POINT('',(161.29,-77.47,1.6));
#10082 = DIRECTION('',(0.,0.,1.));
#10083 = DIRECTION('',(1.,0.,-0.));
#10084 = PCURVE('',#90,#10085);
#10085 = DEFINITIONAL_REPRESENTATION('',(#10086),#10094);
#10086 = ( BOUNDED_CURVE() B_SPLINE_CURVE(2,(#10087,#10088,#10089,#10090
    ,#10091,#10092,#10093),.UNSPECIFIED.,.T.,.F.) 
B_SPLINE_CURVE_WITH_KNOTS((1,2,2,2,2,1),(-2.094395102393,0.,
    2.094395102393,4.188790204786,6.28318530718,8.377580409573),
.UNSPECIFIED.) CURVE() GEOMETRIC_REPRESENTATION_ITEM() 
RATIONAL_B_SPLINE_CURVE((1.,0.5,1.,0.5,1.,0.5,1.)) REPRESENTATION_ITEM(
  '') );
#10087 = CARTESIAN_POINT('',(-18.01915662116,10.896175035979));
#10088 = CARTESIAN_POINT('',(-18.01915662116,11.762200439763));
#10089 = CARTESIAN_POINT('',(-17.26915662116,11.329187737871));
#10090 = CARTESIAN_POINT('',(-16.51915662116,10.896175035979));
#10091 = CARTESIAN_POINT('',(-17.26915662116,10.463162334086));
#10092 = CARTESIAN_POINT('',(-18.01915662116,10.030149632194));
#10093 = CARTESIAN_POINT('',(-18.01915662116,10.896175035979));
#10094 = ( GEOMETRIC_REPRESENTATION_CONTEXT(2) 
PARAMETRIC_REPRESENTATION_CONTEXT() REPRESENTATION_CONTEXT('2D SPACE',''
  ) );
#10095 = PCURVE('',#4476,#10096);
#10096 = DEFINITIONAL_REPRESENTATION('',(#10097),#10101);
#10097 = LINE('',#10098,#10099);
#10098 = CARTESIAN_POINT('',(0.,1.61));
#10099 = VECTOR('',#10100,1.);
#10100 = DIRECTION('',(1.,0.));
#10101 = ( GEOMETRIC_REPRESENTATION_CONTEXT(2) 
PARAMETRIC_REPRESENTATION_CONTEXT() REPRESENTATION_CONTEXT('2D SPACE',''
  ) );
#10102 = FACE_BOUND('',#10103,.F.);
#10103 = EDGE_LOOP('',(#10104));
#10104 = ORIENTED_EDGE('',*,*,#10105,.T.);
#10105 = EDGE_CURVE('',#10106,#10106,#10108,.T.);
#10106 = VERTEX_POINT('',#10107);
#10107 = CARTESIAN_POINT('',(161.79,-74.93,1.6));
#10108 = SURFACE_CURVE('',#10109,(#10114,#10125),.PCURVE_S1.);
#10109 = CIRCLE('',#10110,0.5);
#10110 = AXIS2_PLACEMENT_3D('',#10111,#10112,#10113);
#10111 = CARTESIAN_POINT('',(161.29,-74.93,1.6));
#10112 = DIRECTION('',(0.,0.,1.));
#10113 = DIRECTION('',(1.,0.,-0.));
#10114 = PCURVE('',#90,#10115);
#10115 = DEFINITIONAL_REPRESENTATION('',(#10116),#10124);
#10116 = ( BOUNDED_CURVE() B_SPLINE_CURVE(2,(#10117,#10118,#10119,#10120
    ,#10121,#10122,#10123),.UNSPECIFIED.,.T.,.F.) 
B_SPLINE_CURVE_WITH_KNOTS((1,2,2,2,2,1),(-2.094395102393,0.,
    2.094395102393,4.188790204786,6.28318530718,8.377580409573),
.UNSPECIFIED.) CURVE() GEOMETRIC_REPRESENTATION_ITEM() 
RATIONAL_B_SPLINE_CURVE((1.,0.5,1.,0.5,1.,0.5,1.)) REPRESENTATION_ITEM(
  '') );
#10117 = CARTESIAN_POINT('',(-18.01915662116,13.436175035979));
#10118 = CARTESIAN_POINT('',(-18.01915662116,14.302200439763));
#10119 = CARTESIAN_POINT('',(-17.26915662116,13.869187737871));
#10120 = CARTESIAN_POINT('',(-16.51915662116,13.436175035979));
#10121 = CARTESIAN_POINT('',(-17.26915662116,13.003162334086));
#10122 = CARTESIAN_POINT('',(-18.01915662116,12.570149632194));
#10123 = CARTESIAN_POINT('',(-18.01915662116,13.436175035979));
#10124 = ( GEOMETRIC_REPRESENTATION_CONTEXT(2) 
PARAMETRIC_REPRESENTATION_CONTEXT() REPRESENTATION_CONTEXT('2D SPACE',''
  ) );
#10125 = PCURVE('',#4511,#10126);
#10126 = DEFINITIONAL_REPRESENTATION('',(#10127),#10131);
#10127 = LINE('',#10128,#10129);
#10128 = CARTESIAN_POINT('',(0.,1.61));
#10129 = VECTOR('',#10130,1.);
#10130 = DIRECTION('',(1.,0.));
#10131 = ( GEOMETRIC_REPRESENTATION_CONTEXT(2) 
PARAMETRIC_REPRESENTATION_CONTEXT() REPRESENTATION_CONTEXT('2D SPACE',''
  ) );
#10132 = FACE_BOUND('',#10133,.F.);
#10133 = EDGE_LOOP('',(#10134));
#10134 = ORIENTED_EDGE('',*,*,#10135,.T.);
#10135 = EDGE_CURVE('',#10136,#10136,#10138,.T.);
#10136 = VERTEX_POINT('',#10137);
#10137 = CARTESIAN_POINT('',(161.79,-72.39,1.6));
#10138 = SURFACE_CURVE('',#10139,(#10144,#10155),.PCURVE_S1.);
#10139 = CIRCLE('',#10140,0.5);
#10140 = AXIS2_PLACEMENT_3D('',#10141,#10142,#10143);
#10141 = CARTESIAN_POINT('',(161.29,-72.39,1.6));
#10142 = DIRECTION('',(0.,0.,1.));
#10143 = DIRECTION('',(1.,0.,-0.));
#10144 = PCURVE('',#90,#10145);
#10145 = DEFINITIONAL_REPRESENTATION('',(#10146),#10154);
#10146 = ( BOUNDED_CURVE() B_SPLINE_CURVE(2,(#10147,#10148,#10149,#10150
    ,#10151,#10152,#10153),.UNSPECIFIED.,.T.,.F.) 
B_SPLINE_CURVE_WITH_KNOTS((1,2,2,2,2,1),(-2.094395102393,0.,
    2.094395102393,4.188790204786,6.28318530718,8.377580409573),
.UNSPECIFIED.) CURVE() GEOMETRIC_REPRESENTATION_ITEM() 
RATIONAL_B_SPLINE_CURVE((1.,0.5,1.,0.5,1.,0.5,1.)) REPRESENTATION_ITEM(
  '') );
#10147 = CARTESIAN_POINT('',(-18.01915662116,15.976175035979));
#10148 = CARTESIAN_POINT('',(-18.01915662116,16.842200439763));
#10149 = CARTESIAN_POINT('',(-17.26915662116,16.409187737871));
#10150 = CARTESIAN_POINT('',(-16.51915662116,15.976175035979));
#10151 = CARTESIAN_POINT('',(-17.26915662116,15.543162334086));
#10152 = CARTESIAN_POINT('',(-18.01915662116,15.110149632194));
#10153 = CARTESIAN_POINT('',(-18.01915662116,15.976175035979));
#10154 = ( GEOMETRIC_REPRESENTATION_CONTEXT(2) 
PARAMETRIC_REPRESENTATION_CONTEXT() REPRESENTATION_CONTEXT('2D SPACE',''
  ) );
#10155 = PCURVE('',#4546,#10156);
#10156 = DEFINITIONAL_REPRESENTATION('',(#10157),#10161);
#10157 = LINE('',#10158,#10159);
#10158 = CARTESIAN_POINT('',(0.,1.61));
#10159 = VECTOR('',#10160,1.);
#10160 = DIRECTION('',(1.,0.));
#10161 = ( GEOMETRIC_REPRESENTATION_CONTEXT(2) 
PARAMETRIC_REPRESENTATION_CONTEXT() REPRESENTATION_CONTEXT('2D SPACE',''
  ) );
#10162 = FACE_BOUND('',#10163,.F.);
#10163 = EDGE_LOOP('',(#10164));
#10164 = ORIENTED_EDGE('',*,*,#10165,.T.);
#10165 = EDGE_CURVE('',#10166,#10166,#10168,.T.);
#10166 = VERTEX_POINT('',#10167);
#10167 = CARTESIAN_POINT('',(150.08,-60.9,1.6));
#10168 = SURFACE_CURVE('',#10169,(#10174,#10185),.PCURVE_S1.);
#10169 = CIRCLE('',#10170,0.5);
#10170 = AXIS2_PLACEMENT_3D('',#10171,#10172,#10173);
#10171 = CARTESIAN_POINT('',(149.58,-60.9,1.6));
#10172 = DIRECTION('',(0.,0.,1.));
#10173 = DIRECTION('',(1.,0.,-0.));
#10174 = PCURVE('',#90,#10175);
#10175 = DEFINITIONAL_REPRESENTATION('',(#10176),#10184);
#10176 = ( BOUNDED_CURVE() B_SPLINE_CURVE(2,(#10177,#10178,#10179,#10180
    ,#10181,#10182,#10183),.UNSPECIFIED.,.T.,.F.) 
B_SPLINE_CURVE_WITH_KNOTS((1,2,2,2,2,1),(-2.094395102393,0.,
    2.094395102393,4.188790204786,6.28318530718,8.377580409573),
.UNSPECIFIED.) CURVE() GEOMETRIC_REPRESENTATION_ITEM() 
RATIONAL_B_SPLINE_CURVE((1.,0.5,1.,0.5,1.,0.5,1.)) REPRESENTATION_ITEM(
  '') );
#10177 = CARTESIAN_POINT('',(-6.309156621162,27.466175035979));
#10178 = CARTESIAN_POINT('',(-6.309156621162,28.332200439763));
#10179 = CARTESIAN_POINT('',(-5.559156621162,27.899187737871));
#10180 = CARTESIAN_POINT('',(-4.809156621162,27.466175035979));
#10181 = CARTESIAN_POINT('',(-5.559156621162,27.033162334086));
#10182 = CARTESIAN_POINT('',(-6.309156621162,26.600149632194));
#10183 = CARTESIAN_POINT('',(-6.309156621162,27.466175035979));
#10184 = ( GEOMETRIC_REPRESENTATION_CONTEXT(2) 
PARAMETRIC_REPRESENTATION_CONTEXT() REPRESENTATION_CONTEXT('2D SPACE',''
  ) );
#10185 = PCURVE('',#4581,#10186);
#10186 = DEFINITIONAL_REPRESENTATION('',(#10187),#10191);
#10187 = LINE('',#10188,#10189);
#10188 = CARTESIAN_POINT('',(0.,1.61));
#10189 = VECTOR('',#10190,1.);
#10190 = DIRECTION('',(1.,0.));
#10191 = ( GEOMETRIC_REPRESENTATION_CONTEXT(2) 
PARAMETRIC_REPRESENTATION_CONTEXT() REPRESENTATION_CONTEXT('2D SPACE',''
  ) );
#10192 = FACE_BOUND('',#10193,.F.);
#10193 = EDGE_LOOP('',(#10194));
#10194 = ORIENTED_EDGE('',*,*,#10195,.T.);
#10195 = EDGE_CURVE('',#10196,#10196,#10198,.T.);
#10196 = VERTEX_POINT('',#10197);
#10197 = CARTESIAN_POINT('',(147.54,-60.9,1.6));
#10198 = SURFACE_CURVE('',#10199,(#10204,#10215),.PCURVE_S1.);
#10199 = CIRCLE('',#10200,0.5);
#10200 = AXIS2_PLACEMENT_3D('',#10201,#10202,#10203);
#10201 = CARTESIAN_POINT('',(147.04,-60.9,1.6));
#10202 = DIRECTION('',(0.,0.,1.));
#10203 = DIRECTION('',(1.,0.,-0.));
#10204 = PCURVE('',#90,#10205);
#10205 = DEFINITIONAL_REPRESENTATION('',(#10206),#10214);
#10206 = ( BOUNDED_CURVE() B_SPLINE_CURVE(2,(#10207,#10208,#10209,#10210
    ,#10211,#10212,#10213),.UNSPECIFIED.,.T.,.F.) 
B_SPLINE_CURVE_WITH_KNOTS((1,2,2,2,2,1),(-2.094395102393,0.,
    2.094395102393,4.188790204786,6.28318530718,8.377580409573),
.UNSPECIFIED.) CURVE() GEOMETRIC_REPRESENTATION_ITEM() 
RATIONAL_B_SPLINE_CURVE((1.,0.5,1.,0.5,1.,0.5,1.)) REPRESENTATION_ITEM(
  '') );
#10207 = CARTESIAN_POINT('',(-3.769156621162,27.466175035979));
#10208 = CARTESIAN_POINT('',(-3.769156621162,28.332200439763));
#10209 = CARTESIAN_POINT('',(-3.019156621162,27.899187737871));
#10210 = CARTESIAN_POINT('',(-2.269156621162,27.466175035979));
#10211 = CARTESIAN_POINT('',(-3.019156621162,27.033162334086));
#10212 = CARTESIAN_POINT('',(-3.769156621162,26.600149632194));
#10213 = CARTESIAN_POINT('',(-3.769156621162,27.466175035979));
#10214 = ( GEOMETRIC_REPRESENTATION_CONTEXT(2) 
PARAMETRIC_REPRESENTATION_CONTEXT() REPRESENTATION_CONTEXT('2D SPACE',''
  ) );
#10215 = PCURVE('',#4616,#10216);
#10216 = DEFINITIONAL_REPRESENTATION('',(#10217),#10221);
#10217 = LINE('',#10218,#10219);
#10218 = CARTESIAN_POINT('',(0.,1.61));
#10219 = VECTOR('',#10220,1.);
#10220 = DIRECTION('',(1.,0.));
#10221 = ( GEOMETRIC_REPRESENTATION_CONTEXT(2) 
PARAMETRIC_REPRESENTATION_CONTEXT() REPRESENTATION_CONTEXT('2D SPACE',''
  ) );
#10222 = FACE_BOUND('',#10223,.F.);
#10223 = EDGE_LOOP('',(#10224));
#10224 = ORIENTED_EDGE('',*,*,#10225,.T.);
#10225 = EDGE_CURVE('',#10226,#10226,#10228,.T.);
#10226 = VERTEX_POINT('',#10227);
#10227 = CARTESIAN_POINT('',(150.08,-58.36,1.6));
#10228 = SURFACE_CURVE('',#10229,(#10234,#10245),.PCURVE_S1.);
#10229 = CIRCLE('',#10230,0.5);
#10230 = AXIS2_PLACEMENT_3D('',#10231,#10232,#10233);
#10231 = CARTESIAN_POINT('',(149.58,-58.36,1.6));
#10232 = DIRECTION('',(0.,0.,1.));
#10233 = DIRECTION('',(1.,0.,-0.));
#10234 = PCURVE('',#90,#10235);
#10235 = DEFINITIONAL_REPRESENTATION('',(#10236),#10244);
#10236 = ( BOUNDED_CURVE() B_SPLINE_CURVE(2,(#10237,#10238,#10239,#10240
    ,#10241,#10242,#10243),.UNSPECIFIED.,.T.,.F.) 
B_SPLINE_CURVE_WITH_KNOTS((1,2,2,2,2,1),(-2.094395102393,0.,
    2.094395102393,4.188790204786,6.28318530718,8.377580409573),
.UNSPECIFIED.) CURVE() GEOMETRIC_REPRESENTATION_ITEM() 
RATIONAL_B_SPLINE_CURVE((1.,0.5,1.,0.5,1.,0.5,1.)) REPRESENTATION_ITEM(
  '') );
#10237 = CARTESIAN_POINT('',(-6.309156621162,30.006175035979));
#10238 = CARTESIAN_POINT('',(-6.309156621162,30.872200439763));
#10239 = CARTESIAN_POINT('',(-5.559156621162,30.439187737871));
#10240 = CARTESIAN_POINT('',(-4.809156621162,30.006175035979));
#10241 = CARTESIAN_POINT('',(-5.559156621162,29.573162334086));
#10242 = CARTESIAN_POINT('',(-6.309156621162,29.140149632194));
#10243 = CARTESIAN_POINT('',(-6.309156621162,30.006175035979));
#10244 = ( GEOMETRIC_REPRESENTATION_CONTEXT(2) 
PARAMETRIC_REPRESENTATION_CONTEXT() REPRESENTATION_CONTEXT('2D SPACE',''
  ) );
#10245 = PCURVE('',#4651,#10246);
#10246 = DEFINITIONAL_REPRESENTATION('',(#10247),#10251);
#10247 = LINE('',#10248,#10249);
#10248 = CARTESIAN_POINT('',(0.,1.61));
#10249 = VECTOR('',#10250,1.);
#10250 = DIRECTION('',(1.,0.));
#10251 = ( GEOMETRIC_REPRESENTATION_CONTEXT(2) 
PARAMETRIC_REPRESENTATION_CONTEXT() REPRESENTATION_CONTEXT('2D SPACE',''
  ) );
#10252 = FACE_BOUND('',#10253,.F.);
#10253 = EDGE_LOOP('',(#10254));
#10254 = ORIENTED_EDGE('',*,*,#10255,.T.);
#10255 = EDGE_CURVE('',#10256,#10256,#10258,.T.);
#10256 = VERTEX_POINT('',#10257);
#10257 = CARTESIAN_POINT('',(147.54,-58.36,1.6));
#10258 = SURFACE_CURVE('',#10259,(#10264,#10275),.PCURVE_S1.);
#10259 = CIRCLE('',#10260,0.5);
#10260 = AXIS2_PLACEMENT_3D('',#10261,#10262,#10263);
#10261 = CARTESIAN_POINT('',(147.04,-58.36,1.6));
#10262 = DIRECTION('',(0.,0.,1.));
#10263 = DIRECTION('',(1.,0.,-0.));
#10264 = PCURVE('',#90,#10265);
#10265 = DEFINITIONAL_REPRESENTATION('',(#10266),#10274);
#10266 = ( BOUNDED_CURVE() B_SPLINE_CURVE(2,(#10267,#10268,#10269,#10270
    ,#10271,#10272,#10273),.UNSPECIFIED.,.T.,.F.) 
B_SPLINE_CURVE_WITH_KNOTS((1,2,2,2,2,1),(-2.094395102393,0.,
    2.094395102393,4.188790204786,6.28318530718,8.377580409573),
.UNSPECIFIED.) CURVE() GEOMETRIC_REPRESENTATION_ITEM() 
RATIONAL_B_SPLINE_CURVE((1.,0.5,1.,0.5,1.,0.5,1.)) REPRESENTATION_ITEM(
  '') );
#10267 = CARTESIAN_POINT('',(-3.769156621162,30.006175035979));
#10268 = CARTESIAN_POINT('',(-3.769156621162,30.872200439763));
#10269 = CARTESIAN_POINT('',(-3.019156621162,30.439187737871));
#10270 = CARTESIAN_POINT('',(-2.269156621162,30.006175035979));
#10271 = CARTESIAN_POINT('',(-3.019156621162,29.573162334086));
#10272 = CARTESIAN_POINT('',(-3.769156621162,29.140149632194));
#10273 = CARTESIAN_POINT('',(-3.769156621162,30.006175035979));
#10274 = ( GEOMETRIC_REPRESENTATION_CONTEXT(2) 
PARAMETRIC_REPRESENTATION_CONTEXT() REPRESENTATION_CONTEXT('2D SPACE',''
  ) );
#10275 = PCURVE('',#4686,#10276);
#10276 = DEFINITIONAL_REPRESENTATION('',(#10277),#10281);
#10277 = LINE('',#10278,#10279);
#10278 = CARTESIAN_POINT('',(0.,1.61));
#10279 = VECTOR('',#10280,1.);
#10280 = DIRECTION('',(1.,0.));
#10281 = ( GEOMETRIC_REPRESENTATION_CONTEXT(2) 
PARAMETRIC_REPRESENTATION_CONTEXT() REPRESENTATION_CONTEXT('2D SPACE',''
  ) );
#10282 = FACE_BOUND('',#10283,.F.);
#10283 = EDGE_LOOP('',(#10284));
#10284 = ORIENTED_EDGE('',*,*,#10285,.T.);
#10285 = EDGE_CURVE('',#10286,#10286,#10288,.T.);
#10286 = VERTEX_POINT('',#10287);
#10287 = CARTESIAN_POINT('',(145.,-60.9,1.6));
#10288 = SURFACE_CURVE('',#10289,(#10294,#10305),.PCURVE_S1.);
#10289 = CIRCLE('',#10290,0.5);
#10290 = AXIS2_PLACEMENT_3D('',#10291,#10292,#10293);
#10291 = CARTESIAN_POINT('',(144.5,-60.9,1.6));
#10292 = DIRECTION('',(0.,0.,1.));
#10293 = DIRECTION('',(1.,0.,-0.));
#10294 = PCURVE('',#90,#10295);
#10295 = DEFINITIONAL_REPRESENTATION('',(#10296),#10304);
#10296 = ( BOUNDED_CURVE() B_SPLINE_CURVE(2,(#10297,#10298,#10299,#10300
    ,#10301,#10302,#10303),.UNSPECIFIED.,.T.,.F.) 
B_SPLINE_CURVE_WITH_KNOTS((1,2,2,2,2,1),(-2.094395102393,0.,
    2.094395102393,4.188790204786,6.28318530718,8.377580409573),
.UNSPECIFIED.) CURVE() GEOMETRIC_REPRESENTATION_ITEM() 
RATIONAL_B_SPLINE_CURVE((1.,0.5,1.,0.5,1.,0.5,1.)) REPRESENTATION_ITEM(
  '') );
#10297 = CARTESIAN_POINT('',(-1.229156621162,27.466175035979));
#10298 = CARTESIAN_POINT('',(-1.229156621162,28.332200439763));
#10299 = CARTESIAN_POINT('',(-0.479156621162,27.899187737871));
#10300 = CARTESIAN_POINT('',(0.270843378838,27.466175035979));
#10301 = CARTESIAN_POINT('',(-0.479156621162,27.033162334086));
#10302 = CARTESIAN_POINT('',(-1.229156621162,26.600149632194));
#10303 = CARTESIAN_POINT('',(-1.229156621162,27.466175035979));
#10304 = ( GEOMETRIC_REPRESENTATION_CONTEXT(2) 
PARAMETRIC_REPRESENTATION_CONTEXT() REPRESENTATION_CONTEXT('2D SPACE',''
  ) );
#10305 = PCURVE('',#4721,#10306);
#10306 = DEFINITIONAL_REPRESENTATION('',(#10307),#10311);
#10307 = LINE('',#10308,#10309);
#10308 = CARTESIAN_POINT('',(0.,1.61));
#10309 = VECTOR('',#10310,1.);
#10310 = DIRECTION('',(1.,0.));
#10311 = ( GEOMETRIC_REPRESENTATION_CONTEXT(2) 
PARAMETRIC_REPRESENTATION_CONTEXT() REPRESENTATION_CONTEXT('2D SPACE',''
  ) );
#10312 = FACE_BOUND('',#10313,.F.);
#10313 = EDGE_LOOP('',(#10314));
#10314 = ORIENTED_EDGE('',*,*,#10315,.T.);
#10315 = EDGE_CURVE('',#10316,#10316,#10318,.T.);
#10316 = VERTEX_POINT('',#10317);
#10317 = CARTESIAN_POINT('',(142.46,-60.9,1.6));
#10318 = SURFACE_CURVE('',#10319,(#10324,#10335),.PCURVE_S1.);
#10319 = CIRCLE('',#10320,0.5);
#10320 = AXIS2_PLACEMENT_3D('',#10321,#10322,#10323);
#10321 = CARTESIAN_POINT('',(141.96,-60.9,1.6));
#10322 = DIRECTION('',(0.,0.,1.));
#10323 = DIRECTION('',(1.,0.,-0.));
#10324 = PCURVE('',#90,#10325);
#10325 = DEFINITIONAL_REPRESENTATION('',(#10326),#10334);
#10326 = ( BOUNDED_CURVE() B_SPLINE_CURVE(2,(#10327,#10328,#10329,#10330
    ,#10331,#10332,#10333),.UNSPECIFIED.,.T.,.F.) 
B_SPLINE_CURVE_WITH_KNOTS((1,2,2,2,2,1),(-2.094395102393,0.,
    2.094395102393,4.188790204786,6.28318530718,8.377580409573),
.UNSPECIFIED.) CURVE() GEOMETRIC_REPRESENTATION_ITEM() 
RATIONAL_B_SPLINE_CURVE((1.,0.5,1.,0.5,1.,0.5,1.)) REPRESENTATION_ITEM(
  '') );
#10327 = CARTESIAN_POINT('',(1.310843378838,27.466175035979));
#10328 = CARTESIAN_POINT('',(1.310843378838,28.332200439763));
#10329 = CARTESIAN_POINT('',(2.060843378838,27.899187737871));
#10330 = CARTESIAN_POINT('',(2.810843378838,27.466175035979));
#10331 = CARTESIAN_POINT('',(2.060843378838,27.033162334086));
#10332 = CARTESIAN_POINT('',(1.310843378838,26.600149632194));
#10333 = CARTESIAN_POINT('',(1.310843378838,27.466175035979));
#10334 = ( GEOMETRIC_REPRESENTATION_CONTEXT(2) 
PARAMETRIC_REPRESENTATION_CONTEXT() REPRESENTATION_CONTEXT('2D SPACE',''
  ) );
#10335 = PCURVE('',#4756,#10336);
#10336 = DEFINITIONAL_REPRESENTATION('',(#10337),#10341);
#10337 = LINE('',#10338,#10339);
#10338 = CARTESIAN_POINT('',(0.,1.61));
#10339 = VECTOR('',#10340,1.);
#10340 = DIRECTION('',(1.,0.));
#10341 = ( GEOMETRIC_REPRESENTATION_CONTEXT(2) 
PARAMETRIC_REPRESENTATION_CONTEXT() REPRESENTATION_CONTEXT('2D SPACE',''
  ) );
#10342 = FACE_BOUND('',#10343,.F.);
#10343 = EDGE_LOOP('',(#10344));
#10344 = ORIENTED_EDGE('',*,*,#10345,.T.);
#10345 = EDGE_CURVE('',#10346,#10346,#10348,.T.);
#10346 = VERTEX_POINT('',#10347);
#10347 = CARTESIAN_POINT('',(145.,-58.36,1.6));
#10348 = SURFACE_CURVE('',#10349,(#10354,#10365),.PCURVE_S1.);
#10349 = CIRCLE('',#10350,0.5);
#10350 = AXIS2_PLACEMENT_3D('',#10351,#10352,#10353);
#10351 = CARTESIAN_POINT('',(144.5,-58.36,1.6));
#10352 = DIRECTION('',(0.,0.,1.));
#10353 = DIRECTION('',(1.,0.,-0.));
#10354 = PCURVE('',#90,#10355);
#10355 = DEFINITIONAL_REPRESENTATION('',(#10356),#10364);
#10356 = ( BOUNDED_CURVE() B_SPLINE_CURVE(2,(#10357,#10358,#10359,#10360
    ,#10361,#10362,#10363),.UNSPECIFIED.,.T.,.F.) 
B_SPLINE_CURVE_WITH_KNOTS((1,2,2,2,2,1),(-2.094395102393,0.,
    2.094395102393,4.188790204786,6.28318530718,8.377580409573),
.UNSPECIFIED.) CURVE() GEOMETRIC_REPRESENTATION_ITEM() 
RATIONAL_B_SPLINE_CURVE((1.,0.5,1.,0.5,1.,0.5,1.)) REPRESENTATION_ITEM(
  '') );
#10357 = CARTESIAN_POINT('',(-1.229156621162,30.006175035979));
#10358 = CARTESIAN_POINT('',(-1.229156621162,30.872200439763));
#10359 = CARTESIAN_POINT('',(-0.479156621162,30.439187737871));
#10360 = CARTESIAN_POINT('',(0.270843378838,30.006175035979));
#10361 = CARTESIAN_POINT('',(-0.479156621162,29.573162334086));
#10362 = CARTESIAN_POINT('',(-1.229156621162,29.140149632194));
#10363 = CARTESIAN_POINT('',(-1.229156621162,30.006175035979));
#10364 = ( GEOMETRIC_REPRESENTATION_CONTEXT(2) 
PARAMETRIC_REPRESENTATION_CONTEXT() REPRESENTATION_CONTEXT('2D SPACE',''
  ) );
#10365 = PCURVE('',#4791,#10366);
#10366 = DEFINITIONAL_REPRESENTATION('',(#10367),#10371);
#10367 = LINE('',#10368,#10369);
#10368 = CARTESIAN_POINT('',(0.,1.61));
#10369 = VECTOR('',#10370,1.);
#10370 = DIRECTION('',(1.,0.));
#10371 = ( GEOMETRIC_REPRESENTATION_CONTEXT(2) 
PARAMETRIC_REPRESENTATION_CONTEXT() REPRESENTATION_CONTEXT('2D SPACE',''
  ) );
#10372 = FACE_BOUND('',#10373,.F.);
#10373 = EDGE_LOOP('',(#10374));
#10374 = ORIENTED_EDGE('',*,*,#10375,.T.);
#10375 = EDGE_CURVE('',#10376,#10376,#10378,.T.);
#10376 = VERTEX_POINT('',#10377);
#10377 = CARTESIAN_POINT('',(142.46,-58.36,1.6));
#10378 = SURFACE_CURVE('',#10379,(#10384,#10395),.PCURVE_S1.);
#10379 = CIRCLE('',#10380,0.5);
#10380 = AXIS2_PLACEMENT_3D('',#10381,#10382,#10383);
#10381 = CARTESIAN_POINT('',(141.96,-58.36,1.6));
#10382 = DIRECTION('',(0.,0.,1.));
#10383 = DIRECTION('',(1.,0.,-0.));
#10384 = PCURVE('',#90,#10385);
#10385 = DEFINITIONAL_REPRESENTATION('',(#10386),#10394);
#10386 = ( BOUNDED_CURVE() B_SPLINE_CURVE(2,(#10387,#10388,#10389,#10390
    ,#10391,#10392,#10393),.UNSPECIFIED.,.T.,.F.) 
B_SPLINE_CURVE_WITH_KNOTS((1,2,2,2,2,1),(-2.094395102393,0.,
    2.094395102393,4.188790204786,6.28318530718,8.377580409573),
.UNSPECIFIED.) CURVE() GEOMETRIC_REPRESENTATION_ITEM() 
RATIONAL_B_SPLINE_CURVE((1.,0.5,1.,0.5,1.,0.5,1.)) REPRESENTATION_ITEM(
  '') );
#10387 = CARTESIAN_POINT('',(1.310843378838,30.006175035979));
#10388 = CARTESIAN_POINT('',(1.310843378838,30.872200439763));
#10389 = CARTESIAN_POINT('',(2.060843378838,30.439187737871));
#10390 = CARTESIAN_POINT('',(2.810843378838,30.006175035979));
#10391 = CARTESIAN_POINT('',(2.060843378838,29.573162334086));
#10392 = CARTESIAN_POINT('',(1.310843378838,29.140149632194));
#10393 = CARTESIAN_POINT('',(1.310843378838,30.006175035979));
#10394 = ( GEOMETRIC_REPRESENTATION_CONTEXT(2) 
PARAMETRIC_REPRESENTATION_CONTEXT() REPRESENTATION_CONTEXT('2D SPACE',''
  ) );
#10395 = PCURVE('',#4826,#10396);
#10396 = DEFINITIONAL_REPRESENTATION('',(#10397),#10401);
#10397 = LINE('',#10398,#10399);
#10398 = CARTESIAN_POINT('',(0.,1.61));
#10399 = VECTOR('',#10400,1.);
#10400 = DIRECTION('',(1.,0.));
#10401 = ( GEOMETRIC_REPRESENTATION_CONTEXT(2) 
PARAMETRIC_REPRESENTATION_CONTEXT() REPRESENTATION_CONTEXT('2D SPACE',''
  ) );
#10402 = FACE_BOUND('',#10403,.F.);
#10403 = EDGE_LOOP('',(#10404));
#10404 = ORIENTED_EDGE('',*,*,#10405,.T.);
#10405 = EDGE_CURVE('',#10406,#10406,#10408,.T.);
#10406 = VERTEX_POINT('',#10407);
#10407 = CARTESIAN_POINT('',(150.08,-55.82,1.6));
#10408 = SURFACE_CURVE('',#10409,(#10414,#10425),.PCURVE_S1.);
#10409 = CIRCLE('',#10410,0.5);
#10410 = AXIS2_PLACEMENT_3D('',#10411,#10412,#10413);
#10411 = CARTESIAN_POINT('',(149.58,-55.82,1.6));
#10412 = DIRECTION('',(0.,0.,1.));
#10413 = DIRECTION('',(1.,0.,-0.));
#10414 = PCURVE('',#90,#10415);
#10415 = DEFINITIONAL_REPRESENTATION('',(#10416),#10424);
#10416 = ( BOUNDED_CURVE() B_SPLINE_CURVE(2,(#10417,#10418,#10419,#10420
    ,#10421,#10422,#10423),.UNSPECIFIED.,.T.,.F.) 
B_SPLINE_CURVE_WITH_KNOTS((1,2,2,2,2,1),(-2.094395102393,0.,
    2.094395102393,4.188790204786,6.28318530718,8.377580409573),
.UNSPECIFIED.) CURVE() GEOMETRIC_REPRESENTATION_ITEM() 
RATIONAL_B_SPLINE_CURVE((1.,0.5,1.,0.5,1.,0.5,1.)) REPRESENTATION_ITEM(
  '') );
#10417 = CARTESIAN_POINT('',(-6.309156621162,32.546175035979));
#10418 = CARTESIAN_POINT('',(-6.309156621162,33.412200439763));
#10419 = CARTESIAN_POINT('',(-5.559156621162,32.979187737871));
#10420 = CARTESIAN_POINT('',(-4.809156621162,32.546175035979));
#10421 = CARTESIAN_POINT('',(-5.559156621162,32.113162334086));
#10422 = CARTESIAN_POINT('',(-6.309156621162,31.680149632194));
#10423 = CARTESIAN_POINT('',(-6.309156621162,32.546175035979));
#10424 = ( GEOMETRIC_REPRESENTATION_CONTEXT(2) 
PARAMETRIC_REPRESENTATION_CONTEXT() REPRESENTATION_CONTEXT('2D SPACE',''
  ) );
#10425 = PCURVE('',#4861,#10426);
#10426 = DEFINITIONAL_REPRESENTATION('',(#10427),#10431);
#10427 = LINE('',#10428,#10429);
#10428 = CARTESIAN_POINT('',(0.,1.61));
#10429 = VECTOR('',#10430,1.);
#10430 = DIRECTION('',(1.,0.));
#10431 = ( GEOMETRIC_REPRESENTATION_CONTEXT(2) 
PARAMETRIC_REPRESENTATION_CONTEXT() REPRESENTATION_CONTEXT('2D SPACE',''
  ) );
#10432 = FACE_BOUND('',#10433,.F.);
#10433 = EDGE_LOOP('',(#10434));
#10434 = ORIENTED_EDGE('',*,*,#10435,.T.);
#10435 = EDGE_CURVE('',#10436,#10436,#10438,.T.);
#10436 = VERTEX_POINT('',#10437);
#10437 = CARTESIAN_POINT('',(147.54,-55.82,1.6));
#10438 = SURFACE_CURVE('',#10439,(#10444,#10455),.PCURVE_S1.);
#10439 = CIRCLE('',#10440,0.5);
#10440 = AXIS2_PLACEMENT_3D('',#10441,#10442,#10443);
#10441 = CARTESIAN_POINT('',(147.04,-55.82,1.6));
#10442 = DIRECTION('',(0.,0.,1.));
#10443 = DIRECTION('',(1.,0.,-0.));
#10444 = PCURVE('',#90,#10445);
#10445 = DEFINITIONAL_REPRESENTATION('',(#10446),#10454);
#10446 = ( BOUNDED_CURVE() B_SPLINE_CURVE(2,(#10447,#10448,#10449,#10450
    ,#10451,#10452,#10453),.UNSPECIFIED.,.T.,.F.) 
B_SPLINE_CURVE_WITH_KNOTS((1,2,2,2,2,1),(-2.094395102393,0.,
    2.094395102393,4.188790204786,6.28318530718,8.377580409573),
.UNSPECIFIED.) CURVE() GEOMETRIC_REPRESENTATION_ITEM() 
RATIONAL_B_SPLINE_CURVE((1.,0.5,1.,0.5,1.,0.5,1.)) REPRESENTATION_ITEM(
  '') );
#10447 = CARTESIAN_POINT('',(-3.769156621162,32.546175035979));
#10448 = CARTESIAN_POINT('',(-3.769156621162,33.412200439763));
#10449 = CARTESIAN_POINT('',(-3.019156621162,32.979187737871));
#10450 = CARTESIAN_POINT('',(-2.269156621162,32.546175035979));
#10451 = CARTESIAN_POINT('',(-3.019156621162,32.113162334086));
#10452 = CARTESIAN_POINT('',(-3.769156621162,31.680149632194));
#10453 = CARTESIAN_POINT('',(-3.769156621162,32.546175035979));
#10454 = ( GEOMETRIC_REPRESENTATION_CONTEXT(2) 
PARAMETRIC_REPRESENTATION_CONTEXT() REPRESENTATION_CONTEXT('2D SPACE',''
  ) );
#10455 = PCURVE('',#4896,#10456);
#10456 = DEFINITIONAL_REPRESENTATION('',(#10457),#10461);
#10457 = LINE('',#10458,#10459);
#10458 = CARTESIAN_POINT('',(0.,1.61));
#10459 = VECTOR('',#10460,1.);
#10460 = DIRECTION('',(1.,0.));
#10461 = ( GEOMETRIC_REPRESENTATION_CONTEXT(2) 
PARAMETRIC_REPRESENTATION_CONTEXT() REPRESENTATION_CONTEXT('2D SPACE',''
  ) );
#10462 = FACE_BOUND('',#10463,.F.);
#10463 = EDGE_LOOP('',(#10464));
#10464 = ORIENTED_EDGE('',*,*,#10465,.T.);
#10465 = EDGE_CURVE('',#10466,#10466,#10468,.T.);
#10466 = VERTEX_POINT('',#10467);
#10467 = CARTESIAN_POINT('',(150.08,-53.28,1.6));
#10468 = SURFACE_CURVE('',#10469,(#10474,#10485),.PCURVE_S1.);
#10469 = CIRCLE('',#10470,0.5);
#10470 = AXIS2_PLACEMENT_3D('',#10471,#10472,#10473);
#10471 = CARTESIAN_POINT('',(149.58,-53.28,1.6));
#10472 = DIRECTION('',(0.,0.,1.));
#10473 = DIRECTION('',(1.,0.,-0.));
#10474 = PCURVE('',#90,#10475);
#10475 = DEFINITIONAL_REPRESENTATION('',(#10476),#10484);
#10476 = ( BOUNDED_CURVE() B_SPLINE_CURVE(2,(#10477,#10478,#10479,#10480
    ,#10481,#10482,#10483),.UNSPECIFIED.,.T.,.F.) 
B_SPLINE_CURVE_WITH_KNOTS((1,2,2,2,2,1),(-2.094395102393,0.,
    2.094395102393,4.188790204786,6.28318530718,8.377580409573),
.UNSPECIFIED.) CURVE() GEOMETRIC_REPRESENTATION_ITEM() 
RATIONAL_B_SPLINE_CURVE((1.,0.5,1.,0.5,1.,0.5,1.)) REPRESENTATION_ITEM(
  '') );
#10477 = CARTESIAN_POINT('',(-6.309156621162,35.086175035979));
#10478 = CARTESIAN_POINT('',(-6.309156621162,35.952200439763));
#10479 = CARTESIAN_POINT('',(-5.559156621162,35.519187737871));
#10480 = CARTESIAN_POINT('',(-4.809156621162,35.086175035979));
#10481 = CARTESIAN_POINT('',(-5.559156621162,34.653162334086));
#10482 = CARTESIAN_POINT('',(-6.309156621162,34.220149632194));
#10483 = CARTESIAN_POINT('',(-6.309156621162,35.086175035979));
#10484 = ( GEOMETRIC_REPRESENTATION_CONTEXT(2) 
PARAMETRIC_REPRESENTATION_CONTEXT() REPRESENTATION_CONTEXT('2D SPACE',''
  ) );
#10485 = PCURVE('',#4931,#10486);
#10486 = DEFINITIONAL_REPRESENTATION('',(#10487),#10491);
#10487 = LINE('',#10488,#10489);
#10488 = CARTESIAN_POINT('',(0.,1.61));
#10489 = VECTOR('',#10490,1.);
#10490 = DIRECTION('',(1.,0.));
#10491 = ( GEOMETRIC_REPRESENTATION_CONTEXT(2) 
PARAMETRIC_REPRESENTATION_CONTEXT() REPRESENTATION_CONTEXT('2D SPACE',''
  ) );
#10492 = FACE_BOUND('',#10493,.F.);
#10493 = EDGE_LOOP('',(#10494));
#10494 = ORIENTED_EDGE('',*,*,#10495,.T.);
#10495 = EDGE_CURVE('',#10496,#10496,#10498,.T.);
#10496 = VERTEX_POINT('',#10497);
#10497 = CARTESIAN_POINT('',(147.54,-53.28,1.6));
#10498 = SURFACE_CURVE('',#10499,(#10504,#10515),.PCURVE_S1.);
#10499 = CIRCLE('',#10500,0.5);
#10500 = AXIS2_PLACEMENT_3D('',#10501,#10502,#10503);
#10501 = CARTESIAN_POINT('',(147.04,-53.28,1.6));
#10502 = DIRECTION('',(0.,0.,1.));
#10503 = DIRECTION('',(1.,0.,-0.));
#10504 = PCURVE('',#90,#10505);
#10505 = DEFINITIONAL_REPRESENTATION('',(#10506),#10514);
#10506 = ( BOUNDED_CURVE() B_SPLINE_CURVE(2,(#10507,#10508,#10509,#10510
    ,#10511,#10512,#10513),.UNSPECIFIED.,.T.,.F.) 
B_SPLINE_CURVE_WITH_KNOTS((1,2,2,2,2,1),(-2.094395102393,0.,
    2.094395102393,4.188790204786,6.28318530718,8.377580409573),
.UNSPECIFIED.) CURVE() GEOMETRIC_REPRESENTATION_ITEM() 
RATIONAL_B_SPLINE_CURVE((1.,0.5,1.,0.5,1.,0.5,1.)) REPRESENTATION_ITEM(
  '') );
#10507 = CARTESIAN_POINT('',(-3.769156621162,35.086175035979));
#10508 = CARTESIAN_POINT('',(-3.769156621162,35.952200439763));
#10509 = CARTESIAN_POINT('',(-3.019156621162,35.519187737871));
#10510 = CARTESIAN_POINT('',(-2.269156621162,35.086175035979));
#10511 = CARTESIAN_POINT('',(-3.019156621162,34.653162334086));
#10512 = CARTESIAN_POINT('',(-3.769156621162,34.220149632194));
#10513 = CARTESIAN_POINT('',(-3.769156621162,35.086175035979));
#10514 = ( GEOMETRIC_REPRESENTATION_CONTEXT(2) 
PARAMETRIC_REPRESENTATION_CONTEXT() REPRESENTATION_CONTEXT('2D SPACE',''
  ) );
#10515 = PCURVE('',#4966,#10516);
#10516 = DEFINITIONAL_REPRESENTATION('',(#10517),#10521);
#10517 = LINE('',#10518,#10519);
#10518 = CARTESIAN_POINT('',(0.,1.61));
#10519 = VECTOR('',#10520,1.);
#10520 = DIRECTION('',(1.,0.));
#10521 = ( GEOMETRIC_REPRESENTATION_CONTEXT(2) 
PARAMETRIC_REPRESENTATION_CONTEXT() REPRESENTATION_CONTEXT('2D SPACE',''
  ) );
#10522 = FACE_BOUND('',#10523,.F.);
#10523 = EDGE_LOOP('',(#10524));
#10524 = ORIENTED_EDGE('',*,*,#10525,.T.);
#10525 = EDGE_CURVE('',#10526,#10526,#10528,.T.);
#10526 = VERTEX_POINT('',#10527);
#10527 = CARTESIAN_POINT('',(145.,-55.82,1.6));
#10528 = SURFACE_CURVE('',#10529,(#10534,#10545),.PCURVE_S1.);
#10529 = CIRCLE('',#10530,0.5);
#10530 = AXIS2_PLACEMENT_3D('',#10531,#10532,#10533);
#10531 = CARTESIAN_POINT('',(144.5,-55.82,1.6));
#10532 = DIRECTION('',(0.,0.,1.));
#10533 = DIRECTION('',(1.,0.,-0.));
#10534 = PCURVE('',#90,#10535);
#10535 = DEFINITIONAL_REPRESENTATION('',(#10536),#10544);
#10536 = ( BOUNDED_CURVE() B_SPLINE_CURVE(2,(#10537,#10538,#10539,#10540
    ,#10541,#10542,#10543),.UNSPECIFIED.,.T.,.F.) 
B_SPLINE_CURVE_WITH_KNOTS((1,2,2,2,2,1),(-2.094395102393,0.,
    2.094395102393,4.188790204786,6.28318530718,8.377580409573),
.UNSPECIFIED.) CURVE() GEOMETRIC_REPRESENTATION_ITEM() 
RATIONAL_B_SPLINE_CURVE((1.,0.5,1.,0.5,1.,0.5,1.)) REPRESENTATION_ITEM(
  '') );
#10537 = CARTESIAN_POINT('',(-1.229156621162,32.546175035979));
#10538 = CARTESIAN_POINT('',(-1.229156621162,33.412200439763));
#10539 = CARTESIAN_POINT('',(-0.479156621162,32.979187737871));
#10540 = CARTESIAN_POINT('',(0.270843378838,32.546175035979));
#10541 = CARTESIAN_POINT('',(-0.479156621162,32.113162334086));
#10542 = CARTESIAN_POINT('',(-1.229156621162,31.680149632194));
#10543 = CARTESIAN_POINT('',(-1.229156621162,32.546175035979));
#10544 = ( GEOMETRIC_REPRESENTATION_CONTEXT(2) 
PARAMETRIC_REPRESENTATION_CONTEXT() REPRESENTATION_CONTEXT('2D SPACE',''
  ) );
#10545 = PCURVE('',#5001,#10546);
#10546 = DEFINITIONAL_REPRESENTATION('',(#10547),#10551);
#10547 = LINE('',#10548,#10549);
#10548 = CARTESIAN_POINT('',(0.,1.61));
#10549 = VECTOR('',#10550,1.);
#10550 = DIRECTION('',(1.,0.));
#10551 = ( GEOMETRIC_REPRESENTATION_CONTEXT(2) 
PARAMETRIC_REPRESENTATION_CONTEXT() REPRESENTATION_CONTEXT('2D SPACE',''
  ) );
#10552 = FACE_BOUND('',#10553,.F.);
#10553 = EDGE_LOOP('',(#10554));
#10554 = ORIENTED_EDGE('',*,*,#10555,.T.);
#10555 = EDGE_CURVE('',#10556,#10556,#10558,.T.);
#10556 = VERTEX_POINT('',#10557);
#10557 = CARTESIAN_POINT('',(142.46,-55.82,1.6));
#10558 = SURFACE_CURVE('',#10559,(#10564,#10575),.PCURVE_S1.);
#10559 = CIRCLE('',#10560,0.5);
#10560 = AXIS2_PLACEMENT_3D('',#10561,#10562,#10563);
#10561 = CARTESIAN_POINT('',(141.96,-55.82,1.6));
#10562 = DIRECTION('',(0.,0.,1.));
#10563 = DIRECTION('',(1.,0.,-0.));
#10564 = PCURVE('',#90,#10565);
#10565 = DEFINITIONAL_REPRESENTATION('',(#10566),#10574);
#10566 = ( BOUNDED_CURVE() B_SPLINE_CURVE(2,(#10567,#10568,#10569,#10570
    ,#10571,#10572,#10573),.UNSPECIFIED.,.T.,.F.) 
B_SPLINE_CURVE_WITH_KNOTS((1,2,2,2,2,1),(-2.094395102393,0.,
    2.094395102393,4.188790204786,6.28318530718,8.377580409573),
.UNSPECIFIED.) CURVE() GEOMETRIC_REPRESENTATION_ITEM() 
RATIONAL_B_SPLINE_CURVE((1.,0.5,1.,0.5,1.,0.5,1.)) REPRESENTATION_ITEM(
  '') );
#10567 = CARTESIAN_POINT('',(1.310843378838,32.546175035979));
#10568 = CARTESIAN_POINT('',(1.310843378838,33.412200439763));
#10569 = CARTESIAN_POINT('',(2.060843378838,32.979187737871));
#10570 = CARTESIAN_POINT('',(2.810843378838,32.546175035979));
#10571 = CARTESIAN_POINT('',(2.060843378838,32.113162334086));
#10572 = CARTESIAN_POINT('',(1.310843378838,31.680149632194));
#10573 = CARTESIAN_POINT('',(1.310843378838,32.546175035979));
#10574 = ( GEOMETRIC_REPRESENTATION_CONTEXT(2) 
PARAMETRIC_REPRESENTATION_CONTEXT() REPRESENTATION_CONTEXT('2D SPACE',''
  ) );
#10575 = PCURVE('',#5036,#10576);
#10576 = DEFINITIONAL_REPRESENTATION('',(#10577),#10581);
#10577 = LINE('',#10578,#10579);
#10578 = CARTESIAN_POINT('',(0.,1.61));
#10579 = VECTOR('',#10580,1.);
#10580 = DIRECTION('',(1.,0.));
#10581 = ( GEOMETRIC_REPRESENTATION_CONTEXT(2) 
PARAMETRIC_REPRESENTATION_CONTEXT() REPRESENTATION_CONTEXT('2D SPACE',''
  ) );
#10582 = FACE_BOUND('',#10583,.F.);
#10583 = EDGE_LOOP('',(#10584));
#10584 = ORIENTED_EDGE('',*,*,#10585,.T.);
#10585 = EDGE_CURVE('',#10586,#10586,#10588,.T.);
#10586 = VERTEX_POINT('',#10587);
#10587 = CARTESIAN_POINT('',(145.,-53.28,1.6));
#10588 = SURFACE_CURVE('',#10589,(#10594,#10605),.PCURVE_S1.);
#10589 = CIRCLE('',#10590,0.5);
#10590 = AXIS2_PLACEMENT_3D('',#10591,#10592,#10593);
#10591 = CARTESIAN_POINT('',(144.5,-53.28,1.6));
#10592 = DIRECTION('',(0.,0.,1.));
#10593 = DIRECTION('',(1.,0.,-0.));
#10594 = PCURVE('',#90,#10595);
#10595 = DEFINITIONAL_REPRESENTATION('',(#10596),#10604);
#10596 = ( BOUNDED_CURVE() B_SPLINE_CURVE(2,(#10597,#10598,#10599,#10600
    ,#10601,#10602,#10603),.UNSPECIFIED.,.T.,.F.) 
B_SPLINE_CURVE_WITH_KNOTS((1,2,2,2,2,1),(-2.094395102393,0.,
    2.094395102393,4.188790204786,6.28318530718,8.377580409573),
.UNSPECIFIED.) CURVE() GEOMETRIC_REPRESENTATION_ITEM() 
RATIONAL_B_SPLINE_CURVE((1.,0.5,1.,0.5,1.,0.5,1.)) REPRESENTATION_ITEM(
  '') );
#10597 = CARTESIAN_POINT('',(-1.229156621162,35.086175035979));
#10598 = CARTESIAN_POINT('',(-1.229156621162,35.952200439763));
#10599 = CARTESIAN_POINT('',(-0.479156621162,35.519187737871));
#10600 = CARTESIAN_POINT('',(0.270843378838,35.086175035979));
#10601 = CARTESIAN_POINT('',(-0.479156621162,34.653162334086));
#10602 = CARTESIAN_POINT('',(-1.229156621162,34.220149632194));
#10603 = CARTESIAN_POINT('',(-1.229156621162,35.086175035979));
#10604 = ( GEOMETRIC_REPRESENTATION_CONTEXT(2) 
PARAMETRIC_REPRESENTATION_CONTEXT() REPRESENTATION_CONTEXT('2D SPACE',''
  ) );
#10605 = PCURVE('',#5071,#10606);
#10606 = DEFINITIONAL_REPRESENTATION('',(#10607),#10611);
#10607 = LINE('',#10608,#10609);
#10608 = CARTESIAN_POINT('',(0.,1.61));
#10609 = VECTOR('',#10610,1.);
#10610 = DIRECTION('',(1.,0.));
#10611 = ( GEOMETRIC_REPRESENTATION_CONTEXT(2) 
PARAMETRIC_REPRESENTATION_CONTEXT() REPRESENTATION_CONTEXT('2D SPACE',''
  ) );
#10612 = FACE_BOUND('',#10613,.F.);
#10613 = EDGE_LOOP('',(#10614));
#10614 = ORIENTED_EDGE('',*,*,#10615,.T.);
#10615 = EDGE_CURVE('',#10616,#10616,#10618,.T.);
#10616 = VERTEX_POINT('',#10617);
#10617 = CARTESIAN_POINT('',(142.46,-53.28,1.6));
#10618 = SURFACE_CURVE('',#10619,(#10624,#10635),.PCURVE_S1.);
#10619 = CIRCLE('',#10620,0.5);
#10620 = AXIS2_PLACEMENT_3D('',#10621,#10622,#10623);
#10621 = CARTESIAN_POINT('',(141.96,-53.28,1.6));
#10622 = DIRECTION('',(0.,0.,1.));
#10623 = DIRECTION('',(1.,0.,-0.));
#10624 = PCURVE('',#90,#10625);
#10625 = DEFINITIONAL_REPRESENTATION('',(#10626),#10634);
#10626 = ( BOUNDED_CURVE() B_SPLINE_CURVE(2,(#10627,#10628,#10629,#10630
    ,#10631,#10632,#10633),.UNSPECIFIED.,.T.,.F.) 
B_SPLINE_CURVE_WITH_KNOTS((1,2,2,2,2,1),(-2.094395102393,0.,
    2.094395102393,4.188790204786,6.28318530718,8.377580409573),
.UNSPECIFIED.) CURVE() GEOMETRIC_REPRESENTATION_ITEM() 
RATIONAL_B_SPLINE_CURVE((1.,0.5,1.,0.5,1.,0.5,1.)) REPRESENTATION_ITEM(
  '') );
#10627 = CARTESIAN_POINT('',(1.310843378838,35.086175035979));
#10628 = CARTESIAN_POINT('',(1.310843378838,35.952200439763));
#10629 = CARTESIAN_POINT('',(2.060843378838,35.519187737871));
#10630 = CARTESIAN_POINT('',(2.810843378838,35.086175035979));
#10631 = CARTESIAN_POINT('',(2.060843378838,34.653162334086));
#10632 = CARTESIAN_POINT('',(1.310843378838,34.220149632194));
#10633 = CARTESIAN_POINT('',(1.310843378838,35.086175035979));
#10634 = ( GEOMETRIC_REPRESENTATION_CONTEXT(2) 
PARAMETRIC_REPRESENTATION_CONTEXT() REPRESENTATION_CONTEXT('2D SPACE',''
  ) );
#10635 = PCURVE('',#5106,#10636);
#10636 = DEFINITIONAL_REPRESENTATION('',(#10637),#10641);
#10637 = LINE('',#10638,#10639);
#10638 = CARTESIAN_POINT('',(0.,1.61));
#10639 = VECTOR('',#10640,1.);
#10640 = DIRECTION('',(1.,0.));
#10641 = ( GEOMETRIC_REPRESENTATION_CONTEXT(2) 
PARAMETRIC_REPRESENTATION_CONTEXT() REPRESENTATION_CONTEXT('2D SPACE',''
  ) );
#10642 = FACE_BOUND('',#10643,.F.);
#10643 = EDGE_LOOP('',(#10644));
#10644 = ORIENTED_EDGE('',*,*,#10645,.T.);
#10645 = EDGE_CURVE('',#10646,#10646,#10648,.T.);
#10646 = VERTEX_POINT('',#10647);
#10647 = CARTESIAN_POINT('',(139.92,-60.9,1.6));
#10648 = SURFACE_CURVE('',#10649,(#10654,#10665),.PCURVE_S1.);
#10649 = CIRCLE('',#10650,0.5);
#10650 = AXIS2_PLACEMENT_3D('',#10651,#10652,#10653);
#10651 = CARTESIAN_POINT('',(139.42,-60.9,1.6));
#10652 = DIRECTION('',(0.,0.,1.));
#10653 = DIRECTION('',(1.,0.,-0.));
#10654 = PCURVE('',#90,#10655);
#10655 = DEFINITIONAL_REPRESENTATION('',(#10656),#10664);
#10656 = ( BOUNDED_CURVE() B_SPLINE_CURVE(2,(#10657,#10658,#10659,#10660
    ,#10661,#10662,#10663),.UNSPECIFIED.,.T.,.F.) 
B_SPLINE_CURVE_WITH_KNOTS((1,2,2,2,2,1),(-2.094395102393,0.,
    2.094395102393,4.188790204786,6.28318530718,8.377580409573),
.UNSPECIFIED.) CURVE() GEOMETRIC_REPRESENTATION_ITEM() 
RATIONAL_B_SPLINE_CURVE((1.,0.5,1.,0.5,1.,0.5,1.)) REPRESENTATION_ITEM(
  '') );
#10657 = CARTESIAN_POINT('',(3.850843378838,27.466175035979));
#10658 = CARTESIAN_POINT('',(3.850843378838,28.332200439763));
#10659 = CARTESIAN_POINT('',(4.600843378838,27.899187737871));
#10660 = CARTESIAN_POINT('',(5.350843378838,27.466175035979));
#10661 = CARTESIAN_POINT('',(4.600843378838,27.033162334086));
#10662 = CARTESIAN_POINT('',(3.850843378838,26.600149632194));
#10663 = CARTESIAN_POINT('',(3.850843378838,27.466175035979));
#10664 = ( GEOMETRIC_REPRESENTATION_CONTEXT(2) 
PARAMETRIC_REPRESENTATION_CONTEXT() REPRESENTATION_CONTEXT('2D SPACE',''
  ) );
#10665 = PCURVE('',#5141,#10666);
#10666 = DEFINITIONAL_REPRESENTATION('',(#10667),#10671);
#10667 = LINE('',#10668,#10669);
#10668 = CARTESIAN_POINT('',(0.,1.61));
#10669 = VECTOR('',#10670,1.);
#10670 = DIRECTION('',(1.,0.));
#10671 = ( GEOMETRIC_REPRESENTATION_CONTEXT(2) 
PARAMETRIC_REPRESENTATION_CONTEXT() REPRESENTATION_CONTEXT('2D SPACE',''
  ) );
#10672 = FACE_BOUND('',#10673,.F.);
#10673 = EDGE_LOOP('',(#10674));
#10674 = ORIENTED_EDGE('',*,*,#10675,.T.);
#10675 = EDGE_CURVE('',#10676,#10676,#10678,.T.);
#10676 = VERTEX_POINT('',#10677);
#10677 = CARTESIAN_POINT('',(137.38,-60.9,1.6));
#10678 = SURFACE_CURVE('',#10679,(#10684,#10695),.PCURVE_S1.);
#10679 = CIRCLE('',#10680,0.5);
#10680 = AXIS2_PLACEMENT_3D('',#10681,#10682,#10683);
#10681 = CARTESIAN_POINT('',(136.88,-60.9,1.6));
#10682 = DIRECTION('',(0.,0.,1.));
#10683 = DIRECTION('',(1.,0.,-0.));
#10684 = PCURVE('',#90,#10685);
#10685 = DEFINITIONAL_REPRESENTATION('',(#10686),#10694);
#10686 = ( BOUNDED_CURVE() B_SPLINE_CURVE(2,(#10687,#10688,#10689,#10690
    ,#10691,#10692,#10693),.UNSPECIFIED.,.T.,.F.) 
B_SPLINE_CURVE_WITH_KNOTS((1,2,2,2,2,1),(-2.094395102393,0.,
    2.094395102393,4.188790204786,6.28318530718,8.377580409573),
.UNSPECIFIED.) CURVE() GEOMETRIC_REPRESENTATION_ITEM() 
RATIONAL_B_SPLINE_CURVE((1.,0.5,1.,0.5,1.,0.5,1.)) REPRESENTATION_ITEM(
  '') );
#10687 = CARTESIAN_POINT('',(6.390843378838,27.466175035979));
#10688 = CARTESIAN_POINT('',(6.390843378838,28.332200439763));
#10689 = CARTESIAN_POINT('',(7.140843378838,27.899187737871));
#10690 = CARTESIAN_POINT('',(7.890843378838,27.466175035979));
#10691 = CARTESIAN_POINT('',(7.140843378838,27.033162334086));
#10692 = CARTESIAN_POINT('',(6.390843378838,26.600149632194));
#10693 = CARTESIAN_POINT('',(6.390843378838,27.466175035979));
#10694 = ( GEOMETRIC_REPRESENTATION_CONTEXT(2) 
PARAMETRIC_REPRESENTATION_CONTEXT() REPRESENTATION_CONTEXT('2D SPACE',''
  ) );
#10695 = PCURVE('',#5176,#10696);
#10696 = DEFINITIONAL_REPRESENTATION('',(#10697),#10701);
#10697 = LINE('',#10698,#10699);
#10698 = CARTESIAN_POINT('',(0.,1.61));
#10699 = VECTOR('',#10700,1.);
#10700 = DIRECTION('',(1.,0.));
#10701 = ( GEOMETRIC_REPRESENTATION_CONTEXT(2) 
PARAMETRIC_REPRESENTATION_CONTEXT() REPRESENTATION_CONTEXT('2D SPACE',''
  ) );
#10702 = FACE_BOUND('',#10703,.F.);
#10703 = EDGE_LOOP('',(#10704));
#10704 = ORIENTED_EDGE('',*,*,#10705,.T.);
#10705 = EDGE_CURVE('',#10706,#10706,#10708,.T.);
#10706 = VERTEX_POINT('',#10707);
#10707 = CARTESIAN_POINT('',(139.92,-58.36,1.6));
#10708 = SURFACE_CURVE('',#10709,(#10714,#10725),.PCURVE_S1.);
#10709 = CIRCLE('',#10710,0.5);
#10710 = AXIS2_PLACEMENT_3D('',#10711,#10712,#10713);
#10711 = CARTESIAN_POINT('',(139.42,-58.36,1.6));
#10712 = DIRECTION('',(0.,0.,1.));
#10713 = DIRECTION('',(1.,0.,-0.));
#10714 = PCURVE('',#90,#10715);
#10715 = DEFINITIONAL_REPRESENTATION('',(#10716),#10724);
#10716 = ( BOUNDED_CURVE() B_SPLINE_CURVE(2,(#10717,#10718,#10719,#10720
    ,#10721,#10722,#10723),.UNSPECIFIED.,.T.,.F.) 
B_SPLINE_CURVE_WITH_KNOTS((1,2,2,2,2,1),(-2.094395102393,0.,
    2.094395102393,4.188790204786,6.28318530718,8.377580409573),
.UNSPECIFIED.) CURVE() GEOMETRIC_REPRESENTATION_ITEM() 
RATIONAL_B_SPLINE_CURVE((1.,0.5,1.,0.5,1.,0.5,1.)) REPRESENTATION_ITEM(
  '') );
#10717 = CARTESIAN_POINT('',(3.850843378838,30.006175035979));
#10718 = CARTESIAN_POINT('',(3.850843378838,30.872200439763));
#10719 = CARTESIAN_POINT('',(4.600843378838,30.439187737871));
#10720 = CARTESIAN_POINT('',(5.350843378838,30.006175035979));
#10721 = CARTESIAN_POINT('',(4.600843378838,29.573162334086));
#10722 = CARTESIAN_POINT('',(3.850843378838,29.140149632194));
#10723 = CARTESIAN_POINT('',(3.850843378838,30.006175035979));
#10724 = ( GEOMETRIC_REPRESENTATION_CONTEXT(2) 
PARAMETRIC_REPRESENTATION_CONTEXT() REPRESENTATION_CONTEXT('2D SPACE',''
  ) );
#10725 = PCURVE('',#5211,#10726);
#10726 = DEFINITIONAL_REPRESENTATION('',(#10727),#10731);
#10727 = LINE('',#10728,#10729);
#10728 = CARTESIAN_POINT('',(0.,1.61));
#10729 = VECTOR('',#10730,1.);
#10730 = DIRECTION('',(1.,0.));
#10731 = ( GEOMETRIC_REPRESENTATION_CONTEXT(2) 
PARAMETRIC_REPRESENTATION_CONTEXT() REPRESENTATION_CONTEXT('2D SPACE',''
  ) );
#10732 = FACE_BOUND('',#10733,.F.);
#10733 = EDGE_LOOP('',(#10734));
#10734 = ORIENTED_EDGE('',*,*,#10735,.T.);
#10735 = EDGE_CURVE('',#10736,#10736,#10738,.T.);
#10736 = VERTEX_POINT('',#10737);
#10737 = CARTESIAN_POINT('',(137.38,-58.36,1.6));
#10738 = SURFACE_CURVE('',#10739,(#10744,#10755),.PCURVE_S1.);
#10739 = CIRCLE('',#10740,0.5);
#10740 = AXIS2_PLACEMENT_3D('',#10741,#10742,#10743);
#10741 = CARTESIAN_POINT('',(136.88,-58.36,1.6));
#10742 = DIRECTION('',(0.,0.,1.));
#10743 = DIRECTION('',(1.,0.,-0.));
#10744 = PCURVE('',#90,#10745);
#10745 = DEFINITIONAL_REPRESENTATION('',(#10746),#10754);
#10746 = ( BOUNDED_CURVE() B_SPLINE_CURVE(2,(#10747,#10748,#10749,#10750
    ,#10751,#10752,#10753),.UNSPECIFIED.,.T.,.F.) 
B_SPLINE_CURVE_WITH_KNOTS((1,2,2,2,2,1),(-2.094395102393,0.,
    2.094395102393,4.188790204786,6.28318530718,8.377580409573),
.UNSPECIFIED.) CURVE() GEOMETRIC_REPRESENTATION_ITEM() 
RATIONAL_B_SPLINE_CURVE((1.,0.5,1.,0.5,1.,0.5,1.)) REPRESENTATION_ITEM(
  '') );
#10747 = CARTESIAN_POINT('',(6.390843378838,30.006175035979));
#10748 = CARTESIAN_POINT('',(6.390843378838,30.872200439763));
#10749 = CARTESIAN_POINT('',(7.140843378838,30.439187737871));
#10750 = CARTESIAN_POINT('',(7.890843378838,30.006175035979));
#10751 = CARTESIAN_POINT('',(7.140843378838,29.573162334086));
#10752 = CARTESIAN_POINT('',(6.390843378838,29.140149632194));
#10753 = CARTESIAN_POINT('',(6.390843378838,30.006175035979));
#10754 = ( GEOMETRIC_REPRESENTATION_CONTEXT(2) 
PARAMETRIC_REPRESENTATION_CONTEXT() REPRESENTATION_CONTEXT('2D SPACE',''
  ) );
#10755 = PCURVE('',#5246,#10756);
#10756 = DEFINITIONAL_REPRESENTATION('',(#10757),#10761);
#10757 = LINE('',#10758,#10759);
#10758 = CARTESIAN_POINT('',(0.,1.61));
#10759 = VECTOR('',#10760,1.);
#10760 = DIRECTION('',(1.,0.));
#10761 = ( GEOMETRIC_REPRESENTATION_CONTEXT(2) 
PARAMETRIC_REPRESENTATION_CONTEXT() REPRESENTATION_CONTEXT('2D SPACE',''
  ) );
#10762 = FACE_BOUND('',#10763,.F.);
#10763 = EDGE_LOOP('',(#10764));
#10764 = ORIENTED_EDGE('',*,*,#10765,.T.);
#10765 = EDGE_CURVE('',#10766,#10766,#10768,.T.);
#10766 = VERTEX_POINT('',#10767);
#10767 = CARTESIAN_POINT('',(134.84,-60.9,1.6));
#10768 = SURFACE_CURVE('',#10769,(#10774,#10785),.PCURVE_S1.);
#10769 = CIRCLE('',#10770,0.5);
#10770 = AXIS2_PLACEMENT_3D('',#10771,#10772,#10773);
#10771 = CARTESIAN_POINT('',(134.34,-60.9,1.6));
#10772 = DIRECTION('',(0.,0.,1.));
#10773 = DIRECTION('',(1.,0.,-0.));
#10774 = PCURVE('',#90,#10775);
#10775 = DEFINITIONAL_REPRESENTATION('',(#10776),#10784);
#10776 = ( BOUNDED_CURVE() B_SPLINE_CURVE(2,(#10777,#10778,#10779,#10780
    ,#10781,#10782,#10783),.UNSPECIFIED.,.T.,.F.) 
B_SPLINE_CURVE_WITH_KNOTS((1,2,2,2,2,1),(-2.094395102393,0.,
    2.094395102393,4.188790204786,6.28318530718,8.377580409573),
.UNSPECIFIED.) CURVE() GEOMETRIC_REPRESENTATION_ITEM() 
RATIONAL_B_SPLINE_CURVE((1.,0.5,1.,0.5,1.,0.5,1.)) REPRESENTATION_ITEM(
  '') );
#10777 = CARTESIAN_POINT('',(8.930843378838,27.466175035979));
#10778 = CARTESIAN_POINT('',(8.930843378838,28.332200439763));
#10779 = CARTESIAN_POINT('',(9.680843378838,27.899187737871));
#10780 = CARTESIAN_POINT('',(10.430843378838,27.466175035979));
#10781 = CARTESIAN_POINT('',(9.680843378838,27.033162334086));
#10782 = CARTESIAN_POINT('',(8.930843378838,26.600149632194));
#10783 = CARTESIAN_POINT('',(8.930843378838,27.466175035979));
#10784 = ( GEOMETRIC_REPRESENTATION_CONTEXT(2) 
PARAMETRIC_REPRESENTATION_CONTEXT() REPRESENTATION_CONTEXT('2D SPACE',''
  ) );
#10785 = PCURVE('',#5281,#10786);
#10786 = DEFINITIONAL_REPRESENTATION('',(#10787),#10791);
#10787 = LINE('',#10788,#10789);
#10788 = CARTESIAN_POINT('',(0.,1.61));
#10789 = VECTOR('',#10790,1.);
#10790 = DIRECTION('',(1.,0.));
#10791 = ( GEOMETRIC_REPRESENTATION_CONTEXT(2) 
PARAMETRIC_REPRESENTATION_CONTEXT() REPRESENTATION_CONTEXT('2D SPACE',''
  ) );
#10792 = FACE_BOUND('',#10793,.F.);
#10793 = EDGE_LOOP('',(#10794));
#10794 = ORIENTED_EDGE('',*,*,#10795,.T.);
#10795 = EDGE_CURVE('',#10796,#10796,#10798,.T.);
#10796 = VERTEX_POINT('',#10797);
#10797 = CARTESIAN_POINT('',(132.3,-60.9,1.6));
#10798 = SURFACE_CURVE('',#10799,(#10804,#10815),.PCURVE_S1.);
#10799 = CIRCLE('',#10800,0.5);
#10800 = AXIS2_PLACEMENT_3D('',#10801,#10802,#10803);
#10801 = CARTESIAN_POINT('',(131.8,-60.9,1.6));
#10802 = DIRECTION('',(0.,0.,1.));
#10803 = DIRECTION('',(1.,0.,-0.));
#10804 = PCURVE('',#90,#10805);
#10805 = DEFINITIONAL_REPRESENTATION('',(#10806),#10814);
#10806 = ( BOUNDED_CURVE() B_SPLINE_CURVE(2,(#10807,#10808,#10809,#10810
    ,#10811,#10812,#10813),.UNSPECIFIED.,.T.,.F.) 
B_SPLINE_CURVE_WITH_KNOTS((1,2,2,2,2,1),(-2.094395102393,0.,
    2.094395102393,4.188790204786,6.28318530718,8.377580409573),
.UNSPECIFIED.) CURVE() GEOMETRIC_REPRESENTATION_ITEM() 
RATIONAL_B_SPLINE_CURVE((1.,0.5,1.,0.5,1.,0.5,1.)) REPRESENTATION_ITEM(
  '') );
#10807 = CARTESIAN_POINT('',(11.470843378838,27.466175035979));
#10808 = CARTESIAN_POINT('',(11.470843378838,28.332200439763));
#10809 = CARTESIAN_POINT('',(12.220843378838,27.899187737871));
#10810 = CARTESIAN_POINT('',(12.970843378838,27.466175035979));
#10811 = CARTESIAN_POINT('',(12.220843378838,27.033162334086));
#10812 = CARTESIAN_POINT('',(11.470843378838,26.600149632194));
#10813 = CARTESIAN_POINT('',(11.470843378838,27.466175035979));
#10814 = ( GEOMETRIC_REPRESENTATION_CONTEXT(2) 
PARAMETRIC_REPRESENTATION_CONTEXT() REPRESENTATION_CONTEXT('2D SPACE',''
  ) );
#10815 = PCURVE('',#5316,#10816);
#10816 = DEFINITIONAL_REPRESENTATION('',(#10817),#10821);
#10817 = LINE('',#10818,#10819);
#10818 = CARTESIAN_POINT('',(0.,1.61));
#10819 = VECTOR('',#10820,1.);
#10820 = DIRECTION('',(1.,0.));
#10821 = ( GEOMETRIC_REPRESENTATION_CONTEXT(2) 
PARAMETRIC_REPRESENTATION_CONTEXT() REPRESENTATION_CONTEXT('2D SPACE',''
  ) );
#10822 = FACE_BOUND('',#10823,.F.);
#10823 = EDGE_LOOP('',(#10824));
#10824 = ORIENTED_EDGE('',*,*,#10825,.T.);
#10825 = EDGE_CURVE('',#10826,#10826,#10828,.T.);
#10826 = VERTEX_POINT('',#10827);
#10827 = CARTESIAN_POINT('',(134.84,-58.36,1.6));
#10828 = SURFACE_CURVE('',#10829,(#10834,#10845),.PCURVE_S1.);
#10829 = CIRCLE('',#10830,0.5);
#10830 = AXIS2_PLACEMENT_3D('',#10831,#10832,#10833);
#10831 = CARTESIAN_POINT('',(134.34,-58.36,1.6));
#10832 = DIRECTION('',(0.,0.,1.));
#10833 = DIRECTION('',(1.,0.,-0.));
#10834 = PCURVE('',#90,#10835);
#10835 = DEFINITIONAL_REPRESENTATION('',(#10836),#10844);
#10836 = ( BOUNDED_CURVE() B_SPLINE_CURVE(2,(#10837,#10838,#10839,#10840
    ,#10841,#10842,#10843),.UNSPECIFIED.,.T.,.F.) 
B_SPLINE_CURVE_WITH_KNOTS((1,2,2,2,2,1),(-2.094395102393,0.,
    2.094395102393,4.188790204786,6.28318530718,8.377580409573),
.UNSPECIFIED.) CURVE() GEOMETRIC_REPRESENTATION_ITEM() 
RATIONAL_B_SPLINE_CURVE((1.,0.5,1.,0.5,1.,0.5,1.)) REPRESENTATION_ITEM(
  '') );
#10837 = CARTESIAN_POINT('',(8.930843378838,30.006175035979));
#10838 = CARTESIAN_POINT('',(8.930843378838,30.872200439763));
#10839 = CARTESIAN_POINT('',(9.680843378838,30.439187737871));
#10840 = CARTESIAN_POINT('',(10.430843378838,30.006175035979));
#10841 = CARTESIAN_POINT('',(9.680843378838,29.573162334086));
#10842 = CARTESIAN_POINT('',(8.930843378838,29.140149632194));
#10843 = CARTESIAN_POINT('',(8.930843378838,30.006175035979));
#10844 = ( GEOMETRIC_REPRESENTATION_CONTEXT(2) 
PARAMETRIC_REPRESENTATION_CONTEXT() REPRESENTATION_CONTEXT('2D SPACE',''
  ) );
#10845 = PCURVE('',#5351,#10846);
#10846 = DEFINITIONAL_REPRESENTATION('',(#10847),#10851);
#10847 = LINE('',#10848,#10849);
#10848 = CARTESIAN_POINT('',(0.,1.61));
#10849 = VECTOR('',#10850,1.);
#10850 = DIRECTION('',(1.,0.));
#10851 = ( GEOMETRIC_REPRESENTATION_CONTEXT(2) 
PARAMETRIC_REPRESENTATION_CONTEXT() REPRESENTATION_CONTEXT('2D SPACE',''
  ) );
#10852 = FACE_BOUND('',#10853,.F.);
#10853 = EDGE_LOOP('',(#10854));
#10854 = ORIENTED_EDGE('',*,*,#10855,.T.);
#10855 = EDGE_CURVE('',#10856,#10856,#10858,.T.);
#10856 = VERTEX_POINT('',#10857);
#10857 = CARTESIAN_POINT('',(132.3,-58.36,1.6));
#10858 = SURFACE_CURVE('',#10859,(#10864,#10875),.PCURVE_S1.);
#10859 = CIRCLE('',#10860,0.5);
#10860 = AXIS2_PLACEMENT_3D('',#10861,#10862,#10863);
#10861 = CARTESIAN_POINT('',(131.8,-58.36,1.6));
#10862 = DIRECTION('',(0.,0.,1.));
#10863 = DIRECTION('',(1.,0.,-0.));
#10864 = PCURVE('',#90,#10865);
#10865 = DEFINITIONAL_REPRESENTATION('',(#10866),#10874);
#10866 = ( BOUNDED_CURVE() B_SPLINE_CURVE(2,(#10867,#10868,#10869,#10870
    ,#10871,#10872,#10873),.UNSPECIFIED.,.T.,.F.) 
B_SPLINE_CURVE_WITH_KNOTS((1,2,2,2,2,1),(-2.094395102393,0.,
    2.094395102393,4.188790204786,6.28318530718,8.377580409573),
.UNSPECIFIED.) CURVE() GEOMETRIC_REPRESENTATION_ITEM() 
RATIONAL_B_SPLINE_CURVE((1.,0.5,1.,0.5,1.,0.5,1.)) REPRESENTATION_ITEM(
  '') );
#10867 = CARTESIAN_POINT('',(11.470843378838,30.006175035979));
#10868 = CARTESIAN_POINT('',(11.470843378838,30.872200439763));
#10869 = CARTESIAN_POINT('',(12.220843378838,30.439187737871));
#10870 = CARTESIAN_POINT('',(12.970843378838,30.006175035979));
#10871 = CARTESIAN_POINT('',(12.220843378838,29.573162334086));
#10872 = CARTESIAN_POINT('',(11.470843378838,29.140149632194));
#10873 = CARTESIAN_POINT('',(11.470843378838,30.006175035979));
#10874 = ( GEOMETRIC_REPRESENTATION_CONTEXT(2) 
PARAMETRIC_REPRESENTATION_CONTEXT() REPRESENTATION_CONTEXT('2D SPACE',''
  ) );
#10875 = PCURVE('',#5386,#10876);
#10876 = DEFINITIONAL_REPRESENTATION('',(#10877),#10881);
#10877 = LINE('',#10878,#10879);
#10878 = CARTESIAN_POINT('',(0.,1.61));
#10879 = VECTOR('',#10880,1.);
#10880 = DIRECTION('',(1.,0.));
#10881 = ( GEOMETRIC_REPRESENTATION_CONTEXT(2) 
PARAMETRIC_REPRESENTATION_CONTEXT() REPRESENTATION_CONTEXT('2D SPACE',''
  ) );
#10882 = FACE_BOUND('',#10883,.F.);
#10883 = EDGE_LOOP('',(#10884));
#10884 = ORIENTED_EDGE('',*,*,#10885,.T.);
#10885 = EDGE_CURVE('',#10886,#10886,#10888,.T.);
#10886 = VERTEX_POINT('',#10887);
#10887 = CARTESIAN_POINT('',(139.92,-55.82,1.6));
#10888 = SURFACE_CURVE('',#10889,(#10894,#10905),.PCURVE_S1.);
#10889 = CIRCLE('',#10890,0.5);
#10890 = AXIS2_PLACEMENT_3D('',#10891,#10892,#10893);
#10891 = CARTESIAN_POINT('',(139.42,-55.82,1.6));
#10892 = DIRECTION('',(0.,0.,1.));
#10893 = DIRECTION('',(1.,0.,-0.));
#10894 = PCURVE('',#90,#10895);
#10895 = DEFINITIONAL_REPRESENTATION('',(#10896),#10904);
#10896 = ( BOUNDED_CURVE() B_SPLINE_CURVE(2,(#10897,#10898,#10899,#10900
    ,#10901,#10902,#10903),.UNSPECIFIED.,.T.,.F.) 
B_SPLINE_CURVE_WITH_KNOTS((1,2,2,2,2,1),(-2.094395102393,0.,
    2.094395102393,4.188790204786,6.28318530718,8.377580409573),
.UNSPECIFIED.) CURVE() GEOMETRIC_REPRESENTATION_ITEM() 
RATIONAL_B_SPLINE_CURVE((1.,0.5,1.,0.5,1.,0.5,1.)) REPRESENTATION_ITEM(
  '') );
#10897 = CARTESIAN_POINT('',(3.850843378838,32.546175035979));
#10898 = CARTESIAN_POINT('',(3.850843378838,33.412200439763));
#10899 = CARTESIAN_POINT('',(4.600843378838,32.979187737871));
#10900 = CARTESIAN_POINT('',(5.350843378838,32.546175035979));
#10901 = CARTESIAN_POINT('',(4.600843378838,32.113162334086));
#10902 = CARTESIAN_POINT('',(3.850843378838,31.680149632194));
#10903 = CARTESIAN_POINT('',(3.850843378838,32.546175035979));
#10904 = ( GEOMETRIC_REPRESENTATION_CONTEXT(2) 
PARAMETRIC_REPRESENTATION_CONTEXT() REPRESENTATION_CONTEXT('2D SPACE',''
  ) );
#10905 = PCURVE('',#5421,#10906);
#10906 = DEFINITIONAL_REPRESENTATION('',(#10907),#10911);
#10907 = LINE('',#10908,#10909);
#10908 = CARTESIAN_POINT('',(0.,1.61));
#10909 = VECTOR('',#10910,1.);
#10910 = DIRECTION('',(1.,0.));
#10911 = ( GEOMETRIC_REPRESENTATION_CONTEXT(2) 
PARAMETRIC_REPRESENTATION_CONTEXT() REPRESENTATION_CONTEXT('2D SPACE',''
  ) );
#10912 = FACE_BOUND('',#10913,.F.);
#10913 = EDGE_LOOP('',(#10914));
#10914 = ORIENTED_EDGE('',*,*,#10915,.T.);
#10915 = EDGE_CURVE('',#10916,#10916,#10918,.T.);
#10916 = VERTEX_POINT('',#10917);
#10917 = CARTESIAN_POINT('',(137.38,-55.82,1.6));
#10918 = SURFACE_CURVE('',#10919,(#10924,#10935),.PCURVE_S1.);
#10919 = CIRCLE('',#10920,0.5);
#10920 = AXIS2_PLACEMENT_3D('',#10921,#10922,#10923);
#10921 = CARTESIAN_POINT('',(136.88,-55.82,1.6));
#10922 = DIRECTION('',(0.,0.,1.));
#10923 = DIRECTION('',(1.,0.,-0.));
#10924 = PCURVE('',#90,#10925);
#10925 = DEFINITIONAL_REPRESENTATION('',(#10926),#10934);
#10926 = ( BOUNDED_CURVE() B_SPLINE_CURVE(2,(#10927,#10928,#10929,#10930
    ,#10931,#10932,#10933),.UNSPECIFIED.,.T.,.F.) 
B_SPLINE_CURVE_WITH_KNOTS((1,2,2,2,2,1),(-2.094395102393,0.,
    2.094395102393,4.188790204786,6.28318530718,8.377580409573),
.UNSPECIFIED.) CURVE() GEOMETRIC_REPRESENTATION_ITEM() 
RATIONAL_B_SPLINE_CURVE((1.,0.5,1.,0.5,1.,0.5,1.)) REPRESENTATION_ITEM(
  '') );
#10927 = CARTESIAN_POINT('',(6.390843378838,32.546175035979));
#10928 = CARTESIAN_POINT('',(6.390843378838,33.412200439763));
#10929 = CARTESIAN_POINT('',(7.140843378838,32.979187737871));
#10930 = CARTESIAN_POINT('',(7.890843378838,32.546175035979));
#10931 = CARTESIAN_POINT('',(7.140843378838,32.113162334086));
#10932 = CARTESIAN_POINT('',(6.390843378838,31.680149632194));
#10933 = CARTESIAN_POINT('',(6.390843378838,32.546175035979));
#10934 = ( GEOMETRIC_REPRESENTATION_CONTEXT(2) 
PARAMETRIC_REPRESENTATION_CONTEXT() REPRESENTATION_CONTEXT('2D SPACE',''
  ) );
#10935 = PCURVE('',#5456,#10936);
#10936 = DEFINITIONAL_REPRESENTATION('',(#10937),#10941);
#10937 = LINE('',#10938,#10939);
#10938 = CARTESIAN_POINT('',(0.,1.61));
#10939 = VECTOR('',#10940,1.);
#10940 = DIRECTION('',(1.,0.));
#10941 = ( GEOMETRIC_REPRESENTATION_CONTEXT(2) 
PARAMETRIC_REPRESENTATION_CONTEXT() REPRESENTATION_CONTEXT('2D SPACE',''
  ) );
#10942 = FACE_BOUND('',#10943,.F.);
#10943 = EDGE_LOOP('',(#10944));
#10944 = ORIENTED_EDGE('',*,*,#10945,.T.);
#10945 = EDGE_CURVE('',#10946,#10946,#10948,.T.);
#10946 = VERTEX_POINT('',#10947);
#10947 = CARTESIAN_POINT('',(139.92,-53.28,1.6));
#10948 = SURFACE_CURVE('',#10949,(#10954,#10965),.PCURVE_S1.);
#10949 = CIRCLE('',#10950,0.5);
#10950 = AXIS2_PLACEMENT_3D('',#10951,#10952,#10953);
#10951 = CARTESIAN_POINT('',(139.42,-53.28,1.6));
#10952 = DIRECTION('',(0.,0.,1.));
#10953 = DIRECTION('',(1.,0.,-0.));
#10954 = PCURVE('',#90,#10955);
#10955 = DEFINITIONAL_REPRESENTATION('',(#10956),#10964);
#10956 = ( BOUNDED_CURVE() B_SPLINE_CURVE(2,(#10957,#10958,#10959,#10960
    ,#10961,#10962,#10963),.UNSPECIFIED.,.T.,.F.) 
B_SPLINE_CURVE_WITH_KNOTS((1,2,2,2,2,1),(-2.094395102393,0.,
    2.094395102393,4.188790204786,6.28318530718,8.377580409573),
.UNSPECIFIED.) CURVE() GEOMETRIC_REPRESENTATION_ITEM() 
RATIONAL_B_SPLINE_CURVE((1.,0.5,1.,0.5,1.,0.5,1.)) REPRESENTATION_ITEM(
  '') );
#10957 = CARTESIAN_POINT('',(3.850843378838,35.086175035979));
#10958 = CARTESIAN_POINT('',(3.850843378838,35.952200439763));
#10959 = CARTESIAN_POINT('',(4.600843378838,35.519187737871));
#10960 = CARTESIAN_POINT('',(5.350843378838,35.086175035979));
#10961 = CARTESIAN_POINT('',(4.600843378838,34.653162334086));
#10962 = CARTESIAN_POINT('',(3.850843378838,34.220149632194));
#10963 = CARTESIAN_POINT('',(3.850843378838,35.086175035979));
#10964 = ( GEOMETRIC_REPRESENTATION_CONTEXT(2) 
PARAMETRIC_REPRESENTATION_CONTEXT() REPRESENTATION_CONTEXT('2D SPACE',''
  ) );
#10965 = PCURVE('',#5491,#10966);
#10966 = DEFINITIONAL_REPRESENTATION('',(#10967),#10971);
#10967 = LINE('',#10968,#10969);
#10968 = CARTESIAN_POINT('',(0.,1.61));
#10969 = VECTOR('',#10970,1.);
#10970 = DIRECTION('',(1.,0.));
#10971 = ( GEOMETRIC_REPRESENTATION_CONTEXT(2) 
PARAMETRIC_REPRESENTATION_CONTEXT() REPRESENTATION_CONTEXT('2D SPACE',''
  ) );
#10972 = FACE_BOUND('',#10973,.F.);
#10973 = EDGE_LOOP('',(#10974));
#10974 = ORIENTED_EDGE('',*,*,#10975,.T.);
#10975 = EDGE_CURVE('',#10976,#10976,#10978,.T.);
#10976 = VERTEX_POINT('',#10977);
#10977 = CARTESIAN_POINT('',(137.38,-53.28,1.6));
#10978 = SURFACE_CURVE('',#10979,(#10984,#10995),.PCURVE_S1.);
#10979 = CIRCLE('',#10980,0.5);
#10980 = AXIS2_PLACEMENT_3D('',#10981,#10982,#10983);
#10981 = CARTESIAN_POINT('',(136.88,-53.28,1.6));
#10982 = DIRECTION('',(0.,0.,1.));
#10983 = DIRECTION('',(1.,0.,-0.));
#10984 = PCURVE('',#90,#10985);
#10985 = DEFINITIONAL_REPRESENTATION('',(#10986),#10994);
#10986 = ( BOUNDED_CURVE() B_SPLINE_CURVE(2,(#10987,#10988,#10989,#10990
    ,#10991,#10992,#10993),.UNSPECIFIED.,.T.,.F.) 
B_SPLINE_CURVE_WITH_KNOTS((1,2,2,2,2,1),(-2.094395102393,0.,
    2.094395102393,4.188790204786,6.28318530718,8.377580409573),
.UNSPECIFIED.) CURVE() GEOMETRIC_REPRESENTATION_ITEM() 
RATIONAL_B_SPLINE_CURVE((1.,0.5,1.,0.5,1.,0.5,1.)) REPRESENTATION_ITEM(
  '') );
#10987 = CARTESIAN_POINT('',(6.390843378838,35.086175035979));
#10988 = CARTESIAN_POINT('',(6.390843378838,35.952200439763));
#10989 = CARTESIAN_POINT('',(7.140843378838,35.519187737871));
#10990 = CARTESIAN_POINT('',(7.890843378838,35.086175035979));
#10991 = CARTESIAN_POINT('',(7.140843378838,34.653162334086));
#10992 = CARTESIAN_POINT('',(6.390843378838,34.220149632194));
#10993 = CARTESIAN_POINT('',(6.390843378838,35.086175035979));
#10994 = ( GEOMETRIC_REPRESENTATION_CONTEXT(2) 
PARAMETRIC_REPRESENTATION_CONTEXT() REPRESENTATION_CONTEXT('2D SPACE',''
  ) );
#10995 = PCURVE('',#5526,#10996);
#10996 = DEFINITIONAL_REPRESENTATION('',(#10997),#11001);
#10997 = LINE('',#10998,#10999);
#10998 = CARTESIAN_POINT('',(0.,1.61));
#10999 = VECTOR('',#11000,1.);
#11000 = DIRECTION('',(1.,0.));
#11001 = ( GEOMETRIC_REPRESENTATION_CONTEXT(2) 
PARAMETRIC_REPRESENTATION_CONTEXT() REPRESENTATION_CONTEXT('2D SPACE',''
  ) );
#11002 = FACE_BOUND('',#11003,.F.);
#11003 = EDGE_LOOP('',(#11004));
#11004 = ORIENTED_EDGE('',*,*,#11005,.T.);
#11005 = EDGE_CURVE('',#11006,#11006,#11008,.T.);
#11006 = VERTEX_POINT('',#11007);
#11007 = CARTESIAN_POINT('',(134.84,-55.82,1.6));
#11008 = SURFACE_CURVE('',#11009,(#11014,#11025),.PCURVE_S1.);
#11009 = CIRCLE('',#11010,0.5);
#11010 = AXIS2_PLACEMENT_3D('',#11011,#11012,#11013);
#11011 = CARTESIAN_POINT('',(134.34,-55.82,1.6));
#11012 = DIRECTION('',(0.,0.,1.));
#11013 = DIRECTION('',(1.,0.,-0.));
#11014 = PCURVE('',#90,#11015);
#11015 = DEFINITIONAL_REPRESENTATION('',(#11016),#11024);
#11016 = ( BOUNDED_CURVE() B_SPLINE_CURVE(2,(#11017,#11018,#11019,#11020
    ,#11021,#11022,#11023),.UNSPECIFIED.,.T.,.F.) 
B_SPLINE_CURVE_WITH_KNOTS((1,2,2,2,2,1),(-2.094395102393,0.,
    2.094395102393,4.188790204786,6.28318530718,8.377580409573),
.UNSPECIFIED.) CURVE() GEOMETRIC_REPRESENTATION_ITEM() 
RATIONAL_B_SPLINE_CURVE((1.,0.5,1.,0.5,1.,0.5,1.)) REPRESENTATION_ITEM(
  '') );
#11017 = CARTESIAN_POINT('',(8.930843378838,32.546175035979));
#11018 = CARTESIAN_POINT('',(8.930843378838,33.412200439763));
#11019 = CARTESIAN_POINT('',(9.680843378838,32.979187737871));
#11020 = CARTESIAN_POINT('',(10.430843378838,32.546175035979));
#11021 = CARTESIAN_POINT('',(9.680843378838,32.113162334086));
#11022 = CARTESIAN_POINT('',(8.930843378838,31.680149632194));
#11023 = CARTESIAN_POINT('',(8.930843378838,32.546175035979));
#11024 = ( GEOMETRIC_REPRESENTATION_CONTEXT(2) 
PARAMETRIC_REPRESENTATION_CONTEXT() REPRESENTATION_CONTEXT('2D SPACE',''
  ) );
#11025 = PCURVE('',#5561,#11026);
#11026 = DEFINITIONAL_REPRESENTATION('',(#11027),#11031);
#11027 = LINE('',#11028,#11029);
#11028 = CARTESIAN_POINT('',(0.,1.61));
#11029 = VECTOR('',#11030,1.);
#11030 = DIRECTION('',(1.,0.));
#11031 = ( GEOMETRIC_REPRESENTATION_CONTEXT(2) 
PARAMETRIC_REPRESENTATION_CONTEXT() REPRESENTATION_CONTEXT('2D SPACE',''
  ) );
#11032 = FACE_BOUND('',#11033,.F.);
#11033 = EDGE_LOOP('',(#11034));
#11034 = ORIENTED_EDGE('',*,*,#11035,.T.);
#11035 = EDGE_CURVE('',#11036,#11036,#11038,.T.);
#11036 = VERTEX_POINT('',#11037);
#11037 = CARTESIAN_POINT('',(132.3,-55.82,1.6));
#11038 = SURFACE_CURVE('',#11039,(#11044,#11055),.PCURVE_S1.);
#11039 = CIRCLE('',#11040,0.5);
#11040 = AXIS2_PLACEMENT_3D('',#11041,#11042,#11043);
#11041 = CARTESIAN_POINT('',(131.8,-55.82,1.6));
#11042 = DIRECTION('',(0.,0.,1.));
#11043 = DIRECTION('',(1.,0.,-0.));
#11044 = PCURVE('',#90,#11045);
#11045 = DEFINITIONAL_REPRESENTATION('',(#11046),#11054);
#11046 = ( BOUNDED_CURVE() B_SPLINE_CURVE(2,(#11047,#11048,#11049,#11050
    ,#11051,#11052,#11053),.UNSPECIFIED.,.T.,.F.) 
B_SPLINE_CURVE_WITH_KNOTS((1,2,2,2,2,1),(-2.094395102393,0.,
    2.094395102393,4.188790204786,6.28318530718,8.377580409573),
.UNSPECIFIED.) CURVE() GEOMETRIC_REPRESENTATION_ITEM() 
RATIONAL_B_SPLINE_CURVE((1.,0.5,1.,0.5,1.,0.5,1.)) REPRESENTATION_ITEM(
  '') );
#11047 = CARTESIAN_POINT('',(11.470843378838,32.546175035979));
#11048 = CARTESIAN_POINT('',(11.470843378838,33.412200439763));
#11049 = CARTESIAN_POINT('',(12.220843378838,32.979187737871));
#11050 = CARTESIAN_POINT('',(12.970843378838,32.546175035979));
#11051 = CARTESIAN_POINT('',(12.220843378838,32.113162334086));
#11052 = CARTESIAN_POINT('',(11.470843378838,31.680149632194));
#11053 = CARTESIAN_POINT('',(11.470843378838,32.546175035979));
#11054 = ( GEOMETRIC_REPRESENTATION_CONTEXT(2) 
PARAMETRIC_REPRESENTATION_CONTEXT() REPRESENTATION_CONTEXT('2D SPACE',''
  ) );
#11055 = PCURVE('',#5596,#11056);
#11056 = DEFINITIONAL_REPRESENTATION('',(#11057),#11061);
#11057 = LINE('',#11058,#11059);
#11058 = CARTESIAN_POINT('',(0.,1.61));
#11059 = VECTOR('',#11060,1.);
#11060 = DIRECTION('',(1.,0.));
#11061 = ( GEOMETRIC_REPRESENTATION_CONTEXT(2) 
PARAMETRIC_REPRESENTATION_CONTEXT() REPRESENTATION_CONTEXT('2D SPACE',''
  ) );
#11062 = FACE_BOUND('',#11063,.F.);
#11063 = EDGE_LOOP('',(#11064));
#11064 = ORIENTED_EDGE('',*,*,#11065,.T.);
#11065 = EDGE_CURVE('',#11066,#11066,#11068,.T.);
#11066 = VERTEX_POINT('',#11067);
#11067 = CARTESIAN_POINT('',(134.84,-53.28,1.6));
#11068 = SURFACE_CURVE('',#11069,(#11074,#11085),.PCURVE_S1.);
#11069 = CIRCLE('',#11070,0.5);
#11070 = AXIS2_PLACEMENT_3D('',#11071,#11072,#11073);
#11071 = CARTESIAN_POINT('',(134.34,-53.28,1.6));
#11072 = DIRECTION('',(0.,0.,1.));
#11073 = DIRECTION('',(1.,0.,-0.));
#11074 = PCURVE('',#90,#11075);
#11075 = DEFINITIONAL_REPRESENTATION('',(#11076),#11084);
#11076 = ( BOUNDED_CURVE() B_SPLINE_CURVE(2,(#11077,#11078,#11079,#11080
    ,#11081,#11082,#11083),.UNSPECIFIED.,.T.,.F.) 
B_SPLINE_CURVE_WITH_KNOTS((1,2,2,2,2,1),(-2.094395102393,0.,
    2.094395102393,4.188790204786,6.28318530718,8.377580409573),
.UNSPECIFIED.) CURVE() GEOMETRIC_REPRESENTATION_ITEM() 
RATIONAL_B_SPLINE_CURVE((1.,0.5,1.,0.5,1.,0.5,1.)) REPRESENTATION_ITEM(
  '') );
#11077 = CARTESIAN_POINT('',(8.930843378838,35.086175035979));
#11078 = CARTESIAN_POINT('',(8.930843378838,35.952200439763));
#11079 = CARTESIAN_POINT('',(9.680843378838,35.519187737871));
#11080 = CARTESIAN_POINT('',(10.430843378838,35.086175035979));
#11081 = CARTESIAN_POINT('',(9.680843378838,34.653162334086));
#11082 = CARTESIAN_POINT('',(8.930843378838,34.220149632194));
#11083 = CARTESIAN_POINT('',(8.930843378838,35.086175035979));
#11084 = ( GEOMETRIC_REPRESENTATION_CONTEXT(2) 
PARAMETRIC_REPRESENTATION_CONTEXT() REPRESENTATION_CONTEXT('2D SPACE',''
  ) );
#11085 = PCURVE('',#5631,#11086);
#11086 = DEFINITIONAL_REPRESENTATION('',(#11087),#11091);
#11087 = LINE('',#11088,#11089);
#11088 = CARTESIAN_POINT('',(0.,1.61));
#11089 = VECTOR('',#11090,1.);
#11090 = DIRECTION('',(1.,0.));
#11091 = ( GEOMETRIC_REPRESENTATION_CONTEXT(2) 
PARAMETRIC_REPRESENTATION_CONTEXT() REPRESENTATION_CONTEXT('2D SPACE',''
  ) );
#11092 = FACE_BOUND('',#11093,.F.);
#11093 = EDGE_LOOP('',(#11094));
#11094 = ORIENTED_EDGE('',*,*,#11095,.T.);
#11095 = EDGE_CURVE('',#11096,#11096,#11098,.T.);
#11096 = VERTEX_POINT('',#11097);
#11097 = CARTESIAN_POINT('',(132.3,-53.28,1.6));
#11098 = SURFACE_CURVE('',#11099,(#11104,#11115),.PCURVE_S1.);
#11099 = CIRCLE('',#11100,0.5);
#11100 = AXIS2_PLACEMENT_3D('',#11101,#11102,#11103);
#11101 = CARTESIAN_POINT('',(131.8,-53.28,1.6));
#11102 = DIRECTION('',(0.,0.,1.));
#11103 = DIRECTION('',(1.,0.,-0.));
#11104 = PCURVE('',#90,#11105);
#11105 = DEFINITIONAL_REPRESENTATION('',(#11106),#11114);
#11106 = ( BOUNDED_CURVE() B_SPLINE_CURVE(2,(#11107,#11108,#11109,#11110
    ,#11111,#11112,#11113),.UNSPECIFIED.,.T.,.F.) 
B_SPLINE_CURVE_WITH_KNOTS((1,2,2,2,2,1),(-2.094395102393,0.,
    2.094395102393,4.188790204786,6.28318530718,8.377580409573),
.UNSPECIFIED.) CURVE() GEOMETRIC_REPRESENTATION_ITEM() 
RATIONAL_B_SPLINE_CURVE((1.,0.5,1.,0.5,1.,0.5,1.)) REPRESENTATION_ITEM(
  '') );
#11107 = CARTESIAN_POINT('',(11.470843378838,35.086175035979));
#11108 = CARTESIAN_POINT('',(11.470843378838,35.952200439763));
#11109 = CARTESIAN_POINT('',(12.220843378838,35.519187737871));
#11110 = CARTESIAN_POINT('',(12.970843378838,35.086175035979));
#11111 = CARTESIAN_POINT('',(12.220843378838,34.653162334086));
#11112 = CARTESIAN_POINT('',(11.470843378838,34.220149632194));
#11113 = CARTESIAN_POINT('',(11.470843378838,35.086175035979));
#11114 = ( GEOMETRIC_REPRESENTATION_CONTEXT(2) 
PARAMETRIC_REPRESENTATION_CONTEXT() REPRESENTATION_CONTEXT('2D SPACE',''
  ) );
#11115 = PCURVE('',#5666,#11116);
#11116 = DEFINITIONAL_REPRESENTATION('',(#11117),#11121);
#11117 = LINE('',#11118,#11119);
#11118 = CARTESIAN_POINT('',(0.,1.61));
#11119 = VECTOR('',#11120,1.);
#11120 = DIRECTION('',(1.,0.));
#11121 = ( GEOMETRIC_REPRESENTATION_CONTEXT(2) 
PARAMETRIC_REPRESENTATION_CONTEXT() REPRESENTATION_CONTEXT('2D SPACE',''
  ) );
#11122 = FACE_BOUND('',#11123,.F.);
#11123 = EDGE_LOOP('',(#11124));
#11124 = ORIENTED_EDGE('',*,*,#11125,.T.);
#11125 = EDGE_CURVE('',#11126,#11126,#11128,.T.);
#11126 = VERTEX_POINT('',#11127);
#11127 = CARTESIAN_POINT('',(129.76,-60.9,1.6));
#11128 = SURFACE_CURVE('',#11129,(#11134,#11145),.PCURVE_S1.);
#11129 = CIRCLE('',#11130,0.5);
#11130 = AXIS2_PLACEMENT_3D('',#11131,#11132,#11133);
#11131 = CARTESIAN_POINT('',(129.26,-60.9,1.6));
#11132 = DIRECTION('',(0.,0.,1.));
#11133 = DIRECTION('',(1.,0.,-0.));
#11134 = PCURVE('',#90,#11135);
#11135 = DEFINITIONAL_REPRESENTATION('',(#11136),#11144);
#11136 = ( BOUNDED_CURVE() B_SPLINE_CURVE(2,(#11137,#11138,#11139,#11140
    ,#11141,#11142,#11143),.UNSPECIFIED.,.T.,.F.) 
B_SPLINE_CURVE_WITH_KNOTS((1,2,2,2,2,1),(-2.094395102393,0.,
    2.094395102393,4.188790204786,6.28318530718,8.377580409573),
.UNSPECIFIED.) CURVE() GEOMETRIC_REPRESENTATION_ITEM() 
RATIONAL_B_SPLINE_CURVE((1.,0.5,1.,0.5,1.,0.5,1.)) REPRESENTATION_ITEM(
  '') );
#11137 = CARTESIAN_POINT('',(14.010843378838,27.466175035979));
#11138 = CARTESIAN_POINT('',(14.010843378838,28.332200439763));
#11139 = CARTESIAN_POINT('',(14.760843378838,27.899187737871));
#11140 = CARTESIAN_POINT('',(15.510843378838,27.466175035979));
#11141 = CARTESIAN_POINT('',(14.760843378838,27.033162334086));
#11142 = CARTESIAN_POINT('',(14.010843378838,26.600149632194));
#11143 = CARTESIAN_POINT('',(14.010843378838,27.466175035979));
#11144 = ( GEOMETRIC_REPRESENTATION_CONTEXT(2) 
PARAMETRIC_REPRESENTATION_CONTEXT() REPRESENTATION_CONTEXT('2D SPACE',''
  ) );
#11145 = PCURVE('',#5701,#11146);
#11146 = DEFINITIONAL_REPRESENTATION('',(#11147),#11151);
#11147 = LINE('',#11148,#11149);
#11148 = CARTESIAN_POINT('',(0.,1.61));
#11149 = VECTOR('',#11150,1.);
#11150 = DIRECTION('',(1.,0.));
#11151 = ( GEOMETRIC_REPRESENTATION_CONTEXT(2) 
PARAMETRIC_REPRESENTATION_CONTEXT() REPRESENTATION_CONTEXT('2D SPACE',''
  ) );
#11152 = FACE_BOUND('',#11153,.F.);
#11153 = EDGE_LOOP('',(#11154));
#11154 = ORIENTED_EDGE('',*,*,#11155,.T.);
#11155 = EDGE_CURVE('',#11156,#11156,#11158,.T.);
#11156 = VERTEX_POINT('',#11157);
#11157 = CARTESIAN_POINT('',(127.22,-60.9,1.6));
#11158 = SURFACE_CURVE('',#11159,(#11164,#11175),.PCURVE_S1.);
#11159 = CIRCLE('',#11160,0.5);
#11160 = AXIS2_PLACEMENT_3D('',#11161,#11162,#11163);
#11161 = CARTESIAN_POINT('',(126.72,-60.9,1.6));
#11162 = DIRECTION('',(0.,0.,1.));
#11163 = DIRECTION('',(1.,0.,-0.));
#11164 = PCURVE('',#90,#11165);
#11165 = DEFINITIONAL_REPRESENTATION('',(#11166),#11174);
#11166 = ( BOUNDED_CURVE() B_SPLINE_CURVE(2,(#11167,#11168,#11169,#11170
    ,#11171,#11172,#11173),.UNSPECIFIED.,.T.,.F.) 
B_SPLINE_CURVE_WITH_KNOTS((1,2,2,2,2,1),(-2.094395102393,0.,
    2.094395102393,4.188790204786,6.28318530718,8.377580409573),
.UNSPECIFIED.) CURVE() GEOMETRIC_REPRESENTATION_ITEM() 
RATIONAL_B_SPLINE_CURVE((1.,0.5,1.,0.5,1.,0.5,1.)) REPRESENTATION_ITEM(
  '') );
#11167 = CARTESIAN_POINT('',(16.550843378838,27.466175035979));
#11168 = CARTESIAN_POINT('',(16.550843378838,28.332200439763));
#11169 = CARTESIAN_POINT('',(17.300843378838,27.899187737871));
#11170 = CARTESIAN_POINT('',(18.050843378838,27.466175035979));
#11171 = CARTESIAN_POINT('',(17.300843378838,27.033162334086));
#11172 = CARTESIAN_POINT('',(16.550843378838,26.600149632194));
#11173 = CARTESIAN_POINT('',(16.550843378838,27.466175035979));
#11174 = ( GEOMETRIC_REPRESENTATION_CONTEXT(2) 
PARAMETRIC_REPRESENTATION_CONTEXT() REPRESENTATION_CONTEXT('2D SPACE',''
  ) );
#11175 = PCURVE('',#5736,#11176);
#11176 = DEFINITIONAL_REPRESENTATION('',(#11177),#11181);
#11177 = LINE('',#11178,#11179);
#11178 = CARTESIAN_POINT('',(0.,1.61));
#11179 = VECTOR('',#11180,1.);
#11180 = DIRECTION('',(1.,0.));
#11181 = ( GEOMETRIC_REPRESENTATION_CONTEXT(2) 
PARAMETRIC_REPRESENTATION_CONTEXT() REPRESENTATION_CONTEXT('2D SPACE',''
  ) );
#11182 = FACE_BOUND('',#11183,.F.);
#11183 = EDGE_LOOP('',(#11184));
#11184 = ORIENTED_EDGE('',*,*,#11185,.T.);
#11185 = EDGE_CURVE('',#11186,#11186,#11188,.T.);
#11186 = VERTEX_POINT('',#11187);
#11187 = CARTESIAN_POINT('',(129.76,-58.36,1.6));
#11188 = SURFACE_CURVE('',#11189,(#11194,#11205),.PCURVE_S1.);
#11189 = CIRCLE('',#11190,0.5);
#11190 = AXIS2_PLACEMENT_3D('',#11191,#11192,#11193);
#11191 = CARTESIAN_POINT('',(129.26,-58.36,1.6));
#11192 = DIRECTION('',(0.,0.,1.));
#11193 = DIRECTION('',(1.,0.,-0.));
#11194 = PCURVE('',#90,#11195);
#11195 = DEFINITIONAL_REPRESENTATION('',(#11196),#11204);
#11196 = ( BOUNDED_CURVE() B_SPLINE_CURVE(2,(#11197,#11198,#11199,#11200
    ,#11201,#11202,#11203),.UNSPECIFIED.,.T.,.F.) 
B_SPLINE_CURVE_WITH_KNOTS((1,2,2,2,2,1),(-2.094395102393,0.,
    2.094395102393,4.188790204786,6.28318530718,8.377580409573),
.UNSPECIFIED.) CURVE() GEOMETRIC_REPRESENTATION_ITEM() 
RATIONAL_B_SPLINE_CURVE((1.,0.5,1.,0.5,1.,0.5,1.)) REPRESENTATION_ITEM(
  '') );
#11197 = CARTESIAN_POINT('',(14.010843378838,30.006175035979));
#11198 = CARTESIAN_POINT('',(14.010843378838,30.872200439763));
#11199 = CARTESIAN_POINT('',(14.760843378838,30.439187737871));
#11200 = CARTESIAN_POINT('',(15.510843378838,30.006175035979));
#11201 = CARTESIAN_POINT('',(14.760843378838,29.573162334086));
#11202 = CARTESIAN_POINT('',(14.010843378838,29.140149632194));
#11203 = CARTESIAN_POINT('',(14.010843378838,30.006175035979));
#11204 = ( GEOMETRIC_REPRESENTATION_CONTEXT(2) 
PARAMETRIC_REPRESENTATION_CONTEXT() REPRESENTATION_CONTEXT('2D SPACE',''
  ) );
#11205 = PCURVE('',#5771,#11206);
#11206 = DEFINITIONAL_REPRESENTATION('',(#11207),#11211);
#11207 = LINE('',#11208,#11209);
#11208 = CARTESIAN_POINT('',(0.,1.61));
#11209 = VECTOR('',#11210,1.);
#11210 = DIRECTION('',(1.,0.));
#11211 = ( GEOMETRIC_REPRESENTATION_CONTEXT(2) 
PARAMETRIC_REPRESENTATION_CONTEXT() REPRESENTATION_CONTEXT('2D SPACE',''
  ) );
#11212 = FACE_BOUND('',#11213,.F.);
#11213 = EDGE_LOOP('',(#11214));
#11214 = ORIENTED_EDGE('',*,*,#11215,.T.);
#11215 = EDGE_CURVE('',#11216,#11216,#11218,.T.);
#11216 = VERTEX_POINT('',#11217);
#11217 = CARTESIAN_POINT('',(127.22,-58.36,1.6));
#11218 = SURFACE_CURVE('',#11219,(#11224,#11235),.PCURVE_S1.);
#11219 = CIRCLE('',#11220,0.5);
#11220 = AXIS2_PLACEMENT_3D('',#11221,#11222,#11223);
#11221 = CARTESIAN_POINT('',(126.72,-58.36,1.6));
#11222 = DIRECTION('',(0.,0.,1.));
#11223 = DIRECTION('',(1.,0.,-0.));
#11224 = PCURVE('',#90,#11225);
#11225 = DEFINITIONAL_REPRESENTATION('',(#11226),#11234);
#11226 = ( BOUNDED_CURVE() B_SPLINE_CURVE(2,(#11227,#11228,#11229,#11230
    ,#11231,#11232,#11233),.UNSPECIFIED.,.T.,.F.) 
B_SPLINE_CURVE_WITH_KNOTS((1,2,2,2,2,1),(-2.094395102393,0.,
    2.094395102393,4.188790204786,6.28318530718,8.377580409573),
.UNSPECIFIED.) CURVE() GEOMETRIC_REPRESENTATION_ITEM() 
RATIONAL_B_SPLINE_CURVE((1.,0.5,1.,0.5,1.,0.5,1.)) REPRESENTATION_ITEM(
  '') );
#11227 = CARTESIAN_POINT('',(16.550843378838,30.006175035979));
#11228 = CARTESIAN_POINT('',(16.550843378838,30.872200439763));
#11229 = CARTESIAN_POINT('',(17.300843378838,30.439187737871));
#11230 = CARTESIAN_POINT('',(18.050843378838,30.006175035979));
#11231 = CARTESIAN_POINT('',(17.300843378838,29.573162334086));
#11232 = CARTESIAN_POINT('',(16.550843378838,29.140149632194));
#11233 = CARTESIAN_POINT('',(16.550843378838,30.006175035979));
#11234 = ( GEOMETRIC_REPRESENTATION_CONTEXT(2) 
PARAMETRIC_REPRESENTATION_CONTEXT() REPRESENTATION_CONTEXT('2D SPACE',''
  ) );
#11235 = PCURVE('',#5806,#11236);
#11236 = DEFINITIONAL_REPRESENTATION('',(#11237),#11241);
#11237 = LINE('',#11238,#11239);
#11238 = CARTESIAN_POINT('',(0.,1.61));
#11239 = VECTOR('',#11240,1.);
#11240 = DIRECTION('',(1.,0.));
#11241 = ( GEOMETRIC_REPRESENTATION_CONTEXT(2) 
PARAMETRIC_REPRESENTATION_CONTEXT() REPRESENTATION_CONTEXT('2D SPACE',''
  ) );
#11242 = FACE_BOUND('',#11243,.F.);
#11243 = EDGE_LOOP('',(#11244));
#11244 = ORIENTED_EDGE('',*,*,#11245,.T.);
#11245 = EDGE_CURVE('',#11246,#11246,#11248,.T.);
#11246 = VERTEX_POINT('',#11247);
#11247 = CARTESIAN_POINT('',(124.68,-60.9,1.6));
#11248 = SURFACE_CURVE('',#11249,(#11254,#11265),.PCURVE_S1.);
#11249 = CIRCLE('',#11250,0.5);
#11250 = AXIS2_PLACEMENT_3D('',#11251,#11252,#11253);
#11251 = CARTESIAN_POINT('',(124.18,-60.9,1.6));
#11252 = DIRECTION('',(0.,0.,1.));
#11253 = DIRECTION('',(1.,0.,-0.));
#11254 = PCURVE('',#90,#11255);
#11255 = DEFINITIONAL_REPRESENTATION('',(#11256),#11264);
#11256 = ( BOUNDED_CURVE() B_SPLINE_CURVE(2,(#11257,#11258,#11259,#11260
    ,#11261,#11262,#11263),.UNSPECIFIED.,.T.,.F.) 
B_SPLINE_CURVE_WITH_KNOTS((1,2,2,2,2,1),(-2.094395102393,0.,
    2.094395102393,4.188790204786,6.28318530718,8.377580409573),
.UNSPECIFIED.) CURVE() GEOMETRIC_REPRESENTATION_ITEM() 
RATIONAL_B_SPLINE_CURVE((1.,0.5,1.,0.5,1.,0.5,1.)) REPRESENTATION_ITEM(
  '') );
#11257 = CARTESIAN_POINT('',(19.090843378838,27.466175035979));
#11258 = CARTESIAN_POINT('',(19.090843378838,28.332200439763));
#11259 = CARTESIAN_POINT('',(19.840843378838,27.899187737871));
#11260 = CARTESIAN_POINT('',(20.590843378838,27.466175035979));
#11261 = CARTESIAN_POINT('',(19.840843378838,27.033162334086));
#11262 = CARTESIAN_POINT('',(19.090843378838,26.600149632194));
#11263 = CARTESIAN_POINT('',(19.090843378838,27.466175035979));
#11264 = ( GEOMETRIC_REPRESENTATION_CONTEXT(2) 
PARAMETRIC_REPRESENTATION_CONTEXT() REPRESENTATION_CONTEXT('2D SPACE',''
  ) );
#11265 = PCURVE('',#5841,#11266);
#11266 = DEFINITIONAL_REPRESENTATION('',(#11267),#11271);
#11267 = LINE('',#11268,#11269);
#11268 = CARTESIAN_POINT('',(0.,1.61));
#11269 = VECTOR('',#11270,1.);
#11270 = DIRECTION('',(1.,0.));
#11271 = ( GEOMETRIC_REPRESENTATION_CONTEXT(2) 
PARAMETRIC_REPRESENTATION_CONTEXT() REPRESENTATION_CONTEXT('2D SPACE',''
  ) );
#11272 = FACE_BOUND('',#11273,.F.);
#11273 = EDGE_LOOP('',(#11274));
#11274 = ORIENTED_EDGE('',*,*,#11275,.T.);
#11275 = EDGE_CURVE('',#11276,#11276,#11278,.T.);
#11276 = VERTEX_POINT('',#11277);
#11277 = CARTESIAN_POINT('',(122.14,-60.9,1.6));
#11278 = SURFACE_CURVE('',#11279,(#11284,#11295),.PCURVE_S1.);
#11279 = CIRCLE('',#11280,0.5);
#11280 = AXIS2_PLACEMENT_3D('',#11281,#11282,#11283);
#11281 = CARTESIAN_POINT('',(121.64,-60.9,1.6));
#11282 = DIRECTION('',(0.,0.,1.));
#11283 = DIRECTION('',(1.,0.,-0.));
#11284 = PCURVE('',#90,#11285);
#11285 = DEFINITIONAL_REPRESENTATION('',(#11286),#11294);
#11286 = ( BOUNDED_CURVE() B_SPLINE_CURVE(2,(#11287,#11288,#11289,#11290
    ,#11291,#11292,#11293),.UNSPECIFIED.,.T.,.F.) 
B_SPLINE_CURVE_WITH_KNOTS((1,2,2,2,2,1),(-2.094395102393,0.,
    2.094395102393,4.188790204786,6.28318530718,8.377580409573),
.UNSPECIFIED.) CURVE() GEOMETRIC_REPRESENTATION_ITEM() 
RATIONAL_B_SPLINE_CURVE((1.,0.5,1.,0.5,1.,0.5,1.)) REPRESENTATION_ITEM(
  '') );
#11287 = CARTESIAN_POINT('',(21.630843378838,27.466175035979));
#11288 = CARTESIAN_POINT('',(21.630843378838,28.332200439763));
#11289 = CARTESIAN_POINT('',(22.380843378838,27.899187737871));
#11290 = CARTESIAN_POINT('',(23.130843378838,27.466175035979));
#11291 = CARTESIAN_POINT('',(22.380843378838,27.033162334086));
#11292 = CARTESIAN_POINT('',(21.630843378838,26.600149632194));
#11293 = CARTESIAN_POINT('',(21.630843378838,27.466175035979));
#11294 = ( GEOMETRIC_REPRESENTATION_CONTEXT(2) 
PARAMETRIC_REPRESENTATION_CONTEXT() REPRESENTATION_CONTEXT('2D SPACE',''
  ) );
#11295 = PCURVE('',#5876,#11296);
#11296 = DEFINITIONAL_REPRESENTATION('',(#11297),#11301);
#11297 = LINE('',#11298,#11299);
#11298 = CARTESIAN_POINT('',(0.,1.61));
#11299 = VECTOR('',#11300,1.);
#11300 = DIRECTION('',(1.,0.));
#11301 = ( GEOMETRIC_REPRESENTATION_CONTEXT(2) 
PARAMETRIC_REPRESENTATION_CONTEXT() REPRESENTATION_CONTEXT('2D SPACE',''
  ) );
#11302 = FACE_BOUND('',#11303,.F.);
#11303 = EDGE_LOOP('',(#11304));
#11304 = ORIENTED_EDGE('',*,*,#11305,.T.);
#11305 = EDGE_CURVE('',#11306,#11306,#11308,.T.);
#11306 = VERTEX_POINT('',#11307);
#11307 = CARTESIAN_POINT('',(124.68,-58.36,1.6));
#11308 = SURFACE_CURVE('',#11309,(#11314,#11325),.PCURVE_S1.);
#11309 = CIRCLE('',#11310,0.5);
#11310 = AXIS2_PLACEMENT_3D('',#11311,#11312,#11313);
#11311 = CARTESIAN_POINT('',(124.18,-58.36,1.6));
#11312 = DIRECTION('',(0.,0.,1.));
#11313 = DIRECTION('',(1.,0.,-0.));
#11314 = PCURVE('',#90,#11315);
#11315 = DEFINITIONAL_REPRESENTATION('',(#11316),#11324);
#11316 = ( BOUNDED_CURVE() B_SPLINE_CURVE(2,(#11317,#11318,#11319,#11320
    ,#11321,#11322,#11323),.UNSPECIFIED.,.T.,.F.) 
B_SPLINE_CURVE_WITH_KNOTS((1,2,2,2,2,1),(-2.094395102393,0.,
    2.094395102393,4.188790204786,6.28318530718,8.377580409573),
.UNSPECIFIED.) CURVE() GEOMETRIC_REPRESENTATION_ITEM() 
RATIONAL_B_SPLINE_CURVE((1.,0.5,1.,0.5,1.,0.5,1.)) REPRESENTATION_ITEM(
  '') );
#11317 = CARTESIAN_POINT('',(19.090843378838,30.006175035979));
#11318 = CARTESIAN_POINT('',(19.090843378838,30.872200439763));
#11319 = CARTESIAN_POINT('',(19.840843378838,30.439187737871));
#11320 = CARTESIAN_POINT('',(20.590843378838,30.006175035979));
#11321 = CARTESIAN_POINT('',(19.840843378838,29.573162334086));
#11322 = CARTESIAN_POINT('',(19.090843378838,29.140149632194));
#11323 = CARTESIAN_POINT('',(19.090843378838,30.006175035979));
#11324 = ( GEOMETRIC_REPRESENTATION_CONTEXT(2) 
PARAMETRIC_REPRESENTATION_CONTEXT() REPRESENTATION_CONTEXT('2D SPACE',''
  ) );
#11325 = PCURVE('',#5911,#11326);
#11326 = DEFINITIONAL_REPRESENTATION('',(#11327),#11331);
#11327 = LINE('',#11328,#11329);
#11328 = CARTESIAN_POINT('',(0.,1.61));
#11329 = VECTOR('',#11330,1.);
#11330 = DIRECTION('',(1.,0.));
#11331 = ( GEOMETRIC_REPRESENTATION_CONTEXT(2) 
PARAMETRIC_REPRESENTATION_CONTEXT() REPRESENTATION_CONTEXT('2D SPACE',''
  ) );
#11332 = FACE_BOUND('',#11333,.F.);
#11333 = EDGE_LOOP('',(#11334));
#11334 = ORIENTED_EDGE('',*,*,#11335,.T.);
#11335 = EDGE_CURVE('',#11336,#11336,#11338,.T.);
#11336 = VERTEX_POINT('',#11337);
#11337 = CARTESIAN_POINT('',(122.14,-58.36,1.6));
#11338 = SURFACE_CURVE('',#11339,(#11344,#11355),.PCURVE_S1.);
#11339 = CIRCLE('',#11340,0.5);
#11340 = AXIS2_PLACEMENT_3D('',#11341,#11342,#11343);
#11341 = CARTESIAN_POINT('',(121.64,-58.36,1.6));
#11342 = DIRECTION('',(0.,0.,1.));
#11343 = DIRECTION('',(1.,0.,-0.));
#11344 = PCURVE('',#90,#11345);
#11345 = DEFINITIONAL_REPRESENTATION('',(#11346),#11354);
#11346 = ( BOUNDED_CURVE() B_SPLINE_CURVE(2,(#11347,#11348,#11349,#11350
    ,#11351,#11352,#11353),.UNSPECIFIED.,.T.,.F.) 
B_SPLINE_CURVE_WITH_KNOTS((1,2,2,2,2,1),(-2.094395102393,0.,
    2.094395102393,4.188790204786,6.28318530718,8.377580409573),
.UNSPECIFIED.) CURVE() GEOMETRIC_REPRESENTATION_ITEM() 
RATIONAL_B_SPLINE_CURVE((1.,0.5,1.,0.5,1.,0.5,1.)) REPRESENTATION_ITEM(
  '') );
#11347 = CARTESIAN_POINT('',(21.630843378838,30.006175035979));
#11348 = CARTESIAN_POINT('',(21.630843378838,30.872200439763));
#11349 = CARTESIAN_POINT('',(22.380843378838,30.439187737871));
#11350 = CARTESIAN_POINT('',(23.130843378838,30.006175035979));
#11351 = CARTESIAN_POINT('',(22.380843378838,29.573162334086));
#11352 = CARTESIAN_POINT('',(21.630843378838,29.140149632194));
#11353 = CARTESIAN_POINT('',(21.630843378838,30.006175035979));
#11354 = ( GEOMETRIC_REPRESENTATION_CONTEXT(2) 
PARAMETRIC_REPRESENTATION_CONTEXT() REPRESENTATION_CONTEXT('2D SPACE',''
  ) );
#11355 = PCURVE('',#5946,#11356);
#11356 = DEFINITIONAL_REPRESENTATION('',(#11357),#11361);
#11357 = LINE('',#11358,#11359);
#11358 = CARTESIAN_POINT('',(0.,1.61));
#11359 = VECTOR('',#11360,1.);
#11360 = DIRECTION('',(1.,0.));
#11361 = ( GEOMETRIC_REPRESENTATION_CONTEXT(2) 
PARAMETRIC_REPRESENTATION_CONTEXT() REPRESENTATION_CONTEXT('2D SPACE',''
  ) );
#11362 = FACE_BOUND('',#11363,.F.);
#11363 = EDGE_LOOP('',(#11364));
#11364 = ORIENTED_EDGE('',*,*,#11365,.T.);
#11365 = EDGE_CURVE('',#11366,#11366,#11368,.T.);
#11366 = VERTEX_POINT('',#11367);
#11367 = CARTESIAN_POINT('',(129.76,-55.82,1.6));
#11368 = SURFACE_CURVE('',#11369,(#11374,#11385),.PCURVE_S1.);
#11369 = CIRCLE('',#11370,0.5);
#11370 = AXIS2_PLACEMENT_3D('',#11371,#11372,#11373);
#11371 = CARTESIAN_POINT('',(129.26,-55.82,1.6));
#11372 = DIRECTION('',(0.,0.,1.));
#11373 = DIRECTION('',(1.,0.,-0.));
#11374 = PCURVE('',#90,#11375);
#11375 = DEFINITIONAL_REPRESENTATION('',(#11376),#11384);
#11376 = ( BOUNDED_CURVE() B_SPLINE_CURVE(2,(#11377,#11378,#11379,#11380
    ,#11381,#11382,#11383),.UNSPECIFIED.,.T.,.F.) 
B_SPLINE_CURVE_WITH_KNOTS((1,2,2,2,2,1),(-2.094395102393,0.,
    2.094395102393,4.188790204786,6.28318530718,8.377580409573),
.UNSPECIFIED.) CURVE() GEOMETRIC_REPRESENTATION_ITEM() 
RATIONAL_B_SPLINE_CURVE((1.,0.5,1.,0.5,1.,0.5,1.)) REPRESENTATION_ITEM(
  '') );
#11377 = CARTESIAN_POINT('',(14.010843378838,32.546175035979));
#11378 = CARTESIAN_POINT('',(14.010843378838,33.412200439763));
#11379 = CARTESIAN_POINT('',(14.760843378838,32.979187737871));
#11380 = CARTESIAN_POINT('',(15.510843378838,32.546175035979));
#11381 = CARTESIAN_POINT('',(14.760843378838,32.113162334086));
#11382 = CARTESIAN_POINT('',(14.010843378838,31.680149632194));
#11383 = CARTESIAN_POINT('',(14.010843378838,32.546175035979));
#11384 = ( GEOMETRIC_REPRESENTATION_CONTEXT(2) 
PARAMETRIC_REPRESENTATION_CONTEXT() REPRESENTATION_CONTEXT('2D SPACE',''
  ) );
#11385 = PCURVE('',#5981,#11386);
#11386 = DEFINITIONAL_REPRESENTATION('',(#11387),#11391);
#11387 = LINE('',#11388,#11389);
#11388 = CARTESIAN_POINT('',(0.,1.61));
#11389 = VECTOR('',#11390,1.);
#11390 = DIRECTION('',(1.,0.));
#11391 = ( GEOMETRIC_REPRESENTATION_CONTEXT(2) 
PARAMETRIC_REPRESENTATION_CONTEXT() REPRESENTATION_CONTEXT('2D SPACE',''
  ) );
#11392 = FACE_BOUND('',#11393,.F.);
#11393 = EDGE_LOOP('',(#11394));
#11394 = ORIENTED_EDGE('',*,*,#11395,.T.);
#11395 = EDGE_CURVE('',#11396,#11396,#11398,.T.);
#11396 = VERTEX_POINT('',#11397);
#11397 = CARTESIAN_POINT('',(127.22,-55.82,1.6));
#11398 = SURFACE_CURVE('',#11399,(#11404,#11415),.PCURVE_S1.);
#11399 = CIRCLE('',#11400,0.5);
#11400 = AXIS2_PLACEMENT_3D('',#11401,#11402,#11403);
#11401 = CARTESIAN_POINT('',(126.72,-55.82,1.6));
#11402 = DIRECTION('',(0.,0.,1.));
#11403 = DIRECTION('',(1.,0.,-0.));
#11404 = PCURVE('',#90,#11405);
#11405 = DEFINITIONAL_REPRESENTATION('',(#11406),#11414);
#11406 = ( BOUNDED_CURVE() B_SPLINE_CURVE(2,(#11407,#11408,#11409,#11410
    ,#11411,#11412,#11413),.UNSPECIFIED.,.T.,.F.) 
B_SPLINE_CURVE_WITH_KNOTS((1,2,2,2,2,1),(-2.094395102393,0.,
    2.094395102393,4.188790204786,6.28318530718,8.377580409573),
.UNSPECIFIED.) CURVE() GEOMETRIC_REPRESENTATION_ITEM() 
RATIONAL_B_SPLINE_CURVE((1.,0.5,1.,0.5,1.,0.5,1.)) REPRESENTATION_ITEM(
  '') );
#11407 = CARTESIAN_POINT('',(16.550843378838,32.546175035979));
#11408 = CARTESIAN_POINT('',(16.550843378838,33.412200439763));
#11409 = CARTESIAN_POINT('',(17.300843378838,32.979187737871));
#11410 = CARTESIAN_POINT('',(18.050843378838,32.546175035979));
#11411 = CARTESIAN_POINT('',(17.300843378838,32.113162334086));
#11412 = CARTESIAN_POINT('',(16.550843378838,31.680149632194));
#11413 = CARTESIAN_POINT('',(16.550843378838,32.546175035979));
#11414 = ( GEOMETRIC_REPRESENTATION_CONTEXT(2) 
PARAMETRIC_REPRESENTATION_CONTEXT() REPRESENTATION_CONTEXT('2D SPACE',''
  ) );
#11415 = PCURVE('',#6016,#11416);
#11416 = DEFINITIONAL_REPRESENTATION('',(#11417),#11421);
#11417 = LINE('',#11418,#11419);
#11418 = CARTESIAN_POINT('',(0.,1.61));
#11419 = VECTOR('',#11420,1.);
#11420 = DIRECTION('',(1.,0.));
#11421 = ( GEOMETRIC_REPRESENTATION_CONTEXT(2) 
PARAMETRIC_REPRESENTATION_CONTEXT() REPRESENTATION_CONTEXT('2D SPACE',''
  ) );
#11422 = FACE_BOUND('',#11423,.F.);
#11423 = EDGE_LOOP('',(#11424));
#11424 = ORIENTED_EDGE('',*,*,#11425,.T.);
#11425 = EDGE_CURVE('',#11426,#11426,#11428,.T.);
#11426 = VERTEX_POINT('',#11427);
#11427 = CARTESIAN_POINT('',(129.76,-53.28,1.6));
#11428 = SURFACE_CURVE('',#11429,(#11434,#11445),.PCURVE_S1.);
#11429 = CIRCLE('',#11430,0.5);
#11430 = AXIS2_PLACEMENT_3D('',#11431,#11432,#11433);
#11431 = CARTESIAN_POINT('',(129.26,-53.28,1.6));
#11432 = DIRECTION('',(0.,0.,1.));
#11433 = DIRECTION('',(1.,0.,-0.));
#11434 = PCURVE('',#90,#11435);
#11435 = DEFINITIONAL_REPRESENTATION('',(#11436),#11444);
#11436 = ( BOUNDED_CURVE() B_SPLINE_CURVE(2,(#11437,#11438,#11439,#11440
    ,#11441,#11442,#11443),.UNSPECIFIED.,.T.,.F.) 
B_SPLINE_CURVE_WITH_KNOTS((1,2,2,2,2,1),(-2.094395102393,0.,
    2.094395102393,4.188790204786,6.28318530718,8.377580409573),
.UNSPECIFIED.) CURVE() GEOMETRIC_REPRESENTATION_ITEM() 
RATIONAL_B_SPLINE_CURVE((1.,0.5,1.,0.5,1.,0.5,1.)) REPRESENTATION_ITEM(
  '') );
#11437 = CARTESIAN_POINT('',(14.010843378838,35.086175035979));
#11438 = CARTESIAN_POINT('',(14.010843378838,35.952200439763));
#11439 = CARTESIAN_POINT('',(14.760843378838,35.519187737871));
#11440 = CARTESIAN_POINT('',(15.510843378838,35.086175035979));
#11441 = CARTESIAN_POINT('',(14.760843378838,34.653162334086));
#11442 = CARTESIAN_POINT('',(14.010843378838,34.220149632194));
#11443 = CARTESIAN_POINT('',(14.010843378838,35.086175035979));
#11444 = ( GEOMETRIC_REPRESENTATION_CONTEXT(2) 
PARAMETRIC_REPRESENTATION_CONTEXT() REPRESENTATION_CONTEXT('2D SPACE',''
  ) );
#11445 = PCURVE('',#6051,#11446);
#11446 = DEFINITIONAL_REPRESENTATION('',(#11447),#11451);
#11447 = LINE('',#11448,#11449);
#11448 = CARTESIAN_POINT('',(0.,1.61));
#11449 = VECTOR('',#11450,1.);
#11450 = DIRECTION('',(1.,0.));
#11451 = ( GEOMETRIC_REPRESENTATION_CONTEXT(2) 
PARAMETRIC_REPRESENTATION_CONTEXT() REPRESENTATION_CONTEXT('2D SPACE',''
  ) );
#11452 = FACE_BOUND('',#11453,.F.);
#11453 = EDGE_LOOP('',(#11454));
#11454 = ORIENTED_EDGE('',*,*,#11455,.T.);
#11455 = EDGE_CURVE('',#11456,#11456,#11458,.T.);
#11456 = VERTEX_POINT('',#11457);
#11457 = CARTESIAN_POINT('',(127.22,-53.28,1.6));
#11458 = SURFACE_CURVE('',#11459,(#11464,#11475),.PCURVE_S1.);
#11459 = CIRCLE('',#11460,0.5);
#11460 = AXIS2_PLACEMENT_3D('',#11461,#11462,#11463);
#11461 = CARTESIAN_POINT('',(126.72,-53.28,1.6));
#11462 = DIRECTION('',(0.,0.,1.));
#11463 = DIRECTION('',(1.,0.,-0.));
#11464 = PCURVE('',#90,#11465);
#11465 = DEFINITIONAL_REPRESENTATION('',(#11466),#11474);
#11466 = ( BOUNDED_CURVE() B_SPLINE_CURVE(2,(#11467,#11468,#11469,#11470
    ,#11471,#11472,#11473),.UNSPECIFIED.,.T.,.F.) 
B_SPLINE_CURVE_WITH_KNOTS((1,2,2,2,2,1),(-2.094395102393,0.,
    2.094395102393,4.188790204786,6.28318530718,8.377580409573),
.UNSPECIFIED.) CURVE() GEOMETRIC_REPRESENTATION_ITEM() 
RATIONAL_B_SPLINE_CURVE((1.,0.5,1.,0.5,1.,0.5,1.)) REPRESENTATION_ITEM(
  '') );
#11467 = CARTESIAN_POINT('',(16.550843378838,35.086175035979));
#11468 = CARTESIAN_POINT('',(16.550843378838,35.952200439763));
#11469 = CARTESIAN_POINT('',(17.300843378838,35.519187737871));
#11470 = CARTESIAN_POINT('',(18.050843378838,35.086175035979));
#11471 = CARTESIAN_POINT('',(17.300843378838,34.653162334086));
#11472 = CARTESIAN_POINT('',(16.550843378838,34.220149632194));
#11473 = CARTESIAN_POINT('',(16.550843378838,35.086175035979));
#11474 = ( GEOMETRIC_REPRESENTATION_CONTEXT(2) 
PARAMETRIC_REPRESENTATION_CONTEXT() REPRESENTATION_CONTEXT('2D SPACE',''
  ) );
#11475 = PCURVE('',#6086,#11476);
#11476 = DEFINITIONAL_REPRESENTATION('',(#11477),#11481);
#11477 = LINE('',#11478,#11479);
#11478 = CARTESIAN_POINT('',(0.,1.61));
#11479 = VECTOR('',#11480,1.);
#11480 = DIRECTION('',(1.,0.));
#11481 = ( GEOMETRIC_REPRESENTATION_CONTEXT(2) 
PARAMETRIC_REPRESENTATION_CONTEXT() REPRESENTATION_CONTEXT('2D SPACE',''
  ) );
#11482 = FACE_BOUND('',#11483,.F.);
#11483 = EDGE_LOOP('',(#11484));
#11484 = ORIENTED_EDGE('',*,*,#11485,.T.);
#11485 = EDGE_CURVE('',#11486,#11486,#11488,.T.);
#11486 = VERTEX_POINT('',#11487);
#11487 = CARTESIAN_POINT('',(124.68,-55.82,1.6));
#11488 = SURFACE_CURVE('',#11489,(#11494,#11505),.PCURVE_S1.);
#11489 = CIRCLE('',#11490,0.5);
#11490 = AXIS2_PLACEMENT_3D('',#11491,#11492,#11493);
#11491 = CARTESIAN_POINT('',(124.18,-55.82,1.6));
#11492 = DIRECTION('',(0.,0.,1.));
#11493 = DIRECTION('',(1.,0.,-0.));
#11494 = PCURVE('',#90,#11495);
#11495 = DEFINITIONAL_REPRESENTATION('',(#11496),#11504);
#11496 = ( BOUNDED_CURVE() B_SPLINE_CURVE(2,(#11497,#11498,#11499,#11500
    ,#11501,#11502,#11503),.UNSPECIFIED.,.T.,.F.) 
B_SPLINE_CURVE_WITH_KNOTS((1,2,2,2,2,1),(-2.094395102393,0.,
    2.094395102393,4.188790204786,6.28318530718,8.377580409573),
.UNSPECIFIED.) CURVE() GEOMETRIC_REPRESENTATION_ITEM() 
RATIONAL_B_SPLINE_CURVE((1.,0.5,1.,0.5,1.,0.5,1.)) REPRESENTATION_ITEM(
  '') );
#11497 = CARTESIAN_POINT('',(19.090843378838,32.546175035979));
#11498 = CARTESIAN_POINT('',(19.090843378838,33.412200439763));
#11499 = CARTESIAN_POINT('',(19.840843378838,32.979187737871));
#11500 = CARTESIAN_POINT('',(20.590843378838,32.546175035979));
#11501 = CARTESIAN_POINT('',(19.840843378838,32.113162334086));
#11502 = CARTESIAN_POINT('',(19.090843378838,31.680149632194));
#11503 = CARTESIAN_POINT('',(19.090843378838,32.546175035979));
#11504 = ( GEOMETRIC_REPRESENTATION_CONTEXT(2) 
PARAMETRIC_REPRESENTATION_CONTEXT() REPRESENTATION_CONTEXT('2D SPACE',''
  ) );
#11505 = PCURVE('',#6121,#11506);
#11506 = DEFINITIONAL_REPRESENTATION('',(#11507),#11511);
#11507 = LINE('',#11508,#11509);
#11508 = CARTESIAN_POINT('',(0.,1.61));
#11509 = VECTOR('',#11510,1.);
#11510 = DIRECTION('',(1.,0.));
#11511 = ( GEOMETRIC_REPRESENTATION_CONTEXT(2) 
PARAMETRIC_REPRESENTATION_CONTEXT() REPRESENTATION_CONTEXT('2D SPACE',''
  ) );
#11512 = FACE_BOUND('',#11513,.F.);
#11513 = EDGE_LOOP('',(#11514));
#11514 = ORIENTED_EDGE('',*,*,#11515,.T.);
#11515 = EDGE_CURVE('',#11516,#11516,#11518,.T.);
#11516 = VERTEX_POINT('',#11517);
#11517 = CARTESIAN_POINT('',(122.14,-55.82,1.6));
#11518 = SURFACE_CURVE('',#11519,(#11524,#11535),.PCURVE_S1.);
#11519 = CIRCLE('',#11520,0.5);
#11520 = AXIS2_PLACEMENT_3D('',#11521,#11522,#11523);
#11521 = CARTESIAN_POINT('',(121.64,-55.82,1.6));
#11522 = DIRECTION('',(0.,0.,1.));
#11523 = DIRECTION('',(1.,0.,-0.));
#11524 = PCURVE('',#90,#11525);
#11525 = DEFINITIONAL_REPRESENTATION('',(#11526),#11534);
#11526 = ( BOUNDED_CURVE() B_SPLINE_CURVE(2,(#11527,#11528,#11529,#11530
    ,#11531,#11532,#11533),.UNSPECIFIED.,.T.,.F.) 
B_SPLINE_CURVE_WITH_KNOTS((1,2,2,2,2,1),(-2.094395102393,0.,
    2.094395102393,4.188790204786,6.28318530718,8.377580409573),
.UNSPECIFIED.) CURVE() GEOMETRIC_REPRESENTATION_ITEM() 
RATIONAL_B_SPLINE_CURVE((1.,0.5,1.,0.5,1.,0.5,1.)) REPRESENTATION_ITEM(
  '') );
#11527 = CARTESIAN_POINT('',(21.630843378838,32.546175035979));
#11528 = CARTESIAN_POINT('',(21.630843378838,33.412200439763));
#11529 = CARTESIAN_POINT('',(22.380843378838,32.979187737871));
#11530 = CARTESIAN_POINT('',(23.130843378838,32.546175035979));
#11531 = CARTESIAN_POINT('',(22.380843378838,32.113162334086));
#11532 = CARTESIAN_POINT('',(21.630843378838,31.680149632194));
#11533 = CARTESIAN_POINT('',(21.630843378838,32.546175035979));
#11534 = ( GEOMETRIC_REPRESENTATION_CONTEXT(2) 
PARAMETRIC_REPRESENTATION_CONTEXT() REPRESENTATION_CONTEXT('2D SPACE',''
  ) );
#11535 = PCURVE('',#6156,#11536);
#11536 = DEFINITIONAL_REPRESENTATION('',(#11537),#11541);
#11537 = LINE('',#11538,#11539);
#11538 = CARTESIAN_POINT('',(0.,1.61));
#11539 = VECTOR('',#11540,1.);
#11540 = DIRECTION('',(1.,0.));
#11541 = ( GEOMETRIC_REPRESENTATION_CONTEXT(2) 
PARAMETRIC_REPRESENTATION_CONTEXT() REPRESENTATION_CONTEXT('2D SPACE',''
  ) );
#11542 = FACE_BOUND('',#11543,.F.);
#11543 = EDGE_LOOP('',(#11544));
#11544 = ORIENTED_EDGE('',*,*,#11545,.T.);
#11545 = EDGE_CURVE('',#11546,#11546,#11548,.T.);
#11546 = VERTEX_POINT('',#11547);
#11547 = CARTESIAN_POINT('',(124.68,-53.28,1.6));
#11548 = SURFACE_CURVE('',#11549,(#11554,#11565),.PCURVE_S1.);
#11549 = CIRCLE('',#11550,0.5);
#11550 = AXIS2_PLACEMENT_3D('',#11551,#11552,#11553);
#11551 = CARTESIAN_POINT('',(124.18,-53.28,1.6));
#11552 = DIRECTION('',(0.,0.,1.));
#11553 = DIRECTION('',(1.,0.,-0.));
#11554 = PCURVE('',#90,#11555);
#11555 = DEFINITIONAL_REPRESENTATION('',(#11556),#11564);
#11556 = ( BOUNDED_CURVE() B_SPLINE_CURVE(2,(#11557,#11558,#11559,#11560
    ,#11561,#11562,#11563),.UNSPECIFIED.,.T.,.F.) 
B_SPLINE_CURVE_WITH_KNOTS((1,2,2,2,2,1),(-2.094395102393,0.,
    2.094395102393,4.188790204786,6.28318530718,8.377580409573),
.UNSPECIFIED.) CURVE() GEOMETRIC_REPRESENTATION_ITEM() 
RATIONAL_B_SPLINE_CURVE((1.,0.5,1.,0.5,1.,0.5,1.)) REPRESENTATION_ITEM(
  '') );
#11557 = CARTESIAN_POINT('',(19.090843378838,35.086175035979));
#11558 = CARTESIAN_POINT('',(19.090843378838,35.952200439763));
#11559 = CARTESIAN_POINT('',(19.840843378838,35.519187737871));
#11560 = CARTESIAN_POINT('',(20.590843378838,35.086175035979));
#11561 = CARTESIAN_POINT('',(19.840843378838,34.653162334086));
#11562 = CARTESIAN_POINT('',(19.090843378838,34.220149632194));
#11563 = CARTESIAN_POINT('',(19.090843378838,35.086175035979));
#11564 = ( GEOMETRIC_REPRESENTATION_CONTEXT(2) 
PARAMETRIC_REPRESENTATION_CONTEXT() REPRESENTATION_CONTEXT('2D SPACE',''
  ) );
#11565 = PCURVE('',#6191,#11566);
#11566 = DEFINITIONAL_REPRESENTATION('',(#11567),#11571);
#11567 = LINE('',#11568,#11569);
#11568 = CARTESIAN_POINT('',(0.,1.61));
#11569 = VECTOR('',#11570,1.);
#11570 = DIRECTION('',(1.,0.));
#11571 = ( GEOMETRIC_REPRESENTATION_CONTEXT(2) 
PARAMETRIC_REPRESENTATION_CONTEXT() REPRESENTATION_CONTEXT('2D SPACE',''
  ) );
#11572 = FACE_BOUND('',#11573,.F.);
#11573 = EDGE_LOOP('',(#11574));
#11574 = ORIENTED_EDGE('',*,*,#11575,.T.);
#11575 = EDGE_CURVE('',#11576,#11576,#11578,.T.);
#11576 = VERTEX_POINT('',#11577);
#11577 = CARTESIAN_POINT('',(122.14,-53.28,1.6));
#11578 = SURFACE_CURVE('',#11579,(#11584,#11595),.PCURVE_S1.);
#11579 = CIRCLE('',#11580,0.5);
#11580 = AXIS2_PLACEMENT_3D('',#11581,#11582,#11583);
#11581 = CARTESIAN_POINT('',(121.64,-53.28,1.6));
#11582 = DIRECTION('',(0.,0.,1.));
#11583 = DIRECTION('',(1.,0.,-0.));
#11584 = PCURVE('',#90,#11585);
#11585 = DEFINITIONAL_REPRESENTATION('',(#11586),#11594);
#11586 = ( BOUNDED_CURVE() B_SPLINE_CURVE(2,(#11587,#11588,#11589,#11590
    ,#11591,#11592,#11593),.UNSPECIFIED.,.T.,.F.) 
B_SPLINE_CURVE_WITH_KNOTS((1,2,2,2,2,1),(-2.094395102393,0.,
    2.094395102393,4.188790204786,6.28318530718,8.377580409573),
.UNSPECIFIED.) CURVE() GEOMETRIC_REPRESENTATION_ITEM() 
RATIONAL_B_SPLINE_CURVE((1.,0.5,1.,0.5,1.,0.5,1.)) REPRESENTATION_ITEM(
  '') );
#11587 = CARTESIAN_POINT('',(21.630843378838,35.086175035979));
#11588 = CARTESIAN_POINT('',(21.630843378838,35.952200439763));
#11589 = CARTESIAN_POINT('',(22.380843378838,35.519187737871));
#11590 = CARTESIAN_POINT('',(23.130843378838,35.086175035979));
#11591 = CARTESIAN_POINT('',(22.380843378838,34.653162334086));
#11592 = CARTESIAN_POINT('',(21.630843378838,34.220149632194));
#11593 = CARTESIAN_POINT('',(21.630843378838,35.086175035979));
#11594 = ( GEOMETRIC_REPRESENTATION_CONTEXT(2) 
PARAMETRIC_REPRESENTATION_CONTEXT() REPRESENTATION_CONTEXT('2D SPACE',''
  ) );
#11595 = PCURVE('',#6226,#11596);
#11596 = DEFINITIONAL_REPRESENTATION('',(#11597),#11601);
#11597 = LINE('',#11598,#11599);
#11598 = CARTESIAN_POINT('',(0.,1.61));
#11599 = VECTOR('',#11600,1.);
#11600 = DIRECTION('',(1.,0.));
#11601 = ( GEOMETRIC_REPRESENTATION_CONTEXT(2) 
PARAMETRIC_REPRESENTATION_CONTEXT() REPRESENTATION_CONTEXT('2D SPACE',''
  ) );
#11602 = FACE_BOUND('',#11603,.F.);
#11603 = EDGE_LOOP('',(#11604));
#11604 = ORIENTED_EDGE('',*,*,#11605,.T.);
#11605 = EDGE_CURVE('',#11606,#11606,#11608,.T.);
#11606 = VERTEX_POINT('',#11607);
#11607 = CARTESIAN_POINT('',(119.6,-60.9,1.6));
#11608 = SURFACE_CURVE('',#11609,(#11614,#11625),.PCURVE_S1.);
#11609 = CIRCLE('',#11610,0.5);
#11610 = AXIS2_PLACEMENT_3D('',#11611,#11612,#11613);
#11611 = CARTESIAN_POINT('',(119.1,-60.9,1.6));
#11612 = DIRECTION('',(0.,0.,1.));
#11613 = DIRECTION('',(1.,0.,-0.));
#11614 = PCURVE('',#90,#11615);
#11615 = DEFINITIONAL_REPRESENTATION('',(#11616),#11624);
#11616 = ( BOUNDED_CURVE() B_SPLINE_CURVE(2,(#11617,#11618,#11619,#11620
    ,#11621,#11622,#11623),.UNSPECIFIED.,.T.,.F.) 
B_SPLINE_CURVE_WITH_KNOTS((1,2,2,2,2,1),(-2.094395102393,0.,
    2.094395102393,4.188790204786,6.28318530718,8.377580409573),
.UNSPECIFIED.) CURVE() GEOMETRIC_REPRESENTATION_ITEM() 
RATIONAL_B_SPLINE_CURVE((1.,0.5,1.,0.5,1.,0.5,1.)) REPRESENTATION_ITEM(
  '') );
#11617 = CARTESIAN_POINT('',(24.170843378838,27.466175035979));
#11618 = CARTESIAN_POINT('',(24.170843378838,28.332200439763));
#11619 = CARTESIAN_POINT('',(24.920843378838,27.899187737871));
#11620 = CARTESIAN_POINT('',(25.670843378838,27.466175035979));
#11621 = CARTESIAN_POINT('',(24.920843378838,27.033162334086));
#11622 = CARTESIAN_POINT('',(24.170843378838,26.600149632194));
#11623 = CARTESIAN_POINT('',(24.170843378838,27.466175035979));
#11624 = ( GEOMETRIC_REPRESENTATION_CONTEXT(2) 
PARAMETRIC_REPRESENTATION_CONTEXT() REPRESENTATION_CONTEXT('2D SPACE',''
  ) );
#11625 = PCURVE('',#6261,#11626);
#11626 = DEFINITIONAL_REPRESENTATION('',(#11627),#11631);
#11627 = LINE('',#11628,#11629);
#11628 = CARTESIAN_POINT('',(0.,1.61));
#11629 = VECTOR('',#11630,1.);
#11630 = DIRECTION('',(1.,0.));
#11631 = ( GEOMETRIC_REPRESENTATION_CONTEXT(2) 
PARAMETRIC_REPRESENTATION_CONTEXT() REPRESENTATION_CONTEXT('2D SPACE',''
  ) );
#11632 = FACE_BOUND('',#11633,.F.);
#11633 = EDGE_LOOP('',(#11634));
#11634 = ORIENTED_EDGE('',*,*,#11635,.T.);
#11635 = EDGE_CURVE('',#11636,#11636,#11638,.T.);
#11636 = VERTEX_POINT('',#11637);
#11637 = CARTESIAN_POINT('',(117.06,-60.9,1.6));
#11638 = SURFACE_CURVE('',#11639,(#11644,#11655),.PCURVE_S1.);
#11639 = CIRCLE('',#11640,0.5);
#11640 = AXIS2_PLACEMENT_3D('',#11641,#11642,#11643);
#11641 = CARTESIAN_POINT('',(116.56,-60.9,1.6));
#11642 = DIRECTION('',(0.,0.,1.));
#11643 = DIRECTION('',(1.,0.,-0.));
#11644 = PCURVE('',#90,#11645);
#11645 = DEFINITIONAL_REPRESENTATION('',(#11646),#11654);
#11646 = ( BOUNDED_CURVE() B_SPLINE_CURVE(2,(#11647,#11648,#11649,#11650
    ,#11651,#11652,#11653),.UNSPECIFIED.,.T.,.F.) 
B_SPLINE_CURVE_WITH_KNOTS((1,2,2,2,2,1),(-2.094395102393,0.,
    2.094395102393,4.188790204786,6.28318530718,8.377580409573),
.UNSPECIFIED.) CURVE() GEOMETRIC_REPRESENTATION_ITEM() 
RATIONAL_B_SPLINE_CURVE((1.,0.5,1.,0.5,1.,0.5,1.)) REPRESENTATION_ITEM(
  '') );
#11647 = CARTESIAN_POINT('',(26.710843378838,27.466175035979));
#11648 = CARTESIAN_POINT('',(26.710843378838,28.332200439763));
#11649 = CARTESIAN_POINT('',(27.460843378838,27.899187737871));
#11650 = CARTESIAN_POINT('',(28.210843378838,27.466175035979));
#11651 = CARTESIAN_POINT('',(27.460843378838,27.033162334086));
#11652 = CARTESIAN_POINT('',(26.710843378838,26.600149632194));
#11653 = CARTESIAN_POINT('',(26.710843378838,27.466175035979));
#11654 = ( GEOMETRIC_REPRESENTATION_CONTEXT(2) 
PARAMETRIC_REPRESENTATION_CONTEXT() REPRESENTATION_CONTEXT('2D SPACE',''
  ) );
#11655 = PCURVE('',#6296,#11656);
#11656 = DEFINITIONAL_REPRESENTATION('',(#11657),#11661);
#11657 = LINE('',#11658,#11659);
#11658 = CARTESIAN_POINT('',(0.,1.61));
#11659 = VECTOR('',#11660,1.);
#11660 = DIRECTION('',(1.,0.));
#11661 = ( GEOMETRIC_REPRESENTATION_CONTEXT(2) 
PARAMETRIC_REPRESENTATION_CONTEXT() REPRESENTATION_CONTEXT('2D SPACE',''
  ) );
#11662 = FACE_BOUND('',#11663,.F.);
#11663 = EDGE_LOOP('',(#11664));
#11664 = ORIENTED_EDGE('',*,*,#11665,.T.);
#11665 = EDGE_CURVE('',#11666,#11666,#11668,.T.);
#11666 = VERTEX_POINT('',#11667);
#11667 = CARTESIAN_POINT('',(119.6,-58.36,1.6));
#11668 = SURFACE_CURVE('',#11669,(#11674,#11685),.PCURVE_S1.);
#11669 = CIRCLE('',#11670,0.5);
#11670 = AXIS2_PLACEMENT_3D('',#11671,#11672,#11673);
#11671 = CARTESIAN_POINT('',(119.1,-58.36,1.6));
#11672 = DIRECTION('',(0.,0.,1.));
#11673 = DIRECTION('',(1.,0.,-0.));
#11674 = PCURVE('',#90,#11675);
#11675 = DEFINITIONAL_REPRESENTATION('',(#11676),#11684);
#11676 = ( BOUNDED_CURVE() B_SPLINE_CURVE(2,(#11677,#11678,#11679,#11680
    ,#11681,#11682,#11683),.UNSPECIFIED.,.T.,.F.) 
B_SPLINE_CURVE_WITH_KNOTS((1,2,2,2,2,1),(-2.094395102393,0.,
    2.094395102393,4.188790204786,6.28318530718,8.377580409573),
.UNSPECIFIED.) CURVE() GEOMETRIC_REPRESENTATION_ITEM() 
RATIONAL_B_SPLINE_CURVE((1.,0.5,1.,0.5,1.,0.5,1.)) REPRESENTATION_ITEM(
  '') );
#11677 = CARTESIAN_POINT('',(24.170843378838,30.006175035979));
#11678 = CARTESIAN_POINT('',(24.170843378838,30.872200439763));
#11679 = CARTESIAN_POINT('',(24.920843378838,30.439187737871));
#11680 = CARTESIAN_POINT('',(25.670843378838,30.006175035979));
#11681 = CARTESIAN_POINT('',(24.920843378838,29.573162334086));
#11682 = CARTESIAN_POINT('',(24.170843378838,29.140149632194));
#11683 = CARTESIAN_POINT('',(24.170843378838,30.006175035979));
#11684 = ( GEOMETRIC_REPRESENTATION_CONTEXT(2) 
PARAMETRIC_REPRESENTATION_CONTEXT() REPRESENTATION_CONTEXT('2D SPACE',''
  ) );
#11685 = PCURVE('',#6331,#11686);
#11686 = DEFINITIONAL_REPRESENTATION('',(#11687),#11691);
#11687 = LINE('',#11688,#11689);
#11688 = CARTESIAN_POINT('',(0.,1.61));
#11689 = VECTOR('',#11690,1.);
#11690 = DIRECTION('',(1.,0.));
#11691 = ( GEOMETRIC_REPRESENTATION_CONTEXT(2) 
PARAMETRIC_REPRESENTATION_CONTEXT() REPRESENTATION_CONTEXT('2D SPACE',''
  ) );
#11692 = FACE_BOUND('',#11693,.F.);
#11693 = EDGE_LOOP('',(#11694));
#11694 = ORIENTED_EDGE('',*,*,#11695,.T.);
#11695 = EDGE_CURVE('',#11696,#11696,#11698,.T.);
#11696 = VERTEX_POINT('',#11697);
#11697 = CARTESIAN_POINT('',(117.06,-58.36,1.6));
#11698 = SURFACE_CURVE('',#11699,(#11704,#11715),.PCURVE_S1.);
#11699 = CIRCLE('',#11700,0.5);
#11700 = AXIS2_PLACEMENT_3D('',#11701,#11702,#11703);
#11701 = CARTESIAN_POINT('',(116.56,-58.36,1.6));
#11702 = DIRECTION('',(0.,0.,1.));
#11703 = DIRECTION('',(1.,0.,-0.));
#11704 = PCURVE('',#90,#11705);
#11705 = DEFINITIONAL_REPRESENTATION('',(#11706),#11714);
#11706 = ( BOUNDED_CURVE() B_SPLINE_CURVE(2,(#11707,#11708,#11709,#11710
    ,#11711,#11712,#11713),.UNSPECIFIED.,.T.,.F.) 
B_SPLINE_CURVE_WITH_KNOTS((1,2,2,2,2,1),(-2.094395102393,0.,
    2.094395102393,4.188790204786,6.28318530718,8.377580409573),
.UNSPECIFIED.) CURVE() GEOMETRIC_REPRESENTATION_ITEM() 
RATIONAL_B_SPLINE_CURVE((1.,0.5,1.,0.5,1.,0.5,1.)) REPRESENTATION_ITEM(
  '') );
#11707 = CARTESIAN_POINT('',(26.710843378838,30.006175035979));
#11708 = CARTESIAN_POINT('',(26.710843378838,30.872200439763));
#11709 = CARTESIAN_POINT('',(27.460843378838,30.439187737871));
#11710 = CARTESIAN_POINT('',(28.210843378838,30.006175035979));
#11711 = CARTESIAN_POINT('',(27.460843378838,29.573162334086));
#11712 = CARTESIAN_POINT('',(26.710843378838,29.140149632194));
#11713 = CARTESIAN_POINT('',(26.710843378838,30.006175035979));
#11714 = ( GEOMETRIC_REPRESENTATION_CONTEXT(2) 
PARAMETRIC_REPRESENTATION_CONTEXT() REPRESENTATION_CONTEXT('2D SPACE',''
  ) );
#11715 = PCURVE('',#6366,#11716);
#11716 = DEFINITIONAL_REPRESENTATION('',(#11717),#11721);
#11717 = LINE('',#11718,#11719);
#11718 = CARTESIAN_POINT('',(0.,1.61));
#11719 = VECTOR('',#11720,1.);
#11720 = DIRECTION('',(1.,0.));
#11721 = ( GEOMETRIC_REPRESENTATION_CONTEXT(2) 
PARAMETRIC_REPRESENTATION_CONTEXT() REPRESENTATION_CONTEXT('2D SPACE',''
  ) );
#11722 = FACE_BOUND('',#11723,.F.);
#11723 = EDGE_LOOP('',(#11724));
#11724 = ORIENTED_EDGE('',*,*,#11725,.T.);
#11725 = EDGE_CURVE('',#11726,#11726,#11728,.T.);
#11726 = VERTEX_POINT('',#11727);
#11727 = CARTESIAN_POINT('',(119.6,-55.82,1.6));
#11728 = SURFACE_CURVE('',#11729,(#11734,#11745),.PCURVE_S1.);
#11729 = CIRCLE('',#11730,0.5);
#11730 = AXIS2_PLACEMENT_3D('',#11731,#11732,#11733);
#11731 = CARTESIAN_POINT('',(119.1,-55.82,1.6));
#11732 = DIRECTION('',(0.,0.,1.));
#11733 = DIRECTION('',(1.,0.,-0.));
#11734 = PCURVE('',#90,#11735);
#11735 = DEFINITIONAL_REPRESENTATION('',(#11736),#11744);
#11736 = ( BOUNDED_CURVE() B_SPLINE_CURVE(2,(#11737,#11738,#11739,#11740
    ,#11741,#11742,#11743),.UNSPECIFIED.,.T.,.F.) 
B_SPLINE_CURVE_WITH_KNOTS((1,2,2,2,2,1),(-2.094395102393,0.,
    2.094395102393,4.188790204786,6.28318530718,8.377580409573),
.UNSPECIFIED.) CURVE() GEOMETRIC_REPRESENTATION_ITEM() 
RATIONAL_B_SPLINE_CURVE((1.,0.5,1.,0.5,1.,0.5,1.)) REPRESENTATION_ITEM(
  '') );
#11737 = CARTESIAN_POINT('',(24.170843378838,32.546175035979));
#11738 = CARTESIAN_POINT('',(24.170843378838,33.412200439763));
#11739 = CARTESIAN_POINT('',(24.920843378838,32.979187737871));
#11740 = CARTESIAN_POINT('',(25.670843378838,32.546175035979));
#11741 = CARTESIAN_POINT('',(24.920843378838,32.113162334086));
#11742 = CARTESIAN_POINT('',(24.170843378838,31.680149632194));
#11743 = CARTESIAN_POINT('',(24.170843378838,32.546175035979));
#11744 = ( GEOMETRIC_REPRESENTATION_CONTEXT(2) 
PARAMETRIC_REPRESENTATION_CONTEXT() REPRESENTATION_CONTEXT('2D SPACE',''
  ) );
#11745 = PCURVE('',#6401,#11746);
#11746 = DEFINITIONAL_REPRESENTATION('',(#11747),#11751);
#11747 = LINE('',#11748,#11749);
#11748 = CARTESIAN_POINT('',(0.,1.61));
#11749 = VECTOR('',#11750,1.);
#11750 = DIRECTION('',(1.,0.));
#11751 = ( GEOMETRIC_REPRESENTATION_CONTEXT(2) 
PARAMETRIC_REPRESENTATION_CONTEXT() REPRESENTATION_CONTEXT('2D SPACE',''
  ) );
#11752 = FACE_BOUND('',#11753,.F.);
#11753 = EDGE_LOOP('',(#11754));
#11754 = ORIENTED_EDGE('',*,*,#11755,.T.);
#11755 = EDGE_CURVE('',#11756,#11756,#11758,.T.);
#11756 = VERTEX_POINT('',#11757);
#11757 = CARTESIAN_POINT('',(117.06,-55.82,1.6));
#11758 = SURFACE_CURVE('',#11759,(#11764,#11775),.PCURVE_S1.);
#11759 = CIRCLE('',#11760,0.5);
#11760 = AXIS2_PLACEMENT_3D('',#11761,#11762,#11763);
#11761 = CARTESIAN_POINT('',(116.56,-55.82,1.6));
#11762 = DIRECTION('',(0.,0.,1.));
#11763 = DIRECTION('',(1.,0.,-0.));
#11764 = PCURVE('',#90,#11765);
#11765 = DEFINITIONAL_REPRESENTATION('',(#11766),#11774);
#11766 = ( BOUNDED_CURVE() B_SPLINE_CURVE(2,(#11767,#11768,#11769,#11770
    ,#11771,#11772,#11773),.UNSPECIFIED.,.T.,.F.) 
B_SPLINE_CURVE_WITH_KNOTS((1,2,2,2,2,1),(-2.094395102393,0.,
    2.094395102393,4.188790204786,6.28318530718,8.377580409573),
.UNSPECIFIED.) CURVE() GEOMETRIC_REPRESENTATION_ITEM() 
RATIONAL_B_SPLINE_CURVE((1.,0.5,1.,0.5,1.,0.5,1.)) REPRESENTATION_ITEM(
  '') );
#11767 = CARTESIAN_POINT('',(26.710843378838,32.546175035979));
#11768 = CARTESIAN_POINT('',(26.710843378838,33.412200439763));
#11769 = CARTESIAN_POINT('',(27.460843378838,32.979187737871));
#11770 = CARTESIAN_POINT('',(28.210843378838,32.546175035979));
#11771 = CARTESIAN_POINT('',(27.460843378838,32.113162334086));
#11772 = CARTESIAN_POINT('',(26.710843378838,31.680149632194));
#11773 = CARTESIAN_POINT('',(26.710843378838,32.546175035979));
#11774 = ( GEOMETRIC_REPRESENTATION_CONTEXT(2) 
PARAMETRIC_REPRESENTATION_CONTEXT() REPRESENTATION_CONTEXT('2D SPACE',''
  ) );
#11775 = PCURVE('',#6436,#11776);
#11776 = DEFINITIONAL_REPRESENTATION('',(#11777),#11781);
#11777 = LINE('',#11778,#11779);
#11778 = CARTESIAN_POINT('',(0.,1.61));
#11779 = VECTOR('',#11780,1.);
#11780 = DIRECTION('',(1.,0.));
#11781 = ( GEOMETRIC_REPRESENTATION_CONTEXT(2) 
PARAMETRIC_REPRESENTATION_CONTEXT() REPRESENTATION_CONTEXT('2D SPACE',''
  ) );
#11782 = FACE_BOUND('',#11783,.F.);
#11783 = EDGE_LOOP('',(#11784));
#11784 = ORIENTED_EDGE('',*,*,#11785,.T.);
#11785 = EDGE_CURVE('',#11786,#11786,#11788,.T.);
#11786 = VERTEX_POINT('',#11787);
#11787 = CARTESIAN_POINT('',(119.6,-53.28,1.6));
#11788 = SURFACE_CURVE('',#11789,(#11794,#11805),.PCURVE_S1.);
#11789 = CIRCLE('',#11790,0.5);
#11790 = AXIS2_PLACEMENT_3D('',#11791,#11792,#11793);
#11791 = CARTESIAN_POINT('',(119.1,-53.28,1.6));
#11792 = DIRECTION('',(0.,0.,1.));
#11793 = DIRECTION('',(1.,0.,-0.));
#11794 = PCURVE('',#90,#11795);
#11795 = DEFINITIONAL_REPRESENTATION('',(#11796),#11804);
#11796 = ( BOUNDED_CURVE() B_SPLINE_CURVE(2,(#11797,#11798,#11799,#11800
    ,#11801,#11802,#11803),.UNSPECIFIED.,.T.,.F.) 
B_SPLINE_CURVE_WITH_KNOTS((1,2,2,2,2,1),(-2.094395102393,0.,
    2.094395102393,4.188790204786,6.28318530718,8.377580409573),
.UNSPECIFIED.) CURVE() GEOMETRIC_REPRESENTATION_ITEM() 
RATIONAL_B_SPLINE_CURVE((1.,0.5,1.,0.5,1.,0.5,1.)) REPRESENTATION_ITEM(
  '') );
#11797 = CARTESIAN_POINT('',(24.170843378838,35.086175035979));
#11798 = CARTESIAN_POINT('',(24.170843378838,35.952200439763));
#11799 = CARTESIAN_POINT('',(24.920843378838,35.519187737871));
#11800 = CARTESIAN_POINT('',(25.670843378838,35.086175035979));
#11801 = CARTESIAN_POINT('',(24.920843378838,34.653162334086));
#11802 = CARTESIAN_POINT('',(24.170843378838,34.220149632194));
#11803 = CARTESIAN_POINT('',(24.170843378838,35.086175035979));
#11804 = ( GEOMETRIC_REPRESENTATION_CONTEXT(2) 
PARAMETRIC_REPRESENTATION_CONTEXT() REPRESENTATION_CONTEXT('2D SPACE',''
  ) );
#11805 = PCURVE('',#6471,#11806);
#11806 = DEFINITIONAL_REPRESENTATION('',(#11807),#11811);
#11807 = LINE('',#11808,#11809);
#11808 = CARTESIAN_POINT('',(0.,1.61));
#11809 = VECTOR('',#11810,1.);
#11810 = DIRECTION('',(1.,0.));
#11811 = ( GEOMETRIC_REPRESENTATION_CONTEXT(2) 
PARAMETRIC_REPRESENTATION_CONTEXT() REPRESENTATION_CONTEXT('2D SPACE',''
  ) );
#11812 = FACE_BOUND('',#11813,.F.);
#11813 = EDGE_LOOP('',(#11814));
#11814 = ORIENTED_EDGE('',*,*,#11815,.T.);
#11815 = EDGE_CURVE('',#11816,#11816,#11818,.T.);
#11816 = VERTEX_POINT('',#11817);
#11817 = CARTESIAN_POINT('',(117.06,-53.28,1.6));
#11818 = SURFACE_CURVE('',#11819,(#11824,#11835),.PCURVE_S1.);
#11819 = CIRCLE('',#11820,0.5);
#11820 = AXIS2_PLACEMENT_3D('',#11821,#11822,#11823);
#11821 = CARTESIAN_POINT('',(116.56,-53.28,1.6));
#11822 = DIRECTION('',(0.,0.,1.));
#11823 = DIRECTION('',(1.,0.,-0.));
#11824 = PCURVE('',#90,#11825);
#11825 = DEFINITIONAL_REPRESENTATION('',(#11826),#11834);
#11826 = ( BOUNDED_CURVE() B_SPLINE_CURVE(2,(#11827,#11828,#11829,#11830
    ,#11831,#11832,#11833),.UNSPECIFIED.,.T.,.F.) 
B_SPLINE_CURVE_WITH_KNOTS((1,2,2,2,2,1),(-2.094395102393,0.,
    2.094395102393,4.188790204786,6.28318530718,8.377580409573),
.UNSPECIFIED.) CURVE() GEOMETRIC_REPRESENTATION_ITEM() 
RATIONAL_B_SPLINE_CURVE((1.,0.5,1.,0.5,1.,0.5,1.)) REPRESENTATION_ITEM(
  '') );
#11827 = CARTESIAN_POINT('',(26.710843378838,35.086175035979));
#11828 = CARTESIAN_POINT('',(26.710843378838,35.952200439763));
#11829 = CARTESIAN_POINT('',(27.460843378838,35.519187737871));
#11830 = CARTESIAN_POINT('',(28.210843378838,35.086175035979));
#11831 = CARTESIAN_POINT('',(27.460843378838,34.653162334086));
#11832 = CARTESIAN_POINT('',(26.710843378838,34.220149632194));
#11833 = CARTESIAN_POINT('',(26.710843378838,35.086175035979));
#11834 = ( GEOMETRIC_REPRESENTATION_CONTEXT(2) 
PARAMETRIC_REPRESENTATION_CONTEXT() REPRESENTATION_CONTEXT('2D SPACE',''
  ) );
#11835 = PCURVE('',#6506,#11836);
#11836 = DEFINITIONAL_REPRESENTATION('',(#11837),#11841);
#11837 = LINE('',#11838,#11839);
#11838 = CARTESIAN_POINT('',(0.,1.61));
#11839 = VECTOR('',#11840,1.);
#11840 = DIRECTION('',(1.,0.));
#11841 = ( GEOMETRIC_REPRESENTATION_CONTEXT(2) 
PARAMETRIC_REPRESENTATION_CONTEXT() REPRESENTATION_CONTEXT('2D SPACE',''
  ) );
#11842 = ADVANCED_FACE('',(#11843),#177,.T.);
#11843 = FACE_BOUND('',#11844,.T.);
#11844 = EDGE_LOOP('',(#11845,#11866,#11867,#11868));
#11845 = ORIENTED_EDGE('',*,*,#11846,.T.);
#11846 = EDGE_CURVE('',#449,#6639,#11847,.T.);
#11847 = SURFACE_CURVE('',#11848,(#11852,#11859),.PCURVE_S1.);
#11848 = LINE('',#11849,#11850);
#11849 = CARTESIAN_POINT('',(111.76,-48.26,0.));
#11850 = VECTOR('',#11851,1.);
#11851 = DIRECTION('',(0.,0.,1.));
#11852 = PCURVE('',#177,#11853);
#11853 = DEFINITIONAL_REPRESENTATION('',(#11854),#11858);
#11854 = LINE('',#11855,#11856);
#11855 = CARTESIAN_POINT('',(0.,0.));
#11856 = VECTOR('',#11857,1.);
#11857 = DIRECTION('',(0.,-1.));
#11858 = ( GEOMETRIC_REPRESENTATION_CONTEXT(2) 
PARAMETRIC_REPRESENTATION_CONTEXT() REPRESENTATION_CONTEXT('2D SPACE',''
  ) );
#11859 = PCURVE('',#464,#11860);
#11860 = DEFINITIONAL_REPRESENTATION('',(#11861),#11865);
#11861 = LINE('',#11862,#11863);
#11862 = CARTESIAN_POINT('',(15.24,0.));
#11863 = VECTOR('',#11864,1.);
#11864 = DIRECTION('',(0.,-1.));
#11865 = ( GEOMETRIC_REPRESENTATION_CONTEXT(2) 
PARAMETRIC_REPRESENTATION_CONTEXT() REPRESENTATION_CONTEXT('2D SPACE',''
  ) );
#11866 = ORIENTED_EDGE('',*,*,#6661,.T.);
#11867 = ORIENTED_EDGE('',*,*,#159,.F.);
#11868 = ORIENTED_EDGE('',*,*,#476,.F.);
#11869 = ADVANCED_FACE('',(#11870),#275,.T.);
#11870 = FACE_BOUND('',#11871,.T.);
#11871 = EDGE_LOOP('',(#11872,#11873,#11874,#11895));
#11872 = ORIENTED_EDGE('',*,*,#259,.T.);
#11873 = ORIENTED_EDGE('',*,*,#6523,.T.);
#11874 = ORIENTED_EDGE('',*,*,#11875,.F.);
#11875 = EDGE_CURVE('',#314,#6524,#11876,.T.);
#11876 = SURFACE_CURVE('',#11877,(#11881,#11888),.PCURVE_S1.);
#11877 = LINE('',#11878,#11879);
#11878 = CARTESIAN_POINT('',(96.52,-124.46,0.));
#11879 = VECTOR('',#11880,1.);
#11880 = DIRECTION('',(0.,0.,1.));
#11881 = PCURVE('',#275,#11882);
#11882 = DEFINITIONAL_REPRESENTATION('',(#11883),#11887);
#11883 = LINE('',#11884,#11885);
#11884 = CARTESIAN_POINT('',(55.88,0.));
#11885 = VECTOR('',#11886,1.);
#11886 = DIRECTION('',(0.,-1.));
#11887 = ( GEOMETRIC_REPRESENTATION_CONTEXT(2) 
PARAMETRIC_REPRESENTATION_CONTEXT() REPRESENTATION_CONTEXT('2D SPACE',''
  ) );
#11888 = PCURVE('',#352,#11889);
#11889 = DEFINITIONAL_REPRESENTATION('',(#11890),#11894);
#11890 = LINE('',#11891,#11892);
#11891 = CARTESIAN_POINT('',(0.,0.));
#11892 = VECTOR('',#11893,1.);
#11893 = DIRECTION('',(0.,-1.));
#11894 = ( GEOMETRIC_REPRESENTATION_CONTEXT(2) 
PARAMETRIC_REPRESENTATION_CONTEXT() REPRESENTATION_CONTEXT('2D SPACE',''
  ) );
#11895 = ORIENTED_EDGE('',*,*,#313,.F.);
#11896 = ADVANCED_FACE('',(#11897),#464,.T.);
#11897 = FACE_BOUND('',#11898,.T.);
#11898 = EDGE_LOOP('',(#11899,#11920,#11921,#11922));
#11899 = ORIENTED_EDGE('',*,*,#11900,.T.);
#11900 = EDGE_CURVE('',#421,#6616,#11901,.T.);
#11901 = SURFACE_CURVE('',#11902,(#11906,#11913),.PCURVE_S1.);
#11902 = LINE('',#11903,#11904);
#11903 = CARTESIAN_POINT('',(111.76,-63.5,0.));
#11904 = VECTOR('',#11905,1.);
#11905 = DIRECTION('',(0.,0.,1.));
#11906 = PCURVE('',#464,#11907);
#11907 = DEFINITIONAL_REPRESENTATION('',(#11908),#11912);
#11908 = LINE('',#11909,#11910);
#11909 = CARTESIAN_POINT('',(0.,0.));
#11910 = VECTOR('',#11911,1.);
#11911 = DIRECTION('',(0.,-1.));
#11912 = ( GEOMETRIC_REPRESENTATION_CONTEXT(2) 
PARAMETRIC_REPRESENTATION_CONTEXT() REPRESENTATION_CONTEXT('2D SPACE',''
  ) );
#11913 = PCURVE('',#436,#11914);
#11914 = DEFINITIONAL_REPRESENTATION('',(#11915),#11919);
#11915 = LINE('',#11916,#11917);
#11916 = CARTESIAN_POINT('',(40.64,0.));
#11917 = VECTOR('',#11918,1.);
#11918 = DIRECTION('',(0.,-1.));
#11919 = ( GEOMETRIC_REPRESENTATION_CONTEXT(2) 
PARAMETRIC_REPRESENTATION_CONTEXT() REPRESENTATION_CONTEXT('2D SPACE',''
  ) );
#11920 = ORIENTED_EDGE('',*,*,#6638,.T.);
#11921 = ORIENTED_EDGE('',*,*,#11846,.F.);
#11922 = ORIENTED_EDGE('',*,*,#448,.F.);
#11923 = ADVANCED_FACE('',(#11924),#352,.T.);
#11924 = FACE_BOUND('',#11925,.T.);
#11925 = EDGE_LOOP('',(#11926,#11927,#11928,#11949));
#11926 = ORIENTED_EDGE('',*,*,#11875,.T.);
#11927 = ORIENTED_EDGE('',*,*,#6546,.T.);
#11928 = ORIENTED_EDGE('',*,*,#11929,.F.);
#11929 = EDGE_CURVE('',#337,#6547,#11930,.T.);
#11930 = SURFACE_CURVE('',#11931,(#11935,#11942),.PCURVE_S1.);
#11931 = LINE('',#11932,#11933);
#11932 = CARTESIAN_POINT('',(96.52,-106.68,0.));
#11933 = VECTOR('',#11934,1.);
#11934 = DIRECTION('',(0.,0.,1.));
#11935 = PCURVE('',#352,#11936);
#11936 = DEFINITIONAL_REPRESENTATION('',(#11937),#11941);
#11937 = LINE('',#11938,#11939);
#11938 = CARTESIAN_POINT('',(17.78,0.));
#11939 = VECTOR('',#11940,1.);
#11940 = DIRECTION('',(0.,-1.));
#11941 = ( GEOMETRIC_REPRESENTATION_CONTEXT(2) 
PARAMETRIC_REPRESENTATION_CONTEXT() REPRESENTATION_CONTEXT('2D SPACE',''
  ) );
#11942 = PCURVE('',#380,#11943);
#11943 = DEFINITIONAL_REPRESENTATION('',(#11944),#11948);
#11944 = LINE('',#11945,#11946);
#11945 = CARTESIAN_POINT('',(0.,0.));
#11946 = VECTOR('',#11947,1.);
#11947 = DIRECTION('',(0.,-1.));
#11948 = ( GEOMETRIC_REPRESENTATION_CONTEXT(2) 
PARAMETRIC_REPRESENTATION_CONTEXT() REPRESENTATION_CONTEXT('2D SPACE',''
  ) );
#11949 = ORIENTED_EDGE('',*,*,#336,.F.);
#11950 = ADVANCED_FACE('',(#11951),#436,.T.);
#11951 = FACE_BOUND('',#11952,.T.);
#11952 = EDGE_LOOP('',(#11953,#11974,#11975,#11976));
#11953 = ORIENTED_EDGE('',*,*,#11954,.T.);
#11954 = EDGE_CURVE('',#393,#6593,#11955,.T.);
#11955 = SURFACE_CURVE('',#11956,(#11960,#11967),.PCURVE_S1.);
#11956 = LINE('',#11957,#11958);
#11957 = CARTESIAN_POINT('',(152.4,-63.5,0.));
#11958 = VECTOR('',#11959,1.);
#11959 = DIRECTION('',(0.,0.,1.));
#11960 = PCURVE('',#436,#11961);
#11961 = DEFINITIONAL_REPRESENTATION('',(#11962),#11966);
#11962 = LINE('',#11963,#11964);
#11963 = CARTESIAN_POINT('',(0.,-0.));
#11964 = VECTOR('',#11965,1.);
#11965 = DIRECTION('',(0.,-1.));
#11966 = ( GEOMETRIC_REPRESENTATION_CONTEXT(2) 
PARAMETRIC_REPRESENTATION_CONTEXT() REPRESENTATION_CONTEXT('2D SPACE',''
  ) );
#11967 = PCURVE('',#408,#11968);
#11968 = DEFINITIONAL_REPRESENTATION('',(#11969),#11973);
#11969 = LINE('',#11970,#11971);
#11970 = CARTESIAN_POINT('',(43.18,0.));
#11971 = VECTOR('',#11972,1.);
#11972 = DIRECTION('',(0.,-1.));
#11973 = ( GEOMETRIC_REPRESENTATION_CONTEXT(2) 
PARAMETRIC_REPRESENTATION_CONTEXT() REPRESENTATION_CONTEXT('2D SPACE',''
  ) );
#11974 = ORIENTED_EDGE('',*,*,#6615,.T.);
#11975 = ORIENTED_EDGE('',*,*,#11900,.F.);
#11976 = ORIENTED_EDGE('',*,*,#420,.F.);
#11977 = ADVANCED_FACE('',(#11978),#380,.T.);
#11978 = FACE_BOUND('',#11979,.T.);
#11979 = EDGE_LOOP('',(#11980,#11981,#11982,#12003));
#11980 = ORIENTED_EDGE('',*,*,#11929,.T.);
#11981 = ORIENTED_EDGE('',*,*,#6569,.T.);
#11982 = ORIENTED_EDGE('',*,*,#11983,.F.);
#11983 = EDGE_CURVE('',#365,#6570,#11984,.T.);
#11984 = SURFACE_CURVE('',#11985,(#11989,#11996),.PCURVE_S1.);
#11985 = LINE('',#11986,#11987);
#11986 = CARTESIAN_POINT('',(152.4,-106.68,0.));
#11987 = VECTOR('',#11988,1.);
#11988 = DIRECTION('',(0.,0.,1.));
#11989 = PCURVE('',#380,#11990);
#11990 = DEFINITIONAL_REPRESENTATION('',(#11991),#11995);
#11991 = LINE('',#11992,#11993);
#11992 = CARTESIAN_POINT('',(55.88,0.));
#11993 = VECTOR('',#11994,1.);
#11994 = DIRECTION('',(0.,-1.));
#11995 = ( GEOMETRIC_REPRESENTATION_CONTEXT(2) 
PARAMETRIC_REPRESENTATION_CONTEXT() REPRESENTATION_CONTEXT('2D SPACE',''
  ) );
#11996 = PCURVE('',#408,#11997);
#11997 = DEFINITIONAL_REPRESENTATION('',(#11998),#12002);
#11998 = LINE('',#11999,#12000);
#11999 = CARTESIAN_POINT('',(0.,0.));
#12000 = VECTOR('',#12001,1.);
#12001 = DIRECTION('',(0.,-1.));
#12002 = ( GEOMETRIC_REPRESENTATION_CONTEXT(2) 
PARAMETRIC_REPRESENTATION_CONTEXT() REPRESENTATION_CONTEXT('2D SPACE',''
  ) );
#12003 = ORIENTED_EDGE('',*,*,#364,.F.);
#12004 = ADVANCED_FACE('',(#12005),#408,.T.);
#12005 = FACE_BOUND('',#12006,.T.);
#12006 = EDGE_LOOP('',(#12007,#12008,#12009,#12010));
#12007 = ORIENTED_EDGE('',*,*,#11983,.T.);
#12008 = ORIENTED_EDGE('',*,*,#6592,.T.);
#12009 = ORIENTED_EDGE('',*,*,#11954,.F.);
#12010 = ORIENTED_EDGE('',*,*,#392,.F.);
#12011 = ADVANCED_FACE('',(#12012),#521,.F.);
#12012 = FACE_BOUND('',#12013,.F.);
#12013 = EDGE_LOOP('',(#12014,#12015,#12036,#12037));
#12014 = ORIENTED_EDGE('',*,*,#6685,.F.);
#12015 = ORIENTED_EDGE('',*,*,#12016,.F.);
#12016 = EDGE_CURVE('',#501,#6686,#12017,.T.);
#12017 = SEAM_CURVE('',#12018,(#12022,#12029),.PCURVE_S1.);
#12018 = LINE('',#12019,#12020);
#12019 = CARTESIAN_POINT('',(165.52,-116.68,-1.E-02));
#12020 = VECTOR('',#12021,1.);
#12021 = DIRECTION('',(0.,0.,1.));
#12022 = PCURVE('',#521,#12023);
#12023 = DEFINITIONAL_REPRESENTATION('',(#12024),#12028);
#12024 = LINE('',#12025,#12026);
#12025 = CARTESIAN_POINT('',(6.28318530718,-0.));
#12026 = VECTOR('',#12027,1.);
#12027 = DIRECTION('',(0.,1.));
#12028 = ( GEOMETRIC_REPRESENTATION_CONTEXT(2) 
PARAMETRIC_REPRESENTATION_CONTEXT() REPRESENTATION_CONTEXT('2D SPACE',''
  ) );
#12029 = PCURVE('',#521,#12030);
#12030 = DEFINITIONAL_REPRESENTATION('',(#12031),#12035);
#12031 = LINE('',#12032,#12033);
#12032 = CARTESIAN_POINT('',(0.,-0.));
#12033 = VECTOR('',#12034,1.);
#12034 = DIRECTION('',(0.,1.));
#12035 = ( GEOMETRIC_REPRESENTATION_CONTEXT(2) 
PARAMETRIC_REPRESENTATION_CONTEXT() REPRESENTATION_CONTEXT('2D SPACE',''
  ) );
#12036 = ORIENTED_EDGE('',*,*,#500,.T.);
#12037 = ORIENTED_EDGE('',*,*,#12016,.T.);
#12038 = ADVANCED_FACE('',(#12039),#556,.F.);
#12039 = FACE_BOUND('',#12040,.F.);
#12040 = EDGE_LOOP('',(#12041,#12042,#12063,#12064));
#12041 = ORIENTED_EDGE('',*,*,#6715,.F.);
#12042 = ORIENTED_EDGE('',*,*,#12043,.F.);
#12043 = EDGE_CURVE('',#536,#6716,#12044,.T.);
#12044 = SEAM_CURVE('',#12045,(#12049,#12056),.PCURVE_S1.);
#12045 = LINE('',#12046,#12047);
#12046 = CARTESIAN_POINT('',(170.68,-111.68,-1.E-02));
#12047 = VECTOR('',#12048,1.);
#12048 = DIRECTION('',(0.,0.,1.));
#12049 = PCURVE('',#556,#12050);
#12050 = DEFINITIONAL_REPRESENTATION('',(#12051),#12055);
#12051 = LINE('',#12052,#12053);
#12052 = CARTESIAN_POINT('',(6.28318530718,-0.));
#12053 = VECTOR('',#12054,1.);
#12054 = DIRECTION('',(0.,1.));
#12055 = ( GEOMETRIC_REPRESENTATION_CONTEXT(2) 
PARAMETRIC_REPRESENTATION_CONTEXT() REPRESENTATION_CONTEXT('2D SPACE',''
  ) );
#12056 = PCURVE('',#556,#12057);
#12057 = DEFINITIONAL_REPRESENTATION('',(#12058),#12062);
#12058 = LINE('',#12059,#12060);
#12059 = CARTESIAN_POINT('',(0.,-0.));
#12060 = VECTOR('',#12061,1.);
#12061 = DIRECTION('',(0.,1.));
#12062 = ( GEOMETRIC_REPRESENTATION_CONTEXT(2) 
PARAMETRIC_REPRESENTATION_CONTEXT() REPRESENTATION_CONTEXT('2D SPACE',''
  ) );
#12063 = ORIENTED_EDGE('',*,*,#535,.T.);
#12064 = ORIENTED_EDGE('',*,*,#12043,.T.);
#12065 = ADVANCED_FACE('',(#12066),#591,.F.);
#12066 = FACE_BOUND('',#12067,.F.);
#12067 = EDGE_LOOP('',(#12068,#12069,#12090,#12091));
#12068 = ORIENTED_EDGE('',*,*,#6745,.F.);
#12069 = ORIENTED_EDGE('',*,*,#12070,.F.);
#12070 = EDGE_CURVE('',#571,#6746,#12071,.T.);
#12071 = SEAM_CURVE('',#12072,(#12076,#12083),.PCURVE_S1.);
#12072 = LINE('',#12073,#12074);
#12073 = CARTESIAN_POINT('',(170.68,-106.68,-1.E-02));
#12074 = VECTOR('',#12075,1.);
#12075 = DIRECTION('',(0.,0.,1.));
#12076 = PCURVE('',#591,#12077);
#12077 = DEFINITIONAL_REPRESENTATION('',(#12078),#12082);
#12078 = LINE('',#12079,#12080);
#12079 = CARTESIAN_POINT('',(6.28318530718,-0.));
#12080 = VECTOR('',#12081,1.);
#12081 = DIRECTION('',(0.,1.));
#12082 = ( GEOMETRIC_REPRESENTATION_CONTEXT(2) 
PARAMETRIC_REPRESENTATION_CONTEXT() REPRESENTATION_CONTEXT('2D SPACE',''
  ) );
#12083 = PCURVE('',#591,#12084);
#12084 = DEFINITIONAL_REPRESENTATION('',(#12085),#12089);
#12085 = LINE('',#12086,#12087);
#12086 = CARTESIAN_POINT('',(0.,-0.));
#12087 = VECTOR('',#12088,1.);
#12088 = DIRECTION('',(0.,1.));
#12089 = ( GEOMETRIC_REPRESENTATION_CONTEXT(2) 
PARAMETRIC_REPRESENTATION_CONTEXT() REPRESENTATION_CONTEXT('2D SPACE',''
  ) );
#12090 = ORIENTED_EDGE('',*,*,#570,.T.);
#12091 = ORIENTED_EDGE('',*,*,#12070,.T.);
#12092 = ADVANCED_FACE('',(#12093),#626,.F.);
#12093 = FACE_BOUND('',#12094,.F.);
#12094 = EDGE_LOOP('',(#12095,#12096,#12117,#12118));
#12095 = ORIENTED_EDGE('',*,*,#6775,.F.);
#12096 = ORIENTED_EDGE('',*,*,#12097,.F.);
#12097 = EDGE_CURVE('',#606,#6776,#12098,.T.);
#12098 = SEAM_CURVE('',#12099,(#12103,#12110),.PCURVE_S1.);
#12099 = LINE('',#12100,#12101);
#12100 = CARTESIAN_POINT('',(160.52,-116.68,-1.E-02));
#12101 = VECTOR('',#12102,1.);
#12102 = DIRECTION('',(0.,0.,1.));
#12103 = PCURVE('',#626,#12104);
#12104 = DEFINITIONAL_REPRESENTATION('',(#12105),#12109);
#12105 = LINE('',#12106,#12107);
#12106 = CARTESIAN_POINT('',(6.28318530718,-0.));
#12107 = VECTOR('',#12108,1.);
#12108 = DIRECTION('',(0.,1.));
#12109 = ( GEOMETRIC_REPRESENTATION_CONTEXT(2) 
PARAMETRIC_REPRESENTATION_CONTEXT() REPRESENTATION_CONTEXT('2D SPACE',''
  ) );
#12110 = PCURVE('',#626,#12111);
#12111 = DEFINITIONAL_REPRESENTATION('',(#12112),#12116);
#12112 = LINE('',#12113,#12114);
#12113 = CARTESIAN_POINT('',(0.,-0.));
#12114 = VECTOR('',#12115,1.);
#12115 = DIRECTION('',(0.,1.));
#12116 = ( GEOMETRIC_REPRESENTATION_CONTEXT(2) 
PARAMETRIC_REPRESENTATION_CONTEXT() REPRESENTATION_CONTEXT('2D SPACE',''
  ) );
#12117 = ORIENTED_EDGE('',*,*,#605,.T.);
#12118 = ORIENTED_EDGE('',*,*,#12097,.T.);
#12119 = ADVANCED_FACE('',(#12120),#661,.F.);
#12120 = FACE_BOUND('',#12121,.F.);
#12121 = EDGE_LOOP('',(#12122,#12123,#12144,#12145));
#12122 = ORIENTED_EDGE('',*,*,#6805,.F.);
#12123 = ORIENTED_EDGE('',*,*,#12124,.F.);
#12124 = EDGE_CURVE('',#641,#6806,#12125,.T.);
#12125 = SEAM_CURVE('',#12126,(#12130,#12137),.PCURVE_S1.);
#12126 = LINE('',#12127,#12128);
#12127 = CARTESIAN_POINT('',(160.52,-111.68,-1.E-02));
#12128 = VECTOR('',#12129,1.);
#12129 = DIRECTION('',(0.,0.,1.));
#12130 = PCURVE('',#661,#12131);
#12131 = DEFINITIONAL_REPRESENTATION('',(#12132),#12136);
#12132 = LINE('',#12133,#12134);
#12133 = CARTESIAN_POINT('',(6.28318530718,-0.));
#12134 = VECTOR('',#12135,1.);
#12135 = DIRECTION('',(0.,1.));
#12136 = ( GEOMETRIC_REPRESENTATION_CONTEXT(2) 
PARAMETRIC_REPRESENTATION_CONTEXT() REPRESENTATION_CONTEXT('2D SPACE',''
  ) );
#12137 = PCURVE('',#661,#12138);
#12138 = DEFINITIONAL_REPRESENTATION('',(#12139),#12143);
#12139 = LINE('',#12140,#12141);
#12140 = CARTESIAN_POINT('',(0.,-0.));
#12141 = VECTOR('',#12142,1.);
#12142 = DIRECTION('',(0.,1.));
#12143 = ( GEOMETRIC_REPRESENTATION_CONTEXT(2) 
PARAMETRIC_REPRESENTATION_CONTEXT() REPRESENTATION_CONTEXT('2D SPACE',''
  ) );
#12144 = ORIENTED_EDGE('',*,*,#640,.T.);
#12145 = ORIENTED_EDGE('',*,*,#12124,.T.);
#12146 = ADVANCED_FACE('',(#12147),#696,.F.);
#12147 = FACE_BOUND('',#12148,.F.);
#12148 = EDGE_LOOP('',(#12149,#12150,#12171,#12172));
#12149 = ORIENTED_EDGE('',*,*,#6835,.F.);
#12150 = ORIENTED_EDGE('',*,*,#12151,.F.);
#12151 = EDGE_CURVE('',#676,#6836,#12152,.T.);
#12152 = SEAM_CURVE('',#12153,(#12157,#12164),.PCURVE_S1.);
#12153 = LINE('',#12154,#12155);
#12154 = CARTESIAN_POINT('',(150.08,-119.16,-1.E-02));
#12155 = VECTOR('',#12156,1.);
#12156 = DIRECTION('',(0.,0.,1.));
#12157 = PCURVE('',#696,#12158);
#12158 = DEFINITIONAL_REPRESENTATION('',(#12159),#12163);
#12159 = LINE('',#12160,#12161);
#12160 = CARTESIAN_POINT('',(6.28318530718,-0.));
#12161 = VECTOR('',#12162,1.);
#12162 = DIRECTION('',(0.,1.));
#12163 = ( GEOMETRIC_REPRESENTATION_CONTEXT(2) 
PARAMETRIC_REPRESENTATION_CONTEXT() REPRESENTATION_CONTEXT('2D SPACE',''
  ) );
#12164 = PCURVE('',#696,#12165);
#12165 = DEFINITIONAL_REPRESENTATION('',(#12166),#12170);
#12166 = LINE('',#12167,#12168);
#12167 = CARTESIAN_POINT('',(0.,-0.));
#12168 = VECTOR('',#12169,1.);
#12169 = DIRECTION('',(0.,1.));
#12170 = ( GEOMETRIC_REPRESENTATION_CONTEXT(2) 
PARAMETRIC_REPRESENTATION_CONTEXT() REPRESENTATION_CONTEXT('2D SPACE',''
  ) );
#12171 = ORIENTED_EDGE('',*,*,#675,.T.);
#12172 = ORIENTED_EDGE('',*,*,#12151,.T.);
#12173 = ADVANCED_FACE('',(#12174),#731,.F.);
#12174 = FACE_BOUND('',#12175,.F.);
#12175 = EDGE_LOOP('',(#12176,#12177,#12198,#12199));
#12176 = ORIENTED_EDGE('',*,*,#6865,.F.);
#12177 = ORIENTED_EDGE('',*,*,#12178,.F.);
#12178 = EDGE_CURVE('',#711,#6866,#12179,.T.);
#12179 = SEAM_CURVE('',#12180,(#12184,#12191),.PCURVE_S1.);
#12180 = LINE('',#12181,#12182);
#12181 = CARTESIAN_POINT('',(147.54,-119.16,-1.E-02));
#12182 = VECTOR('',#12183,1.);
#12183 = DIRECTION('',(0.,0.,1.));
#12184 = PCURVE('',#731,#12185);
#12185 = DEFINITIONAL_REPRESENTATION('',(#12186),#12190);
#12186 = LINE('',#12187,#12188);
#12187 = CARTESIAN_POINT('',(6.28318530718,-0.));
#12188 = VECTOR('',#12189,1.);
#12189 = DIRECTION('',(0.,1.));
#12190 = ( GEOMETRIC_REPRESENTATION_CONTEXT(2) 
PARAMETRIC_REPRESENTATION_CONTEXT() REPRESENTATION_CONTEXT('2D SPACE',''
  ) );
#12191 = PCURVE('',#731,#12192);
#12192 = DEFINITIONAL_REPRESENTATION('',(#12193),#12197);
#12193 = LINE('',#12194,#12195);
#12194 = CARTESIAN_POINT('',(0.,-0.));
#12195 = VECTOR('',#12196,1.);
#12196 = DIRECTION('',(0.,1.));
#12197 = ( GEOMETRIC_REPRESENTATION_CONTEXT(2) 
PARAMETRIC_REPRESENTATION_CONTEXT() REPRESENTATION_CONTEXT('2D SPACE',''
  ) );
#12198 = ORIENTED_EDGE('',*,*,#710,.T.);
#12199 = ORIENTED_EDGE('',*,*,#12178,.T.);
#12200 = ADVANCED_FACE('',(#12201),#766,.F.);
#12201 = FACE_BOUND('',#12202,.F.);
#12202 = EDGE_LOOP('',(#12203,#12204,#12225,#12226));
#12203 = ORIENTED_EDGE('',*,*,#6895,.F.);
#12204 = ORIENTED_EDGE('',*,*,#12205,.F.);
#12205 = EDGE_CURVE('',#746,#6896,#12206,.T.);
#12206 = SEAM_CURVE('',#12207,(#12211,#12218),.PCURVE_S1.);
#12207 = LINE('',#12208,#12209);
#12208 = CARTESIAN_POINT('',(150.08,-116.6,-1.E-02));
#12209 = VECTOR('',#12210,1.);
#12210 = DIRECTION('',(0.,0.,1.));
#12211 = PCURVE('',#766,#12212);
#12212 = DEFINITIONAL_REPRESENTATION('',(#12213),#12217);
#12213 = LINE('',#12214,#12215);
#12214 = CARTESIAN_POINT('',(6.28318530718,-0.));
#12215 = VECTOR('',#12216,1.);
#12216 = DIRECTION('',(0.,1.));
#12217 = ( GEOMETRIC_REPRESENTATION_CONTEXT(2) 
PARAMETRIC_REPRESENTATION_CONTEXT() REPRESENTATION_CONTEXT('2D SPACE',''
  ) );
#12218 = PCURVE('',#766,#12219);
#12219 = DEFINITIONAL_REPRESENTATION('',(#12220),#12224);
#12220 = LINE('',#12221,#12222);
#12221 = CARTESIAN_POINT('',(0.,-0.));
#12222 = VECTOR('',#12223,1.);
#12223 = DIRECTION('',(0.,1.));
#12224 = ( GEOMETRIC_REPRESENTATION_CONTEXT(2) 
PARAMETRIC_REPRESENTATION_CONTEXT() REPRESENTATION_CONTEXT('2D SPACE',''
  ) );
#12225 = ORIENTED_EDGE('',*,*,#745,.T.);
#12226 = ORIENTED_EDGE('',*,*,#12205,.T.);
#12227 = ADVANCED_FACE('',(#12228),#801,.F.);
#12228 = FACE_BOUND('',#12229,.F.);
#12229 = EDGE_LOOP('',(#12230,#12231,#12252,#12253));
#12230 = ORIENTED_EDGE('',*,*,#6925,.F.);
#12231 = ORIENTED_EDGE('',*,*,#12232,.F.);
#12232 = EDGE_CURVE('',#781,#6926,#12233,.T.);
#12233 = SEAM_CURVE('',#12234,(#12238,#12245),.PCURVE_S1.);
#12234 = LINE('',#12235,#12236);
#12235 = CARTESIAN_POINT('',(147.54,-116.6,-1.E-02));
#12236 = VECTOR('',#12237,1.);
#12237 = DIRECTION('',(0.,0.,1.));
#12238 = PCURVE('',#801,#12239);
#12239 = DEFINITIONAL_REPRESENTATION('',(#12240),#12244);
#12240 = LINE('',#12241,#12242);
#12241 = CARTESIAN_POINT('',(6.28318530718,-0.));
#12242 = VECTOR('',#12243,1.);
#12243 = DIRECTION('',(0.,1.));
#12244 = ( GEOMETRIC_REPRESENTATION_CONTEXT(2) 
PARAMETRIC_REPRESENTATION_CONTEXT() REPRESENTATION_CONTEXT('2D SPACE',''
  ) );
#12245 = PCURVE('',#801,#12246);
#12246 = DEFINITIONAL_REPRESENTATION('',(#12247),#12251);
#12247 = LINE('',#12248,#12249);
#12248 = CARTESIAN_POINT('',(0.,-0.));
#12249 = VECTOR('',#12250,1.);
#12250 = DIRECTION('',(0.,1.));
#12251 = ( GEOMETRIC_REPRESENTATION_CONTEXT(2) 
PARAMETRIC_REPRESENTATION_CONTEXT() REPRESENTATION_CONTEXT('2D SPACE',''
  ) );
#12252 = ORIENTED_EDGE('',*,*,#780,.T.);
#12253 = ORIENTED_EDGE('',*,*,#12232,.T.);
#12254 = ADVANCED_FACE('',(#12255),#836,.F.);
#12255 = FACE_BOUND('',#12256,.F.);
#12256 = EDGE_LOOP('',(#12257,#12258,#12279,#12280));
#12257 = ORIENTED_EDGE('',*,*,#6955,.F.);
#12258 = ORIENTED_EDGE('',*,*,#12259,.F.);
#12259 = EDGE_CURVE('',#816,#6956,#12260,.T.);
#12260 = SEAM_CURVE('',#12261,(#12265,#12272),.PCURVE_S1.);
#12261 = LINE('',#12262,#12263);
#12262 = CARTESIAN_POINT('',(145.,-119.16,-1.E-02));
#12263 = VECTOR('',#12264,1.);
#12264 = DIRECTION('',(0.,0.,1.));
#12265 = PCURVE('',#836,#12266);
#12266 = DEFINITIONAL_REPRESENTATION('',(#12267),#12271);
#12267 = LINE('',#12268,#12269);
#12268 = CARTESIAN_POINT('',(6.28318530718,-0.));
#12269 = VECTOR('',#12270,1.);
#12270 = DIRECTION('',(0.,1.));
#12271 = ( GEOMETRIC_REPRESENTATION_CONTEXT(2) 
PARAMETRIC_REPRESENTATION_CONTEXT() REPRESENTATION_CONTEXT('2D SPACE',''
  ) );
#12272 = PCURVE('',#836,#12273);
#12273 = DEFINITIONAL_REPRESENTATION('',(#12274),#12278);
#12274 = LINE('',#12275,#12276);
#12275 = CARTESIAN_POINT('',(0.,-0.));
#12276 = VECTOR('',#12277,1.);
#12277 = DIRECTION('',(0.,1.));
#12278 = ( GEOMETRIC_REPRESENTATION_CONTEXT(2) 
PARAMETRIC_REPRESENTATION_CONTEXT() REPRESENTATION_CONTEXT('2D SPACE',''
  ) );
#12279 = ORIENTED_EDGE('',*,*,#815,.T.);
#12280 = ORIENTED_EDGE('',*,*,#12259,.T.);
#12281 = ADVANCED_FACE('',(#12282),#871,.F.);
#12282 = FACE_BOUND('',#12283,.F.);
#12283 = EDGE_LOOP('',(#12284,#12285,#12306,#12307));
#12284 = ORIENTED_EDGE('',*,*,#6985,.F.);
#12285 = ORIENTED_EDGE('',*,*,#12286,.F.);
#12286 = EDGE_CURVE('',#851,#6986,#12287,.T.);
#12287 = SEAM_CURVE('',#12288,(#12292,#12299),.PCURVE_S1.);
#12288 = LINE('',#12289,#12290);
#12289 = CARTESIAN_POINT('',(142.46,-119.16,-1.E-02));
#12290 = VECTOR('',#12291,1.);
#12291 = DIRECTION('',(0.,0.,1.));
#12292 = PCURVE('',#871,#12293);
#12293 = DEFINITIONAL_REPRESENTATION('',(#12294),#12298);
#12294 = LINE('',#12295,#12296);
#12295 = CARTESIAN_POINT('',(6.28318530718,-0.));
#12296 = VECTOR('',#12297,1.);
#12297 = DIRECTION('',(0.,1.));
#12298 = ( GEOMETRIC_REPRESENTATION_CONTEXT(2) 
PARAMETRIC_REPRESENTATION_CONTEXT() REPRESENTATION_CONTEXT('2D SPACE',''
  ) );
#12299 = PCURVE('',#871,#12300);
#12300 = DEFINITIONAL_REPRESENTATION('',(#12301),#12305);
#12301 = LINE('',#12302,#12303);
#12302 = CARTESIAN_POINT('',(0.,-0.));
#12303 = VECTOR('',#12304,1.);
#12304 = DIRECTION('',(0.,1.));
#12305 = ( GEOMETRIC_REPRESENTATION_CONTEXT(2) 
PARAMETRIC_REPRESENTATION_CONTEXT() REPRESENTATION_CONTEXT('2D SPACE',''
  ) );
#12306 = ORIENTED_EDGE('',*,*,#850,.T.);
#12307 = ORIENTED_EDGE('',*,*,#12286,.T.);
#12308 = ADVANCED_FACE('',(#12309),#906,.F.);
#12309 = FACE_BOUND('',#12310,.F.);
#12310 = EDGE_LOOP('',(#12311,#12312,#12333,#12334));
#12311 = ORIENTED_EDGE('',*,*,#7015,.F.);
#12312 = ORIENTED_EDGE('',*,*,#12313,.F.);
#12313 = EDGE_CURVE('',#886,#7016,#12314,.T.);
#12314 = SEAM_CURVE('',#12315,(#12319,#12326),.PCURVE_S1.);
#12315 = LINE('',#12316,#12317);
#12316 = CARTESIAN_POINT('',(145.,-116.6,-1.E-02));
#12317 = VECTOR('',#12318,1.);
#12318 = DIRECTION('',(0.,0.,1.));
#12319 = PCURVE('',#906,#12320);
#12320 = DEFINITIONAL_REPRESENTATION('',(#12321),#12325);
#12321 = LINE('',#12322,#12323);
#12322 = CARTESIAN_POINT('',(6.28318530718,-0.));
#12323 = VECTOR('',#12324,1.);
#12324 = DIRECTION('',(0.,1.));
#12325 = ( GEOMETRIC_REPRESENTATION_CONTEXT(2) 
PARAMETRIC_REPRESENTATION_CONTEXT() REPRESENTATION_CONTEXT('2D SPACE',''
  ) );
#12326 = PCURVE('',#906,#12327);
#12327 = DEFINITIONAL_REPRESENTATION('',(#12328),#12332);
#12328 = LINE('',#12329,#12330);
#12329 = CARTESIAN_POINT('',(0.,-0.));
#12330 = VECTOR('',#12331,1.);
#12331 = DIRECTION('',(0.,1.));
#12332 = ( GEOMETRIC_REPRESENTATION_CONTEXT(2) 
PARAMETRIC_REPRESENTATION_CONTEXT() REPRESENTATION_CONTEXT('2D SPACE',''
  ) );
#12333 = ORIENTED_EDGE('',*,*,#885,.T.);
#12334 = ORIENTED_EDGE('',*,*,#12313,.T.);
#12335 = ADVANCED_FACE('',(#12336),#941,.F.);
#12336 = FACE_BOUND('',#12337,.F.);
#12337 = EDGE_LOOP('',(#12338,#12339,#12360,#12361));
#12338 = ORIENTED_EDGE('',*,*,#7045,.F.);
#12339 = ORIENTED_EDGE('',*,*,#12340,.F.);
#12340 = EDGE_CURVE('',#921,#7046,#12341,.T.);
#12341 = SEAM_CURVE('',#12342,(#12346,#12353),.PCURVE_S1.);
#12342 = LINE('',#12343,#12344);
#12343 = CARTESIAN_POINT('',(142.46,-116.6,-1.E-02));
#12344 = VECTOR('',#12345,1.);
#12345 = DIRECTION('',(0.,0.,1.));
#12346 = PCURVE('',#941,#12347);
#12347 = DEFINITIONAL_REPRESENTATION('',(#12348),#12352);
#12348 = LINE('',#12349,#12350);
#12349 = CARTESIAN_POINT('',(6.28318530718,-0.));
#12350 = VECTOR('',#12351,1.);
#12351 = DIRECTION('',(0.,1.));
#12352 = ( GEOMETRIC_REPRESENTATION_CONTEXT(2) 
PARAMETRIC_REPRESENTATION_CONTEXT() REPRESENTATION_CONTEXT('2D SPACE',''
  ) );
#12353 = PCURVE('',#941,#12354);
#12354 = DEFINITIONAL_REPRESENTATION('',(#12355),#12359);
#12355 = LINE('',#12356,#12357);
#12356 = CARTESIAN_POINT('',(0.,-0.));
#12357 = VECTOR('',#12358,1.);
#12358 = DIRECTION('',(0.,1.));
#12359 = ( GEOMETRIC_REPRESENTATION_CONTEXT(2) 
PARAMETRIC_REPRESENTATION_CONTEXT() REPRESENTATION_CONTEXT('2D SPACE',''
  ) );
#12360 = ORIENTED_EDGE('',*,*,#920,.T.);
#12361 = ORIENTED_EDGE('',*,*,#12340,.T.);
#12362 = ADVANCED_FACE('',(#12363),#976,.F.);
#12363 = FACE_BOUND('',#12364,.F.);
#12364 = EDGE_LOOP('',(#12365,#12366,#12387,#12388));
#12365 = ORIENTED_EDGE('',*,*,#7075,.F.);
#12366 = ORIENTED_EDGE('',*,*,#12367,.F.);
#12367 = EDGE_CURVE('',#956,#7076,#12368,.T.);
#12368 = SEAM_CURVE('',#12369,(#12373,#12380),.PCURVE_S1.);
#12369 = LINE('',#12370,#12371);
#12370 = CARTESIAN_POINT('',(150.08,-114.04,-1.E-02));
#12371 = VECTOR('',#12372,1.);
#12372 = DIRECTION('',(0.,0.,1.));
#12373 = PCURVE('',#976,#12374);
#12374 = DEFINITIONAL_REPRESENTATION('',(#12375),#12379);
#12375 = LINE('',#12376,#12377);
#12376 = CARTESIAN_POINT('',(6.28318530718,-0.));
#12377 = VECTOR('',#12378,1.);
#12378 = DIRECTION('',(0.,1.));
#12379 = ( GEOMETRIC_REPRESENTATION_CONTEXT(2) 
PARAMETRIC_REPRESENTATION_CONTEXT() REPRESENTATION_CONTEXT('2D SPACE',''
  ) );
#12380 = PCURVE('',#976,#12381);
#12381 = DEFINITIONAL_REPRESENTATION('',(#12382),#12386);
#12382 = LINE('',#12383,#12384);
#12383 = CARTESIAN_POINT('',(0.,-0.));
#12384 = VECTOR('',#12385,1.);
#12385 = DIRECTION('',(0.,1.));
#12386 = ( GEOMETRIC_REPRESENTATION_CONTEXT(2) 
PARAMETRIC_REPRESENTATION_CONTEXT() REPRESENTATION_CONTEXT('2D SPACE',''
  ) );
#12387 = ORIENTED_EDGE('',*,*,#955,.T.);
#12388 = ORIENTED_EDGE('',*,*,#12367,.T.);
#12389 = ADVANCED_FACE('',(#12390),#1011,.F.);
#12390 = FACE_BOUND('',#12391,.F.);
#12391 = EDGE_LOOP('',(#12392,#12393,#12414,#12415));
#12392 = ORIENTED_EDGE('',*,*,#7105,.F.);
#12393 = ORIENTED_EDGE('',*,*,#12394,.F.);
#12394 = EDGE_CURVE('',#991,#7106,#12395,.T.);
#12395 = SEAM_CURVE('',#12396,(#12400,#12407),.PCURVE_S1.);
#12396 = LINE('',#12397,#12398);
#12397 = CARTESIAN_POINT('',(147.54,-114.04,-1.E-02));
#12398 = VECTOR('',#12399,1.);
#12399 = DIRECTION('',(0.,0.,1.));
#12400 = PCURVE('',#1011,#12401);
#12401 = DEFINITIONAL_REPRESENTATION('',(#12402),#12406);
#12402 = LINE('',#12403,#12404);
#12403 = CARTESIAN_POINT('',(6.28318530718,-0.));
#12404 = VECTOR('',#12405,1.);
#12405 = DIRECTION('',(0.,1.));
#12406 = ( GEOMETRIC_REPRESENTATION_CONTEXT(2) 
PARAMETRIC_REPRESENTATION_CONTEXT() REPRESENTATION_CONTEXT('2D SPACE',''
  ) );
#12407 = PCURVE('',#1011,#12408);
#12408 = DEFINITIONAL_REPRESENTATION('',(#12409),#12413);
#12409 = LINE('',#12410,#12411);
#12410 = CARTESIAN_POINT('',(0.,-0.));
#12411 = VECTOR('',#12412,1.);
#12412 = DIRECTION('',(0.,1.));
#12413 = ( GEOMETRIC_REPRESENTATION_CONTEXT(2) 
PARAMETRIC_REPRESENTATION_CONTEXT() REPRESENTATION_CONTEXT('2D SPACE',''
  ) );
#12414 = ORIENTED_EDGE('',*,*,#990,.T.);
#12415 = ORIENTED_EDGE('',*,*,#12394,.T.);
#12416 = ADVANCED_FACE('',(#12417),#1046,.F.);
#12417 = FACE_BOUND('',#12418,.F.);
#12418 = EDGE_LOOP('',(#12419,#12420,#12441,#12442));
#12419 = ORIENTED_EDGE('',*,*,#7135,.F.);
#12420 = ORIENTED_EDGE('',*,*,#12421,.F.);
#12421 = EDGE_CURVE('',#1026,#7136,#12422,.T.);
#12422 = SEAM_CURVE('',#12423,(#12427,#12434),.PCURVE_S1.);
#12423 = LINE('',#12424,#12425);
#12424 = CARTESIAN_POINT('',(150.08,-111.48,-1.E-02));
#12425 = VECTOR('',#12426,1.);
#12426 = DIRECTION('',(0.,0.,1.));
#12427 = PCURVE('',#1046,#12428);
#12428 = DEFINITIONAL_REPRESENTATION('',(#12429),#12433);
#12429 = LINE('',#12430,#12431);
#12430 = CARTESIAN_POINT('',(6.28318530718,-0.));
#12431 = VECTOR('',#12432,1.);
#12432 = DIRECTION('',(0.,1.));
#12433 = ( GEOMETRIC_REPRESENTATION_CONTEXT(2) 
PARAMETRIC_REPRESENTATION_CONTEXT() REPRESENTATION_CONTEXT('2D SPACE',''
  ) );
#12434 = PCURVE('',#1046,#12435);
#12435 = DEFINITIONAL_REPRESENTATION('',(#12436),#12440);
#12436 = LINE('',#12437,#12438);
#12437 = CARTESIAN_POINT('',(0.,-0.));
#12438 = VECTOR('',#12439,1.);
#12439 = DIRECTION('',(0.,1.));
#12440 = ( GEOMETRIC_REPRESENTATION_CONTEXT(2) 
PARAMETRIC_REPRESENTATION_CONTEXT() REPRESENTATION_CONTEXT('2D SPACE',''
  ) );
#12441 = ORIENTED_EDGE('',*,*,#1025,.T.);
#12442 = ORIENTED_EDGE('',*,*,#12421,.T.);
#12443 = ADVANCED_FACE('',(#12444),#1081,.F.);
#12444 = FACE_BOUND('',#12445,.F.);
#12445 = EDGE_LOOP('',(#12446,#12447,#12468,#12469));
#12446 = ORIENTED_EDGE('',*,*,#7165,.F.);
#12447 = ORIENTED_EDGE('',*,*,#12448,.F.);
#12448 = EDGE_CURVE('',#1061,#7166,#12449,.T.);
#12449 = SEAM_CURVE('',#12450,(#12454,#12461),.PCURVE_S1.);
#12450 = LINE('',#12451,#12452);
#12451 = CARTESIAN_POINT('',(147.54,-111.48,-1.E-02));
#12452 = VECTOR('',#12453,1.);
#12453 = DIRECTION('',(0.,0.,1.));
#12454 = PCURVE('',#1081,#12455);
#12455 = DEFINITIONAL_REPRESENTATION('',(#12456),#12460);
#12456 = LINE('',#12457,#12458);
#12457 = CARTESIAN_POINT('',(6.28318530718,-0.));
#12458 = VECTOR('',#12459,1.);
#12459 = DIRECTION('',(0.,1.));
#12460 = ( GEOMETRIC_REPRESENTATION_CONTEXT(2) 
PARAMETRIC_REPRESENTATION_CONTEXT() REPRESENTATION_CONTEXT('2D SPACE',''
  ) );
#12461 = PCURVE('',#1081,#12462);
#12462 = DEFINITIONAL_REPRESENTATION('',(#12463),#12467);
#12463 = LINE('',#12464,#12465);
#12464 = CARTESIAN_POINT('',(0.,-0.));
#12465 = VECTOR('',#12466,1.);
#12466 = DIRECTION('',(0.,1.));
#12467 = ( GEOMETRIC_REPRESENTATION_CONTEXT(2) 
PARAMETRIC_REPRESENTATION_CONTEXT() REPRESENTATION_CONTEXT('2D SPACE',''
  ) );
#12468 = ORIENTED_EDGE('',*,*,#1060,.T.);
#12469 = ORIENTED_EDGE('',*,*,#12448,.T.);
#12470 = ADVANCED_FACE('',(#12471),#1116,.F.);
#12471 = FACE_BOUND('',#12472,.F.);
#12472 = EDGE_LOOP('',(#12473,#12474,#12495,#12496));
#12473 = ORIENTED_EDGE('',*,*,#7195,.F.);
#12474 = ORIENTED_EDGE('',*,*,#12475,.F.);
#12475 = EDGE_CURVE('',#1096,#7196,#12476,.T.);
#12476 = SEAM_CURVE('',#12477,(#12481,#12488),.PCURVE_S1.);
#12477 = LINE('',#12478,#12479);
#12478 = CARTESIAN_POINT('',(145.,-114.04,-1.E-02));
#12479 = VECTOR('',#12480,1.);
#12480 = DIRECTION('',(0.,0.,1.));
#12481 = PCURVE('',#1116,#12482);
#12482 = DEFINITIONAL_REPRESENTATION('',(#12483),#12487);
#12483 = LINE('',#12484,#12485);
#12484 = CARTESIAN_POINT('',(6.28318530718,-0.));
#12485 = VECTOR('',#12486,1.);
#12486 = DIRECTION('',(0.,1.));
#12487 = ( GEOMETRIC_REPRESENTATION_CONTEXT(2) 
PARAMETRIC_REPRESENTATION_CONTEXT() REPRESENTATION_CONTEXT('2D SPACE',''
  ) );
#12488 = PCURVE('',#1116,#12489);
#12489 = DEFINITIONAL_REPRESENTATION('',(#12490),#12494);
#12490 = LINE('',#12491,#12492);
#12491 = CARTESIAN_POINT('',(0.,-0.));
#12492 = VECTOR('',#12493,1.);
#12493 = DIRECTION('',(0.,1.));
#12494 = ( GEOMETRIC_REPRESENTATION_CONTEXT(2) 
PARAMETRIC_REPRESENTATION_CONTEXT() REPRESENTATION_CONTEXT('2D SPACE',''
  ) );
#12495 = ORIENTED_EDGE('',*,*,#1095,.T.);
#12496 = ORIENTED_EDGE('',*,*,#12475,.T.);
#12497 = ADVANCED_FACE('',(#12498),#1151,.F.);
#12498 = FACE_BOUND('',#12499,.F.);
#12499 = EDGE_LOOP('',(#12500,#12501,#12522,#12523));
#12500 = ORIENTED_EDGE('',*,*,#7225,.F.);
#12501 = ORIENTED_EDGE('',*,*,#12502,.F.);
#12502 = EDGE_CURVE('',#1131,#7226,#12503,.T.);
#12503 = SEAM_CURVE('',#12504,(#12508,#12515),.PCURVE_S1.);
#12504 = LINE('',#12505,#12506);
#12505 = CARTESIAN_POINT('',(142.46,-114.04,-1.E-02));
#12506 = VECTOR('',#12507,1.);
#12507 = DIRECTION('',(0.,0.,1.));
#12508 = PCURVE('',#1151,#12509);
#12509 = DEFINITIONAL_REPRESENTATION('',(#12510),#12514);
#12510 = LINE('',#12511,#12512);
#12511 = CARTESIAN_POINT('',(6.28318530718,-0.));
#12512 = VECTOR('',#12513,1.);
#12513 = DIRECTION('',(0.,1.));
#12514 = ( GEOMETRIC_REPRESENTATION_CONTEXT(2) 
PARAMETRIC_REPRESENTATION_CONTEXT() REPRESENTATION_CONTEXT('2D SPACE',''
  ) );
#12515 = PCURVE('',#1151,#12516);
#12516 = DEFINITIONAL_REPRESENTATION('',(#12517),#12521);
#12517 = LINE('',#12518,#12519);
#12518 = CARTESIAN_POINT('',(0.,-0.));
#12519 = VECTOR('',#12520,1.);
#12520 = DIRECTION('',(0.,1.));
#12521 = ( GEOMETRIC_REPRESENTATION_CONTEXT(2) 
PARAMETRIC_REPRESENTATION_CONTEXT() REPRESENTATION_CONTEXT('2D SPACE',''
  ) );
#12522 = ORIENTED_EDGE('',*,*,#1130,.T.);
#12523 = ORIENTED_EDGE('',*,*,#12502,.T.);
#12524 = ADVANCED_FACE('',(#12525),#1186,.F.);
#12525 = FACE_BOUND('',#12526,.F.);
#12526 = EDGE_LOOP('',(#12527,#12528,#12549,#12550));
#12527 = ORIENTED_EDGE('',*,*,#7255,.F.);
#12528 = ORIENTED_EDGE('',*,*,#12529,.F.);
#12529 = EDGE_CURVE('',#1166,#7256,#12530,.T.);
#12530 = SEAM_CURVE('',#12531,(#12535,#12542),.PCURVE_S1.);
#12531 = LINE('',#12532,#12533);
#12532 = CARTESIAN_POINT('',(145.,-111.48,-1.E-02));
#12533 = VECTOR('',#12534,1.);
#12534 = DIRECTION('',(0.,0.,1.));
#12535 = PCURVE('',#1186,#12536);
#12536 = DEFINITIONAL_REPRESENTATION('',(#12537),#12541);
#12537 = LINE('',#12538,#12539);
#12538 = CARTESIAN_POINT('',(6.28318530718,-0.));
#12539 = VECTOR('',#12540,1.);
#12540 = DIRECTION('',(0.,1.));
#12541 = ( GEOMETRIC_REPRESENTATION_CONTEXT(2) 
PARAMETRIC_REPRESENTATION_CONTEXT() REPRESENTATION_CONTEXT('2D SPACE',''
  ) );
#12542 = PCURVE('',#1186,#12543);
#12543 = DEFINITIONAL_REPRESENTATION('',(#12544),#12548);
#12544 = LINE('',#12545,#12546);
#12545 = CARTESIAN_POINT('',(0.,-0.));
#12546 = VECTOR('',#12547,1.);
#12547 = DIRECTION('',(0.,1.));
#12548 = ( GEOMETRIC_REPRESENTATION_CONTEXT(2) 
PARAMETRIC_REPRESENTATION_CONTEXT() REPRESENTATION_CONTEXT('2D SPACE',''
  ) );
#12549 = ORIENTED_EDGE('',*,*,#1165,.T.);
#12550 = ORIENTED_EDGE('',*,*,#12529,.T.);
#12551 = ADVANCED_FACE('',(#12552),#1221,.F.);
#12552 = FACE_BOUND('',#12553,.F.);
#12553 = EDGE_LOOP('',(#12554,#12555,#12576,#12577));
#12554 = ORIENTED_EDGE('',*,*,#7285,.F.);
#12555 = ORIENTED_EDGE('',*,*,#12556,.F.);
#12556 = EDGE_CURVE('',#1201,#7286,#12557,.T.);
#12557 = SEAM_CURVE('',#12558,(#12562,#12569),.PCURVE_S1.);
#12558 = LINE('',#12559,#12560);
#12559 = CARTESIAN_POINT('',(142.46,-111.48,-1.E-02));
#12560 = VECTOR('',#12561,1.);
#12561 = DIRECTION('',(0.,0.,1.));
#12562 = PCURVE('',#1221,#12563);
#12563 = DEFINITIONAL_REPRESENTATION('',(#12564),#12568);
#12564 = LINE('',#12565,#12566);
#12565 = CARTESIAN_POINT('',(6.28318530718,-0.));
#12566 = VECTOR('',#12567,1.);
#12567 = DIRECTION('',(0.,1.));
#12568 = ( GEOMETRIC_REPRESENTATION_CONTEXT(2) 
PARAMETRIC_REPRESENTATION_CONTEXT() REPRESENTATION_CONTEXT('2D SPACE',''
  ) );
#12569 = PCURVE('',#1221,#12570);
#12570 = DEFINITIONAL_REPRESENTATION('',(#12571),#12575);
#12571 = LINE('',#12572,#12573);
#12572 = CARTESIAN_POINT('',(0.,-0.));
#12573 = VECTOR('',#12574,1.);
#12574 = DIRECTION('',(0.,1.));
#12575 = ( GEOMETRIC_REPRESENTATION_CONTEXT(2) 
PARAMETRIC_REPRESENTATION_CONTEXT() REPRESENTATION_CONTEXT('2D SPACE',''
  ) );
#12576 = ORIENTED_EDGE('',*,*,#1200,.T.);
#12577 = ORIENTED_EDGE('',*,*,#12556,.T.);
#12578 = ADVANCED_FACE('',(#12579),#1256,.F.);
#12579 = FACE_BOUND('',#12580,.F.);
#12580 = EDGE_LOOP('',(#12581,#12582,#12603,#12604));
#12581 = ORIENTED_EDGE('',*,*,#7315,.F.);
#12582 = ORIENTED_EDGE('',*,*,#12583,.F.);
#12583 = EDGE_CURVE('',#1236,#7316,#12584,.T.);
#12584 = SEAM_CURVE('',#12585,(#12589,#12596),.PCURVE_S1.);
#12585 = LINE('',#12586,#12587);
#12586 = CARTESIAN_POINT('',(160.52,-106.68,-1.E-02));
#12587 = VECTOR('',#12588,1.);
#12588 = DIRECTION('',(0.,0.,1.));
#12589 = PCURVE('',#1256,#12590);
#12590 = DEFINITIONAL_REPRESENTATION('',(#12591),#12595);
#12591 = LINE('',#12592,#12593);
#12592 = CARTESIAN_POINT('',(6.28318530718,-0.));
#12593 = VECTOR('',#12594,1.);
#12594 = DIRECTION('',(0.,1.));
#12595 = ( GEOMETRIC_REPRESENTATION_CONTEXT(2) 
PARAMETRIC_REPRESENTATION_CONTEXT() REPRESENTATION_CONTEXT('2D SPACE',''
  ) );
#12596 = PCURVE('',#1256,#12597);
#12597 = DEFINITIONAL_REPRESENTATION('',(#12598),#12602);
#12598 = LINE('',#12599,#12600);
#12599 = CARTESIAN_POINT('',(0.,-0.));
#12600 = VECTOR('',#12601,1.);
#12601 = DIRECTION('',(0.,1.));
#12602 = ( GEOMETRIC_REPRESENTATION_CONTEXT(2) 
PARAMETRIC_REPRESENTATION_CONTEXT() REPRESENTATION_CONTEXT('2D SPACE',''
  ) );
#12603 = ORIENTED_EDGE('',*,*,#1235,.T.);
#12604 = ORIENTED_EDGE('',*,*,#12583,.T.);
#12605 = ADVANCED_FACE('',(#12606),#1291,.F.);
#12606 = FACE_BOUND('',#12607,.F.);
#12607 = EDGE_LOOP('',(#12608,#12609,#12630,#12631));
#12608 = ORIENTED_EDGE('',*,*,#7345,.F.);
#12609 = ORIENTED_EDGE('',*,*,#12610,.F.);
#12610 = EDGE_CURVE('',#1271,#7346,#12611,.T.);
#12611 = SEAM_CURVE('',#12612,(#12616,#12623),.PCURVE_S1.);
#12612 = LINE('',#12613,#12614);
#12613 = CARTESIAN_POINT('',(170.68,-101.68,-1.E-02));
#12614 = VECTOR('',#12615,1.);
#12615 = DIRECTION('',(0.,0.,1.));
#12616 = PCURVE('',#1291,#12617);
#12617 = DEFINITIONAL_REPRESENTATION('',(#12618),#12622);
#12618 = LINE('',#12619,#12620);
#12619 = CARTESIAN_POINT('',(6.28318530718,-0.));
#12620 = VECTOR('',#12621,1.);
#12621 = DIRECTION('',(0.,1.));
#12622 = ( GEOMETRIC_REPRESENTATION_CONTEXT(2) 
PARAMETRIC_REPRESENTATION_CONTEXT() REPRESENTATION_CONTEXT('2D SPACE',''
  ) );
#12623 = PCURVE('',#1291,#12624);
#12624 = DEFINITIONAL_REPRESENTATION('',(#12625),#12629);
#12625 = LINE('',#12626,#12627);
#12626 = CARTESIAN_POINT('',(0.,-0.));
#12627 = VECTOR('',#12628,1.);
#12628 = DIRECTION('',(0.,1.));
#12629 = ( GEOMETRIC_REPRESENTATION_CONTEXT(2) 
PARAMETRIC_REPRESENTATION_CONTEXT() REPRESENTATION_CONTEXT('2D SPACE',''
  ) );
#12630 = ORIENTED_EDGE('',*,*,#1270,.T.);
#12631 = ORIENTED_EDGE('',*,*,#12610,.T.);
#12632 = ADVANCED_FACE('',(#12633),#1326,.F.);
#12633 = FACE_BOUND('',#12634,.F.);
#12634 = EDGE_LOOP('',(#12635,#12636,#12657,#12658));
#12635 = ORIENTED_EDGE('',*,*,#7375,.F.);
#12636 = ORIENTED_EDGE('',*,*,#12637,.F.);
#12637 = EDGE_CURVE('',#1306,#7376,#12638,.T.);
#12638 = SEAM_CURVE('',#12639,(#12643,#12650),.PCURVE_S1.);
#12639 = LINE('',#12640,#12641);
#12640 = CARTESIAN_POINT('',(169.41,-95.25,-1.E-02));
#12641 = VECTOR('',#12642,1.);
#12642 = DIRECTION('',(0.,0.,1.));
#12643 = PCURVE('',#1326,#12644);
#12644 = DEFINITIONAL_REPRESENTATION('',(#12645),#12649);
#12645 = LINE('',#12646,#12647);
#12646 = CARTESIAN_POINT('',(6.28318530718,-0.));
#12647 = VECTOR('',#12648,1.);
#12648 = DIRECTION('',(0.,1.));
#12649 = ( GEOMETRIC_REPRESENTATION_CONTEXT(2) 
PARAMETRIC_REPRESENTATION_CONTEXT() REPRESENTATION_CONTEXT('2D SPACE',''
  ) );
#12650 = PCURVE('',#1326,#12651);
#12651 = DEFINITIONAL_REPRESENTATION('',(#12652),#12656);
#12652 = LINE('',#12653,#12654);
#12653 = CARTESIAN_POINT('',(0.,-0.));
#12654 = VECTOR('',#12655,1.);
#12655 = DIRECTION('',(0.,1.));
#12656 = ( GEOMETRIC_REPRESENTATION_CONTEXT(2) 
PARAMETRIC_REPRESENTATION_CONTEXT() REPRESENTATION_CONTEXT('2D SPACE',''
  ) );
#12657 = ORIENTED_EDGE('',*,*,#1305,.T.);
#12658 = ORIENTED_EDGE('',*,*,#12637,.T.);
#12659 = ADVANCED_FACE('',(#12660),#1361,.F.);
#12660 = FACE_BOUND('',#12661,.F.);
#12661 = EDGE_LOOP('',(#12662,#12663,#12684,#12685));
#12662 = ORIENTED_EDGE('',*,*,#7405,.F.);
#12663 = ORIENTED_EDGE('',*,*,#12664,.F.);
#12664 = EDGE_CURVE('',#1341,#7406,#12665,.T.);
#12665 = SEAM_CURVE('',#12666,(#12670,#12677),.PCURVE_S1.);
#12666 = LINE('',#12667,#12668);
#12667 = CARTESIAN_POINT('',(183.38,-93.98,-1.E-02));
#12668 = VECTOR('',#12669,1.);
#12669 = DIRECTION('',(0.,0.,1.));
#12670 = PCURVE('',#1361,#12671);
#12671 = DEFINITIONAL_REPRESENTATION('',(#12672),#12676);
#12672 = LINE('',#12673,#12674);
#12673 = CARTESIAN_POINT('',(6.28318530718,-0.));
#12674 = VECTOR('',#12675,1.);
#12675 = DIRECTION('',(0.,1.));
#12676 = ( GEOMETRIC_REPRESENTATION_CONTEXT(2) 
PARAMETRIC_REPRESENTATION_CONTEXT() REPRESENTATION_CONTEXT('2D SPACE',''
  ) );
#12677 = PCURVE('',#1361,#12678);
#12678 = DEFINITIONAL_REPRESENTATION('',(#12679),#12683);
#12679 = LINE('',#12680,#12681);
#12680 = CARTESIAN_POINT('',(0.,-0.));
#12681 = VECTOR('',#12682,1.);
#12682 = DIRECTION('',(0.,1.));
#12683 = ( GEOMETRIC_REPRESENTATION_CONTEXT(2) 
PARAMETRIC_REPRESENTATION_CONTEXT() REPRESENTATION_CONTEXT('2D SPACE',''
  ) );
#12684 = ORIENTED_EDGE('',*,*,#1340,.T.);
#12685 = ORIENTED_EDGE('',*,*,#12664,.T.);
#12686 = ADVANCED_FACE('',(#12687),#1396,.F.);
#12687 = FACE_BOUND('',#12688,.F.);
#12688 = EDGE_LOOP('',(#12689,#12690,#12711,#12712));
#12689 = ORIENTED_EDGE('',*,*,#7435,.F.);
#12690 = ORIENTED_EDGE('',*,*,#12691,.F.);
#12691 = EDGE_CURVE('',#1376,#7436,#12692,.T.);
#12692 = SEAM_CURVE('',#12693,(#12697,#12704),.PCURVE_S1.);
#12693 = LINE('',#12694,#12695);
#12694 = CARTESIAN_POINT('',(183.38,-91.44,-1.E-02));
#12695 = VECTOR('',#12696,1.);
#12696 = DIRECTION('',(0.,0.,1.));
#12697 = PCURVE('',#1396,#12698);
#12698 = DEFINITIONAL_REPRESENTATION('',(#12699),#12703);
#12699 = LINE('',#12700,#12701);
#12700 = CARTESIAN_POINT('',(6.28318530718,-0.));
#12701 = VECTOR('',#12702,1.);
#12702 = DIRECTION('',(0.,1.));
#12703 = ( GEOMETRIC_REPRESENTATION_CONTEXT(2) 
PARAMETRIC_REPRESENTATION_CONTEXT() REPRESENTATION_CONTEXT('2D SPACE',''
  ) );
#12704 = PCURVE('',#1396,#12705);
#12705 = DEFINITIONAL_REPRESENTATION('',(#12706),#12710);
#12706 = LINE('',#12707,#12708);
#12707 = CARTESIAN_POINT('',(0.,-0.));
#12708 = VECTOR('',#12709,1.);
#12709 = DIRECTION('',(0.,1.));
#12710 = ( GEOMETRIC_REPRESENTATION_CONTEXT(2) 
PARAMETRIC_REPRESENTATION_CONTEXT() REPRESENTATION_CONTEXT('2D SPACE',''
  ) );
#12711 = ORIENTED_EDGE('',*,*,#1375,.T.);
#12712 = ORIENTED_EDGE('',*,*,#12691,.T.);
#12713 = ADVANCED_FACE('',(#12714),#1431,.F.);
#12714 = FACE_BOUND('',#12715,.F.);
#12715 = EDGE_LOOP('',(#12716,#12717,#12738,#12739));
#12716 = ORIENTED_EDGE('',*,*,#7465,.F.);
#12717 = ORIENTED_EDGE('',*,*,#12718,.F.);
#12718 = EDGE_CURVE('',#1411,#7466,#12719,.T.);
#12719 = SEAM_CURVE('',#12720,(#12724,#12731),.PCURVE_S1.);
#12720 = LINE('',#12721,#12722);
#12721 = CARTESIAN_POINT('',(183.38,-88.9,-1.E-02));
#12722 = VECTOR('',#12723,1.);
#12723 = DIRECTION('',(0.,0.,1.));
#12724 = PCURVE('',#1431,#12725);
#12725 = DEFINITIONAL_REPRESENTATION('',(#12726),#12730);
#12726 = LINE('',#12727,#12728);
#12727 = CARTESIAN_POINT('',(6.28318530718,-0.));
#12728 = VECTOR('',#12729,1.);
#12729 = DIRECTION('',(0.,1.));
#12730 = ( GEOMETRIC_REPRESENTATION_CONTEXT(2) 
PARAMETRIC_REPRESENTATION_CONTEXT() REPRESENTATION_CONTEXT('2D SPACE',''
  ) );
#12731 = PCURVE('',#1431,#12732);
#12732 = DEFINITIONAL_REPRESENTATION('',(#12733),#12737);
#12733 = LINE('',#12734,#12735);
#12734 = CARTESIAN_POINT('',(0.,-0.));
#12735 = VECTOR('',#12736,1.);
#12736 = DIRECTION('',(0.,1.));
#12737 = ( GEOMETRIC_REPRESENTATION_CONTEXT(2) 
PARAMETRIC_REPRESENTATION_CONTEXT() REPRESENTATION_CONTEXT('2D SPACE',''
  ) );
#12738 = ORIENTED_EDGE('',*,*,#1410,.T.);
#12739 = ORIENTED_EDGE('',*,*,#12718,.T.);
#12740 = ADVANCED_FACE('',(#12741),#1466,.F.);
#12741 = FACE_BOUND('',#12742,.F.);
#12742 = EDGE_LOOP('',(#12743,#12744,#12765,#12766));
#12743 = ORIENTED_EDGE('',*,*,#7495,.F.);
#12744 = ORIENTED_EDGE('',*,*,#12745,.F.);
#12745 = EDGE_CURVE('',#1446,#7496,#12746,.T.);
#12746 = SEAM_CURVE('',#12747,(#12751,#12758),.PCURVE_S1.);
#12747 = LINE('',#12748,#12749);
#12748 = CARTESIAN_POINT('',(183.38,-86.36,-1.E-02));
#12749 = VECTOR('',#12750,1.);
#12750 = DIRECTION('',(0.,0.,1.));
#12751 = PCURVE('',#1466,#12752);
#12752 = DEFINITIONAL_REPRESENTATION('',(#12753),#12757);
#12753 = LINE('',#12754,#12755);
#12754 = CARTESIAN_POINT('',(6.28318530718,-0.));
#12755 = VECTOR('',#12756,1.);
#12756 = DIRECTION('',(0.,1.));
#12757 = ( GEOMETRIC_REPRESENTATION_CONTEXT(2) 
PARAMETRIC_REPRESENTATION_CONTEXT() REPRESENTATION_CONTEXT('2D SPACE',''
  ) );
#12758 = PCURVE('',#1466,#12759);
#12759 = DEFINITIONAL_REPRESENTATION('',(#12760),#12764);
#12760 = LINE('',#12761,#12762);
#12761 = CARTESIAN_POINT('',(0.,-0.));
#12762 = VECTOR('',#12763,1.);
#12763 = DIRECTION('',(0.,1.));
#12764 = ( GEOMETRIC_REPRESENTATION_CONTEXT(2) 
PARAMETRIC_REPRESENTATION_CONTEXT() REPRESENTATION_CONTEXT('2D SPACE',''
  ) );
#12765 = ORIENTED_EDGE('',*,*,#1445,.T.);
#12766 = ORIENTED_EDGE('',*,*,#12745,.T.);
#12767 = ADVANCED_FACE('',(#12768),#1501,.F.);
#12768 = FACE_BOUND('',#12769,.F.);
#12769 = EDGE_LOOP('',(#12770,#12771,#12792,#12793));
#12770 = ORIENTED_EDGE('',*,*,#7525,.F.);
#12771 = ORIENTED_EDGE('',*,*,#12772,.F.);
#12772 = EDGE_CURVE('',#1481,#7526,#12773,.T.);
#12773 = SEAM_CURVE('',#12774,(#12778,#12785),.PCURVE_S1.);
#12774 = LINE('',#12775,#12776);
#12775 = CARTESIAN_POINT('',(169.41,-92.71,-1.E-02));
#12776 = VECTOR('',#12777,1.);
#12777 = DIRECTION('',(0.,0.,1.));
#12778 = PCURVE('',#1501,#12779);
#12779 = DEFINITIONAL_REPRESENTATION('',(#12780),#12784);
#12780 = LINE('',#12781,#12782);
#12781 = CARTESIAN_POINT('',(6.28318530718,-0.));
#12782 = VECTOR('',#12783,1.);
#12783 = DIRECTION('',(0.,1.));
#12784 = ( GEOMETRIC_REPRESENTATION_CONTEXT(2) 
PARAMETRIC_REPRESENTATION_CONTEXT() REPRESENTATION_CONTEXT('2D SPACE',''
  ) );
#12785 = PCURVE('',#1501,#12786);
#12786 = DEFINITIONAL_REPRESENTATION('',(#12787),#12791);
#12787 = LINE('',#12788,#12789);
#12788 = CARTESIAN_POINT('',(0.,-0.));
#12789 = VECTOR('',#12790,1.);
#12790 = DIRECTION('',(0.,1.));
#12791 = ( GEOMETRIC_REPRESENTATION_CONTEXT(2) 
PARAMETRIC_REPRESENTATION_CONTEXT() REPRESENTATION_CONTEXT('2D SPACE',''
  ) );
#12792 = ORIENTED_EDGE('',*,*,#1480,.T.);
#12793 = ORIENTED_EDGE('',*,*,#12772,.T.);
#12794 = ADVANCED_FACE('',(#12795),#1536,.F.);
#12795 = FACE_BOUND('',#12796,.F.);
#12796 = EDGE_LOOP('',(#12797,#12798,#12819,#12820));
#12797 = ORIENTED_EDGE('',*,*,#7555,.F.);
#12798 = ORIENTED_EDGE('',*,*,#12799,.F.);
#12799 = EDGE_CURVE('',#1516,#7556,#12800,.T.);
#12800 = SEAM_CURVE('',#12801,(#12805,#12812),.PCURVE_S1.);
#12801 = LINE('',#12802,#12803);
#12802 = CARTESIAN_POINT('',(169.41,-90.17,-1.E-02));
#12803 = VECTOR('',#12804,1.);
#12804 = DIRECTION('',(0.,0.,1.));
#12805 = PCURVE('',#1536,#12806);
#12806 = DEFINITIONAL_REPRESENTATION('',(#12807),#12811);
#12807 = LINE('',#12808,#12809);
#12808 = CARTESIAN_POINT('',(6.28318530718,-0.));
#12809 = VECTOR('',#12810,1.);
#12810 = DIRECTION('',(0.,1.));
#12811 = ( GEOMETRIC_REPRESENTATION_CONTEXT(2) 
PARAMETRIC_REPRESENTATION_CONTEXT() REPRESENTATION_CONTEXT('2D SPACE',''
  ) );
#12812 = PCURVE('',#1536,#12813);
#12813 = DEFINITIONAL_REPRESENTATION('',(#12814),#12818);
#12814 = LINE('',#12815,#12816);
#12815 = CARTESIAN_POINT('',(0.,-0.));
#12816 = VECTOR('',#12817,1.);
#12817 = DIRECTION('',(0.,1.));
#12818 = ( GEOMETRIC_REPRESENTATION_CONTEXT(2) 
PARAMETRIC_REPRESENTATION_CONTEXT() REPRESENTATION_CONTEXT('2D SPACE',''
  ) );
#12819 = ORIENTED_EDGE('',*,*,#1515,.T.);
#12820 = ORIENTED_EDGE('',*,*,#12799,.T.);
#12821 = ADVANCED_FACE('',(#12822),#1571,.F.);
#12822 = FACE_BOUND('',#12823,.F.);
#12823 = EDGE_LOOP('',(#12824,#12825,#12846,#12847));
#12824 = ORIENTED_EDGE('',*,*,#7585,.F.);
#12825 = ORIENTED_EDGE('',*,*,#12826,.F.);
#12826 = EDGE_CURVE('',#1551,#7586,#12827,.T.);
#12827 = SEAM_CURVE('',#12828,(#12832,#12839),.PCURVE_S1.);
#12828 = LINE('',#12829,#12830);
#12829 = CARTESIAN_POINT('',(169.41,-87.63,-1.E-02));
#12830 = VECTOR('',#12831,1.);
#12831 = DIRECTION('',(0.,0.,1.));
#12832 = PCURVE('',#1571,#12833);
#12833 = DEFINITIONAL_REPRESENTATION('',(#12834),#12838);
#12834 = LINE('',#12835,#12836);
#12835 = CARTESIAN_POINT('',(6.28318530718,-0.));
#12836 = VECTOR('',#12837,1.);
#12837 = DIRECTION('',(0.,1.));
#12838 = ( GEOMETRIC_REPRESENTATION_CONTEXT(2) 
PARAMETRIC_REPRESENTATION_CONTEXT() REPRESENTATION_CONTEXT('2D SPACE',''
  ) );
#12839 = PCURVE('',#1571,#12840);
#12840 = DEFINITIONAL_REPRESENTATION('',(#12841),#12845);
#12841 = LINE('',#12842,#12843);
#12842 = CARTESIAN_POINT('',(0.,-0.));
#12843 = VECTOR('',#12844,1.);
#12844 = DIRECTION('',(0.,1.));
#12845 = ( GEOMETRIC_REPRESENTATION_CONTEXT(2) 
PARAMETRIC_REPRESENTATION_CONTEXT() REPRESENTATION_CONTEXT('2D SPACE',''
  ) );
#12846 = ORIENTED_EDGE('',*,*,#1550,.T.);
#12847 = ORIENTED_EDGE('',*,*,#12826,.T.);
#12848 = ADVANCED_FACE('',(#12849),#1606,.F.);
#12849 = FACE_BOUND('',#12850,.F.);
#12850 = EDGE_LOOP('',(#12851,#12852,#12873,#12874));
#12851 = ORIENTED_EDGE('',*,*,#7615,.F.);
#12852 = ORIENTED_EDGE('',*,*,#12853,.F.);
#12853 = EDGE_CURVE('',#1586,#7616,#12854,.T.);
#12854 = SEAM_CURVE('',#12855,(#12859,#12866),.PCURVE_S1.);
#12855 = LINE('',#12856,#12857);
#12856 = CARTESIAN_POINT('',(160.52,-101.68,-1.E-02));
#12857 = VECTOR('',#12858,1.);
#12858 = DIRECTION('',(0.,0.,1.));
#12859 = PCURVE('',#1606,#12860);
#12860 = DEFINITIONAL_REPRESENTATION('',(#12861),#12865);
#12861 = LINE('',#12862,#12863);
#12862 = CARTESIAN_POINT('',(6.28318530718,-0.));
#12863 = VECTOR('',#12864,1.);
#12864 = DIRECTION('',(0.,1.));
#12865 = ( GEOMETRIC_REPRESENTATION_CONTEXT(2) 
PARAMETRIC_REPRESENTATION_CONTEXT() REPRESENTATION_CONTEXT('2D SPACE',''
  ) );
#12866 = PCURVE('',#1606,#12867);
#12867 = DEFINITIONAL_REPRESENTATION('',(#12868),#12872);
#12868 = LINE('',#12869,#12870);
#12869 = CARTESIAN_POINT('',(0.,-0.));
#12870 = VECTOR('',#12871,1.);
#12871 = DIRECTION('',(0.,1.));
#12872 = ( GEOMETRIC_REPRESENTATION_CONTEXT(2) 
PARAMETRIC_REPRESENTATION_CONTEXT() REPRESENTATION_CONTEXT('2D SPACE',''
  ) );
#12873 = ORIENTED_EDGE('',*,*,#1585,.T.);
#12874 = ORIENTED_EDGE('',*,*,#12853,.T.);
#12875 = ADVANCED_FACE('',(#12876),#1641,.F.);
#12876 = FACE_BOUND('',#12877,.F.);
#12877 = EDGE_LOOP('',(#12878,#12879,#12900,#12901));
#12878 = ORIENTED_EDGE('',*,*,#7645,.F.);
#12879 = ORIENTED_EDGE('',*,*,#12880,.F.);
#12880 = EDGE_CURVE('',#1621,#7646,#12881,.T.);
#12881 = SEAM_CURVE('',#12882,(#12886,#12893),.PCURVE_S1.);
#12882 = LINE('',#12883,#12884);
#12883 = CARTESIAN_POINT('',(161.79,-95.25,-1.E-02));
#12884 = VECTOR('',#12885,1.);
#12885 = DIRECTION('',(0.,0.,1.));
#12886 = PCURVE('',#1641,#12887);
#12887 = DEFINITIONAL_REPRESENTATION('',(#12888),#12892);
#12888 = LINE('',#12889,#12890);
#12889 = CARTESIAN_POINT('',(6.28318530718,-0.));
#12890 = VECTOR('',#12891,1.);
#12891 = DIRECTION('',(0.,1.));
#12892 = ( GEOMETRIC_REPRESENTATION_CONTEXT(2) 
PARAMETRIC_REPRESENTATION_CONTEXT() REPRESENTATION_CONTEXT('2D SPACE',''
  ) );
#12893 = PCURVE('',#1641,#12894);
#12894 = DEFINITIONAL_REPRESENTATION('',(#12895),#12899);
#12895 = LINE('',#12896,#12897);
#12896 = CARTESIAN_POINT('',(0.,-0.));
#12897 = VECTOR('',#12898,1.);
#12898 = DIRECTION('',(0.,1.));
#12899 = ( GEOMETRIC_REPRESENTATION_CONTEXT(2) 
PARAMETRIC_REPRESENTATION_CONTEXT() REPRESENTATION_CONTEXT('2D SPACE',''
  ) );
#12900 = ORIENTED_EDGE('',*,*,#1620,.T.);
#12901 = ORIENTED_EDGE('',*,*,#12880,.T.);
#12902 = ADVANCED_FACE('',(#12903),#1676,.F.);
#12903 = FACE_BOUND('',#12904,.F.);
#12904 = EDGE_LOOP('',(#12905,#12906,#12927,#12928));
#12905 = ORIENTED_EDGE('',*,*,#7675,.F.);
#12906 = ORIENTED_EDGE('',*,*,#12907,.F.);
#12907 = EDGE_CURVE('',#1656,#7676,#12908,.T.);
#12908 = SEAM_CURVE('',#12909,(#12913,#12920),.PCURVE_S1.);
#12909 = LINE('',#12910,#12911);
#12910 = CARTESIAN_POINT('',(161.79,-92.71,-1.E-02));
#12911 = VECTOR('',#12912,1.);
#12912 = DIRECTION('',(0.,0.,1.));
#12913 = PCURVE('',#1676,#12914);
#12914 = DEFINITIONAL_REPRESENTATION('',(#12915),#12919);
#12915 = LINE('',#12916,#12917);
#12916 = CARTESIAN_POINT('',(6.28318530718,-0.));
#12917 = VECTOR('',#12918,1.);
#12918 = DIRECTION('',(0.,1.));
#12919 = ( GEOMETRIC_REPRESENTATION_CONTEXT(2) 
PARAMETRIC_REPRESENTATION_CONTEXT() REPRESENTATION_CONTEXT('2D SPACE',''
  ) );
#12920 = PCURVE('',#1676,#12921);
#12921 = DEFINITIONAL_REPRESENTATION('',(#12922),#12926);
#12922 = LINE('',#12923,#12924);
#12923 = CARTESIAN_POINT('',(0.,-0.));
#12924 = VECTOR('',#12925,1.);
#12925 = DIRECTION('',(0.,1.));
#12926 = ( GEOMETRIC_REPRESENTATION_CONTEXT(2) 
PARAMETRIC_REPRESENTATION_CONTEXT() REPRESENTATION_CONTEXT('2D SPACE',''
  ) );
#12927 = ORIENTED_EDGE('',*,*,#1655,.T.);
#12928 = ORIENTED_EDGE('',*,*,#12907,.T.);
#12929 = ADVANCED_FACE('',(#12930),#1711,.F.);
#12930 = FACE_BOUND('',#12931,.F.);
#12931 = EDGE_LOOP('',(#12932,#12933,#12954,#12955));
#12932 = ORIENTED_EDGE('',*,*,#7705,.F.);
#12933 = ORIENTED_EDGE('',*,*,#12934,.F.);
#12934 = EDGE_CURVE('',#1691,#7706,#12935,.T.);
#12935 = SEAM_CURVE('',#12936,(#12940,#12947),.PCURVE_S1.);
#12936 = LINE('',#12937,#12938);
#12937 = CARTESIAN_POINT('',(161.79,-90.17,-1.E-02));
#12938 = VECTOR('',#12939,1.);
#12939 = DIRECTION('',(0.,0.,1.));
#12940 = PCURVE('',#1711,#12941);
#12941 = DEFINITIONAL_REPRESENTATION('',(#12942),#12946);
#12942 = LINE('',#12943,#12944);
#12943 = CARTESIAN_POINT('',(6.28318530718,-0.));
#12944 = VECTOR('',#12945,1.);
#12945 = DIRECTION('',(0.,1.));
#12946 = ( GEOMETRIC_REPRESENTATION_CONTEXT(2) 
PARAMETRIC_REPRESENTATION_CONTEXT() REPRESENTATION_CONTEXT('2D SPACE',''
  ) );
#12947 = PCURVE('',#1711,#12948);
#12948 = DEFINITIONAL_REPRESENTATION('',(#12949),#12953);
#12949 = LINE('',#12950,#12951);
#12950 = CARTESIAN_POINT('',(0.,-0.));
#12951 = VECTOR('',#12952,1.);
#12952 = DIRECTION('',(0.,1.));
#12953 = ( GEOMETRIC_REPRESENTATION_CONTEXT(2) 
PARAMETRIC_REPRESENTATION_CONTEXT() REPRESENTATION_CONTEXT('2D SPACE',''
  ) );
#12954 = ORIENTED_EDGE('',*,*,#1690,.T.);
#12955 = ORIENTED_EDGE('',*,*,#12934,.T.);
#12956 = ADVANCED_FACE('',(#12957),#1746,.F.);
#12957 = FACE_BOUND('',#12958,.F.);
#12958 = EDGE_LOOP('',(#12959,#12960,#12981,#12982));
#12959 = ORIENTED_EDGE('',*,*,#7735,.F.);
#12960 = ORIENTED_EDGE('',*,*,#12961,.F.);
#12961 = EDGE_CURVE('',#1726,#7736,#12962,.T.);
#12962 = SEAM_CURVE('',#12963,(#12967,#12974),.PCURVE_S1.);
#12963 = LINE('',#12964,#12965);
#12964 = CARTESIAN_POINT('',(161.79,-87.63,-1.E-02));
#12965 = VECTOR('',#12966,1.);
#12966 = DIRECTION('',(0.,0.,1.));
#12967 = PCURVE('',#1746,#12968);
#12968 = DEFINITIONAL_REPRESENTATION('',(#12969),#12973);
#12969 = LINE('',#12970,#12971);
#12970 = CARTESIAN_POINT('',(6.28318530718,-0.));
#12971 = VECTOR('',#12972,1.);
#12972 = DIRECTION('',(0.,1.));
#12973 = ( GEOMETRIC_REPRESENTATION_CONTEXT(2) 
PARAMETRIC_REPRESENTATION_CONTEXT() REPRESENTATION_CONTEXT('2D SPACE',''
  ) );
#12974 = PCURVE('',#1746,#12975);
#12975 = DEFINITIONAL_REPRESENTATION('',(#12976),#12980);
#12976 = LINE('',#12977,#12978);
#12977 = CARTESIAN_POINT('',(0.,-0.));
#12978 = VECTOR('',#12979,1.);
#12979 = DIRECTION('',(0.,1.));
#12980 = ( GEOMETRIC_REPRESENTATION_CONTEXT(2) 
PARAMETRIC_REPRESENTATION_CONTEXT() REPRESENTATION_CONTEXT('2D SPACE',''
  ) );
#12981 = ORIENTED_EDGE('',*,*,#1725,.T.);
#12982 = ORIENTED_EDGE('',*,*,#12961,.T.);
#12983 = ADVANCED_FACE('',(#12984),#1781,.F.);
#12984 = FACE_BOUND('',#12985,.F.);
#12985 = EDGE_LOOP('',(#12986,#12987,#13008,#13009));
#12986 = ORIENTED_EDGE('',*,*,#7765,.F.);
#12987 = ORIENTED_EDGE('',*,*,#12988,.F.);
#12988 = EDGE_CURVE('',#1761,#7766,#12989,.T.);
#12989 = SEAM_CURVE('',#12990,(#12994,#13001),.PCURVE_S1.);
#12990 = LINE('',#12991,#12992);
#12991 = CARTESIAN_POINT('',(139.92,-119.16,-1.E-02));
#12992 = VECTOR('',#12993,1.);
#12993 = DIRECTION('',(0.,0.,1.));
#12994 = PCURVE('',#1781,#12995);
#12995 = DEFINITIONAL_REPRESENTATION('',(#12996),#13000);
#12996 = LINE('',#12997,#12998);
#12997 = CARTESIAN_POINT('',(6.28318530718,-0.));
#12998 = VECTOR('',#12999,1.);
#12999 = DIRECTION('',(0.,1.));
#13000 = ( GEOMETRIC_REPRESENTATION_CONTEXT(2) 
PARAMETRIC_REPRESENTATION_CONTEXT() REPRESENTATION_CONTEXT('2D SPACE',''
  ) );
#13001 = PCURVE('',#1781,#13002);
#13002 = DEFINITIONAL_REPRESENTATION('',(#13003),#13007);
#13003 = LINE('',#13004,#13005);
#13004 = CARTESIAN_POINT('',(0.,-0.));
#13005 = VECTOR('',#13006,1.);
#13006 = DIRECTION('',(0.,1.));
#13007 = ( GEOMETRIC_REPRESENTATION_CONTEXT(2) 
PARAMETRIC_REPRESENTATION_CONTEXT() REPRESENTATION_CONTEXT('2D SPACE',''
  ) );
#13008 = ORIENTED_EDGE('',*,*,#1760,.T.);
#13009 = ORIENTED_EDGE('',*,*,#12988,.T.);
#13010 = ADVANCED_FACE('',(#13011),#1816,.F.);
#13011 = FACE_BOUND('',#13012,.F.);
#13012 = EDGE_LOOP('',(#13013,#13014,#13035,#13036));
#13013 = ORIENTED_EDGE('',*,*,#7795,.F.);
#13014 = ORIENTED_EDGE('',*,*,#13015,.F.);
#13015 = EDGE_CURVE('',#1796,#7796,#13016,.T.);
#13016 = SEAM_CURVE('',#13017,(#13021,#13028),.PCURVE_S1.);
#13017 = LINE('',#13018,#13019);
#13018 = CARTESIAN_POINT('',(137.38,-119.16,-1.E-02));
#13019 = VECTOR('',#13020,1.);
#13020 = DIRECTION('',(0.,0.,1.));
#13021 = PCURVE('',#1816,#13022);
#13022 = DEFINITIONAL_REPRESENTATION('',(#13023),#13027);
#13023 = LINE('',#13024,#13025);
#13024 = CARTESIAN_POINT('',(6.28318530718,-0.));
#13025 = VECTOR('',#13026,1.);
#13026 = DIRECTION('',(0.,1.));
#13027 = ( GEOMETRIC_REPRESENTATION_CONTEXT(2) 
PARAMETRIC_REPRESENTATION_CONTEXT() REPRESENTATION_CONTEXT('2D SPACE',''
  ) );
#13028 = PCURVE('',#1816,#13029);
#13029 = DEFINITIONAL_REPRESENTATION('',(#13030),#13034);
#13030 = LINE('',#13031,#13032);
#13031 = CARTESIAN_POINT('',(0.,-0.));
#13032 = VECTOR('',#13033,1.);
#13033 = DIRECTION('',(0.,1.));
#13034 = ( GEOMETRIC_REPRESENTATION_CONTEXT(2) 
PARAMETRIC_REPRESENTATION_CONTEXT() REPRESENTATION_CONTEXT('2D SPACE',''
  ) );
#13035 = ORIENTED_EDGE('',*,*,#1795,.T.);
#13036 = ORIENTED_EDGE('',*,*,#13015,.T.);
#13037 = ADVANCED_FACE('',(#13038),#1851,.F.);
#13038 = FACE_BOUND('',#13039,.F.);
#13039 = EDGE_LOOP('',(#13040,#13041,#13062,#13063));
#13040 = ORIENTED_EDGE('',*,*,#7825,.F.);
#13041 = ORIENTED_EDGE('',*,*,#13042,.F.);
#13042 = EDGE_CURVE('',#1831,#7826,#13043,.T.);
#13043 = SEAM_CURVE('',#13044,(#13048,#13055),.PCURVE_S1.);
#13044 = LINE('',#13045,#13046);
#13045 = CARTESIAN_POINT('',(139.92,-116.6,-1.E-02));
#13046 = VECTOR('',#13047,1.);
#13047 = DIRECTION('',(0.,0.,1.));
#13048 = PCURVE('',#1851,#13049);
#13049 = DEFINITIONAL_REPRESENTATION('',(#13050),#13054);
#13050 = LINE('',#13051,#13052);
#13051 = CARTESIAN_POINT('',(6.28318530718,-0.));
#13052 = VECTOR('',#13053,1.);
#13053 = DIRECTION('',(0.,1.));
#13054 = ( GEOMETRIC_REPRESENTATION_CONTEXT(2) 
PARAMETRIC_REPRESENTATION_CONTEXT() REPRESENTATION_CONTEXT('2D SPACE',''
  ) );
#13055 = PCURVE('',#1851,#13056);
#13056 = DEFINITIONAL_REPRESENTATION('',(#13057),#13061);
#13057 = LINE('',#13058,#13059);
#13058 = CARTESIAN_POINT('',(0.,-0.));
#13059 = VECTOR('',#13060,1.);
#13060 = DIRECTION('',(0.,1.));
#13061 = ( GEOMETRIC_REPRESENTATION_CONTEXT(2) 
PARAMETRIC_REPRESENTATION_CONTEXT() REPRESENTATION_CONTEXT('2D SPACE',''
  ) );
#13062 = ORIENTED_EDGE('',*,*,#1830,.T.);
#13063 = ORIENTED_EDGE('',*,*,#13042,.T.);
#13064 = ADVANCED_FACE('',(#13065),#1886,.F.);
#13065 = FACE_BOUND('',#13066,.F.);
#13066 = EDGE_LOOP('',(#13067,#13068,#13089,#13090));
#13067 = ORIENTED_EDGE('',*,*,#7855,.F.);
#13068 = ORIENTED_EDGE('',*,*,#13069,.F.);
#13069 = EDGE_CURVE('',#1866,#7856,#13070,.T.);
#13070 = SEAM_CURVE('',#13071,(#13075,#13082),.PCURVE_S1.);
#13071 = LINE('',#13072,#13073);
#13072 = CARTESIAN_POINT('',(137.38,-116.6,-1.E-02));
#13073 = VECTOR('',#13074,1.);
#13074 = DIRECTION('',(0.,0.,1.));
#13075 = PCURVE('',#1886,#13076);
#13076 = DEFINITIONAL_REPRESENTATION('',(#13077),#13081);
#13077 = LINE('',#13078,#13079);
#13078 = CARTESIAN_POINT('',(6.28318530718,-0.));
#13079 = VECTOR('',#13080,1.);
#13080 = DIRECTION('',(0.,1.));
#13081 = ( GEOMETRIC_REPRESENTATION_CONTEXT(2) 
PARAMETRIC_REPRESENTATION_CONTEXT() REPRESENTATION_CONTEXT('2D SPACE',''
  ) );
#13082 = PCURVE('',#1886,#13083);
#13083 = DEFINITIONAL_REPRESENTATION('',(#13084),#13088);
#13084 = LINE('',#13085,#13086);
#13085 = CARTESIAN_POINT('',(0.,-0.));
#13086 = VECTOR('',#13087,1.);
#13087 = DIRECTION('',(0.,1.));
#13088 = ( GEOMETRIC_REPRESENTATION_CONTEXT(2) 
PARAMETRIC_REPRESENTATION_CONTEXT() REPRESENTATION_CONTEXT('2D SPACE',''
  ) );
#13089 = ORIENTED_EDGE('',*,*,#1865,.T.);
#13090 = ORIENTED_EDGE('',*,*,#13069,.T.);
#13091 = ADVANCED_FACE('',(#13092),#1921,.F.);
#13092 = FACE_BOUND('',#13093,.F.);
#13093 = EDGE_LOOP('',(#13094,#13095,#13116,#13117));
#13094 = ORIENTED_EDGE('',*,*,#7885,.F.);
#13095 = ORIENTED_EDGE('',*,*,#13096,.F.);
#13096 = EDGE_CURVE('',#1901,#7886,#13097,.T.);
#13097 = SEAM_CURVE('',#13098,(#13102,#13109),.PCURVE_S1.);
#13098 = LINE('',#13099,#13100);
#13099 = CARTESIAN_POINT('',(134.84,-119.16,-1.E-02));
#13100 = VECTOR('',#13101,1.);
#13101 = DIRECTION('',(0.,0.,1.));
#13102 = PCURVE('',#1921,#13103);
#13103 = DEFINITIONAL_REPRESENTATION('',(#13104),#13108);
#13104 = LINE('',#13105,#13106);
#13105 = CARTESIAN_POINT('',(6.28318530718,-0.));
#13106 = VECTOR('',#13107,1.);
#13107 = DIRECTION('',(0.,1.));
#13108 = ( GEOMETRIC_REPRESENTATION_CONTEXT(2) 
PARAMETRIC_REPRESENTATION_CONTEXT() REPRESENTATION_CONTEXT('2D SPACE',''
  ) );
#13109 = PCURVE('',#1921,#13110);
#13110 = DEFINITIONAL_REPRESENTATION('',(#13111),#13115);
#13111 = LINE('',#13112,#13113);
#13112 = CARTESIAN_POINT('',(0.,-0.));
#13113 = VECTOR('',#13114,1.);
#13114 = DIRECTION('',(0.,1.));
#13115 = ( GEOMETRIC_REPRESENTATION_CONTEXT(2) 
PARAMETRIC_REPRESENTATION_CONTEXT() REPRESENTATION_CONTEXT('2D SPACE',''
  ) );
#13116 = ORIENTED_EDGE('',*,*,#1900,.T.);
#13117 = ORIENTED_EDGE('',*,*,#13096,.T.);
#13118 = ADVANCED_FACE('',(#13119),#1956,.F.);
#13119 = FACE_BOUND('',#13120,.F.);
#13120 = EDGE_LOOP('',(#13121,#13122,#13143,#13144));
#13121 = ORIENTED_EDGE('',*,*,#7915,.F.);
#13122 = ORIENTED_EDGE('',*,*,#13123,.F.);
#13123 = EDGE_CURVE('',#1936,#7916,#13124,.T.);
#13124 = SEAM_CURVE('',#13125,(#13129,#13136),.PCURVE_S1.);
#13125 = LINE('',#13126,#13127);
#13126 = CARTESIAN_POINT('',(132.3,-119.16,-1.E-02));
#13127 = VECTOR('',#13128,1.);
#13128 = DIRECTION('',(0.,0.,1.));
#13129 = PCURVE('',#1956,#13130);
#13130 = DEFINITIONAL_REPRESENTATION('',(#13131),#13135);
#13131 = LINE('',#13132,#13133);
#13132 = CARTESIAN_POINT('',(6.28318530718,-0.));
#13133 = VECTOR('',#13134,1.);
#13134 = DIRECTION('',(0.,1.));
#13135 = ( GEOMETRIC_REPRESENTATION_CONTEXT(2) 
PARAMETRIC_REPRESENTATION_CONTEXT() REPRESENTATION_CONTEXT('2D SPACE',''
  ) );
#13136 = PCURVE('',#1956,#13137);
#13137 = DEFINITIONAL_REPRESENTATION('',(#13138),#13142);
#13138 = LINE('',#13139,#13140);
#13139 = CARTESIAN_POINT('',(0.,-0.));
#13140 = VECTOR('',#13141,1.);
#13141 = DIRECTION('',(0.,1.));
#13142 = ( GEOMETRIC_REPRESENTATION_CONTEXT(2) 
PARAMETRIC_REPRESENTATION_CONTEXT() REPRESENTATION_CONTEXT('2D SPACE',''
  ) );
#13143 = ORIENTED_EDGE('',*,*,#1935,.T.);
#13144 = ORIENTED_EDGE('',*,*,#13123,.T.);
#13145 = ADVANCED_FACE('',(#13146),#1991,.F.);
#13146 = FACE_BOUND('',#13147,.F.);
#13147 = EDGE_LOOP('',(#13148,#13149,#13170,#13171));
#13148 = ORIENTED_EDGE('',*,*,#7945,.F.);
#13149 = ORIENTED_EDGE('',*,*,#13150,.F.);
#13150 = EDGE_CURVE('',#1971,#7946,#13151,.T.);
#13151 = SEAM_CURVE('',#13152,(#13156,#13163),.PCURVE_S1.);
#13152 = LINE('',#13153,#13154);
#13153 = CARTESIAN_POINT('',(134.84,-116.6,-1.E-02));
#13154 = VECTOR('',#13155,1.);
#13155 = DIRECTION('',(0.,0.,1.));
#13156 = PCURVE('',#1991,#13157);
#13157 = DEFINITIONAL_REPRESENTATION('',(#13158),#13162);
#13158 = LINE('',#13159,#13160);
#13159 = CARTESIAN_POINT('',(6.28318530718,-0.));
#13160 = VECTOR('',#13161,1.);
#13161 = DIRECTION('',(0.,1.));
#13162 = ( GEOMETRIC_REPRESENTATION_CONTEXT(2) 
PARAMETRIC_REPRESENTATION_CONTEXT() REPRESENTATION_CONTEXT('2D SPACE',''
  ) );
#13163 = PCURVE('',#1991,#13164);
#13164 = DEFINITIONAL_REPRESENTATION('',(#13165),#13169);
#13165 = LINE('',#13166,#13167);
#13166 = CARTESIAN_POINT('',(0.,-0.));
#13167 = VECTOR('',#13168,1.);
#13168 = DIRECTION('',(0.,1.));
#13169 = ( GEOMETRIC_REPRESENTATION_CONTEXT(2) 
PARAMETRIC_REPRESENTATION_CONTEXT() REPRESENTATION_CONTEXT('2D SPACE',''
  ) );
#13170 = ORIENTED_EDGE('',*,*,#1970,.T.);
#13171 = ORIENTED_EDGE('',*,*,#13150,.T.);
#13172 = ADVANCED_FACE('',(#13173),#2026,.F.);
#13173 = FACE_BOUND('',#13174,.F.);
#13174 = EDGE_LOOP('',(#13175,#13176,#13197,#13198));
#13175 = ORIENTED_EDGE('',*,*,#7975,.F.);
#13176 = ORIENTED_EDGE('',*,*,#13177,.F.);
#13177 = EDGE_CURVE('',#2006,#7976,#13178,.T.);
#13178 = SEAM_CURVE('',#13179,(#13183,#13190),.PCURVE_S1.);
#13179 = LINE('',#13180,#13181);
#13180 = CARTESIAN_POINT('',(132.3,-116.6,-1.E-02));
#13181 = VECTOR('',#13182,1.);
#13182 = DIRECTION('',(0.,0.,1.));
#13183 = PCURVE('',#2026,#13184);
#13184 = DEFINITIONAL_REPRESENTATION('',(#13185),#13189);
#13185 = LINE('',#13186,#13187);
#13186 = CARTESIAN_POINT('',(6.28318530718,-0.));
#13187 = VECTOR('',#13188,1.);
#13188 = DIRECTION('',(0.,1.));
#13189 = ( GEOMETRIC_REPRESENTATION_CONTEXT(2) 
PARAMETRIC_REPRESENTATION_CONTEXT() REPRESENTATION_CONTEXT('2D SPACE',''
  ) );
#13190 = PCURVE('',#2026,#13191);
#13191 = DEFINITIONAL_REPRESENTATION('',(#13192),#13196);
#13192 = LINE('',#13193,#13194);
#13193 = CARTESIAN_POINT('',(0.,-0.));
#13194 = VECTOR('',#13195,1.);
#13195 = DIRECTION('',(0.,1.));
#13196 = ( GEOMETRIC_REPRESENTATION_CONTEXT(2) 
PARAMETRIC_REPRESENTATION_CONTEXT() REPRESENTATION_CONTEXT('2D SPACE',''
  ) );
#13197 = ORIENTED_EDGE('',*,*,#2005,.T.);
#13198 = ORIENTED_EDGE('',*,*,#13177,.T.);
#13199 = ADVANCED_FACE('',(#13200),#2061,.F.);
#13200 = FACE_BOUND('',#13201,.F.);
#13201 = EDGE_LOOP('',(#13202,#13203,#13224,#13225));
#13202 = ORIENTED_EDGE('',*,*,#8005,.F.);
#13203 = ORIENTED_EDGE('',*,*,#13204,.F.);
#13204 = EDGE_CURVE('',#2041,#8006,#13205,.T.);
#13205 = SEAM_CURVE('',#13206,(#13210,#13217),.PCURVE_S1.);
#13206 = LINE('',#13207,#13208);
#13207 = CARTESIAN_POINT('',(139.92,-114.04,-1.E-02));
#13208 = VECTOR('',#13209,1.);
#13209 = DIRECTION('',(0.,0.,1.));
#13210 = PCURVE('',#2061,#13211);
#13211 = DEFINITIONAL_REPRESENTATION('',(#13212),#13216);
#13212 = LINE('',#13213,#13214);
#13213 = CARTESIAN_POINT('',(6.28318530718,-0.));
#13214 = VECTOR('',#13215,1.);
#13215 = DIRECTION('',(0.,1.));
#13216 = ( GEOMETRIC_REPRESENTATION_CONTEXT(2) 
PARAMETRIC_REPRESENTATION_CONTEXT() REPRESENTATION_CONTEXT('2D SPACE',''
  ) );
#13217 = PCURVE('',#2061,#13218);
#13218 = DEFINITIONAL_REPRESENTATION('',(#13219),#13223);
#13219 = LINE('',#13220,#13221);
#13220 = CARTESIAN_POINT('',(0.,-0.));
#13221 = VECTOR('',#13222,1.);
#13222 = DIRECTION('',(0.,1.));
#13223 = ( GEOMETRIC_REPRESENTATION_CONTEXT(2) 
PARAMETRIC_REPRESENTATION_CONTEXT() REPRESENTATION_CONTEXT('2D SPACE',''
  ) );
#13224 = ORIENTED_EDGE('',*,*,#2040,.T.);
#13225 = ORIENTED_EDGE('',*,*,#13204,.T.);
#13226 = ADVANCED_FACE('',(#13227),#2096,.F.);
#13227 = FACE_BOUND('',#13228,.F.);
#13228 = EDGE_LOOP('',(#13229,#13230,#13251,#13252));
#13229 = ORIENTED_EDGE('',*,*,#8035,.F.);
#13230 = ORIENTED_EDGE('',*,*,#13231,.F.);
#13231 = EDGE_CURVE('',#2076,#8036,#13232,.T.);
#13232 = SEAM_CURVE('',#13233,(#13237,#13244),.PCURVE_S1.);
#13233 = LINE('',#13234,#13235);
#13234 = CARTESIAN_POINT('',(137.38,-114.04,-1.E-02));
#13235 = VECTOR('',#13236,1.);
#13236 = DIRECTION('',(0.,0.,1.));
#13237 = PCURVE('',#2096,#13238);
#13238 = DEFINITIONAL_REPRESENTATION('',(#13239),#13243);
#13239 = LINE('',#13240,#13241);
#13240 = CARTESIAN_POINT('',(6.28318530718,-0.));
#13241 = VECTOR('',#13242,1.);
#13242 = DIRECTION('',(0.,1.));
#13243 = ( GEOMETRIC_REPRESENTATION_CONTEXT(2) 
PARAMETRIC_REPRESENTATION_CONTEXT() REPRESENTATION_CONTEXT('2D SPACE',''
  ) );
#13244 = PCURVE('',#2096,#13245);
#13245 = DEFINITIONAL_REPRESENTATION('',(#13246),#13250);
#13246 = LINE('',#13247,#13248);
#13247 = CARTESIAN_POINT('',(0.,-0.));
#13248 = VECTOR('',#13249,1.);
#13249 = DIRECTION('',(0.,1.));
#13250 = ( GEOMETRIC_REPRESENTATION_CONTEXT(2) 
PARAMETRIC_REPRESENTATION_CONTEXT() REPRESENTATION_CONTEXT('2D SPACE',''
  ) );
#13251 = ORIENTED_EDGE('',*,*,#2075,.T.);
#13252 = ORIENTED_EDGE('',*,*,#13231,.T.);
#13253 = ADVANCED_FACE('',(#13254),#2131,.F.);
#13254 = FACE_BOUND('',#13255,.F.);
#13255 = EDGE_LOOP('',(#13256,#13257,#13278,#13279));
#13256 = ORIENTED_EDGE('',*,*,#8065,.F.);
#13257 = ORIENTED_EDGE('',*,*,#13258,.F.);
#13258 = EDGE_CURVE('',#2111,#8066,#13259,.T.);
#13259 = SEAM_CURVE('',#13260,(#13264,#13271),.PCURVE_S1.);
#13260 = LINE('',#13261,#13262);
#13261 = CARTESIAN_POINT('',(139.92,-111.48,-1.E-02));
#13262 = VECTOR('',#13263,1.);
#13263 = DIRECTION('',(0.,0.,1.));
#13264 = PCURVE('',#2131,#13265);
#13265 = DEFINITIONAL_REPRESENTATION('',(#13266),#13270);
#13266 = LINE('',#13267,#13268);
#13267 = CARTESIAN_POINT('',(6.28318530718,-0.));
#13268 = VECTOR('',#13269,1.);
#13269 = DIRECTION('',(0.,1.));
#13270 = ( GEOMETRIC_REPRESENTATION_CONTEXT(2) 
PARAMETRIC_REPRESENTATION_CONTEXT() REPRESENTATION_CONTEXT('2D SPACE',''
  ) );
#13271 = PCURVE('',#2131,#13272);
#13272 = DEFINITIONAL_REPRESENTATION('',(#13273),#13277);
#13273 = LINE('',#13274,#13275);
#13274 = CARTESIAN_POINT('',(0.,-0.));
#13275 = VECTOR('',#13276,1.);
#13276 = DIRECTION('',(0.,1.));
#13277 = ( GEOMETRIC_REPRESENTATION_CONTEXT(2) 
PARAMETRIC_REPRESENTATION_CONTEXT() REPRESENTATION_CONTEXT('2D SPACE',''
  ) );
#13278 = ORIENTED_EDGE('',*,*,#2110,.T.);
#13279 = ORIENTED_EDGE('',*,*,#13258,.T.);
#13280 = ADVANCED_FACE('',(#13281),#2166,.F.);
#13281 = FACE_BOUND('',#13282,.F.);
#13282 = EDGE_LOOP('',(#13283,#13284,#13305,#13306));
#13283 = ORIENTED_EDGE('',*,*,#8095,.F.);
#13284 = ORIENTED_EDGE('',*,*,#13285,.F.);
#13285 = EDGE_CURVE('',#2146,#8096,#13286,.T.);
#13286 = SEAM_CURVE('',#13287,(#13291,#13298),.PCURVE_S1.);
#13287 = LINE('',#13288,#13289);
#13288 = CARTESIAN_POINT('',(137.38,-111.48,-1.E-02));
#13289 = VECTOR('',#13290,1.);
#13290 = DIRECTION('',(0.,0.,1.));
#13291 = PCURVE('',#2166,#13292);
#13292 = DEFINITIONAL_REPRESENTATION('',(#13293),#13297);
#13293 = LINE('',#13294,#13295);
#13294 = CARTESIAN_POINT('',(6.28318530718,-0.));
#13295 = VECTOR('',#13296,1.);
#13296 = DIRECTION('',(0.,1.));
#13297 = ( GEOMETRIC_REPRESENTATION_CONTEXT(2) 
PARAMETRIC_REPRESENTATION_CONTEXT() REPRESENTATION_CONTEXT('2D SPACE',''
  ) );
#13298 = PCURVE('',#2166,#13299);
#13299 = DEFINITIONAL_REPRESENTATION('',(#13300),#13304);
#13300 = LINE('',#13301,#13302);
#13301 = CARTESIAN_POINT('',(0.,-0.));
#13302 = VECTOR('',#13303,1.);
#13303 = DIRECTION('',(0.,1.));
#13304 = ( GEOMETRIC_REPRESENTATION_CONTEXT(2) 
PARAMETRIC_REPRESENTATION_CONTEXT() REPRESENTATION_CONTEXT('2D SPACE',''
  ) );
#13305 = ORIENTED_EDGE('',*,*,#2145,.T.);
#13306 = ORIENTED_EDGE('',*,*,#13285,.T.);
#13307 = ADVANCED_FACE('',(#13308),#2201,.F.);
#13308 = FACE_BOUND('',#13309,.F.);
#13309 = EDGE_LOOP('',(#13310,#13311,#13332,#13333));
#13310 = ORIENTED_EDGE('',*,*,#8125,.F.);
#13311 = ORIENTED_EDGE('',*,*,#13312,.F.);
#13312 = EDGE_CURVE('',#2181,#8126,#13313,.T.);
#13313 = SEAM_CURVE('',#13314,(#13318,#13325),.PCURVE_S1.);
#13314 = LINE('',#13315,#13316);
#13315 = CARTESIAN_POINT('',(134.84,-114.04,-1.E-02));
#13316 = VECTOR('',#13317,1.);
#13317 = DIRECTION('',(0.,0.,1.));
#13318 = PCURVE('',#2201,#13319);
#13319 = DEFINITIONAL_REPRESENTATION('',(#13320),#13324);
#13320 = LINE('',#13321,#13322);
#13321 = CARTESIAN_POINT('',(6.28318530718,-0.));
#13322 = VECTOR('',#13323,1.);
#13323 = DIRECTION('',(0.,1.));
#13324 = ( GEOMETRIC_REPRESENTATION_CONTEXT(2) 
PARAMETRIC_REPRESENTATION_CONTEXT() REPRESENTATION_CONTEXT('2D SPACE',''
  ) );
#13325 = PCURVE('',#2201,#13326);
#13326 = DEFINITIONAL_REPRESENTATION('',(#13327),#13331);
#13327 = LINE('',#13328,#13329);
#13328 = CARTESIAN_POINT('',(0.,-0.));
#13329 = VECTOR('',#13330,1.);
#13330 = DIRECTION('',(0.,1.));
#13331 = ( GEOMETRIC_REPRESENTATION_CONTEXT(2) 
PARAMETRIC_REPRESENTATION_CONTEXT() REPRESENTATION_CONTEXT('2D SPACE',''
  ) );
#13332 = ORIENTED_EDGE('',*,*,#2180,.T.);
#13333 = ORIENTED_EDGE('',*,*,#13312,.T.);
#13334 = ADVANCED_FACE('',(#13335),#2236,.F.);
#13335 = FACE_BOUND('',#13336,.F.);
#13336 = EDGE_LOOP('',(#13337,#13338,#13359,#13360));
#13337 = ORIENTED_EDGE('',*,*,#8155,.F.);
#13338 = ORIENTED_EDGE('',*,*,#13339,.F.);
#13339 = EDGE_CURVE('',#2216,#8156,#13340,.T.);
#13340 = SEAM_CURVE('',#13341,(#13345,#13352),.PCURVE_S1.);
#13341 = LINE('',#13342,#13343);
#13342 = CARTESIAN_POINT('',(132.3,-114.04,-1.E-02));
#13343 = VECTOR('',#13344,1.);
#13344 = DIRECTION('',(0.,0.,1.));
#13345 = PCURVE('',#2236,#13346);
#13346 = DEFINITIONAL_REPRESENTATION('',(#13347),#13351);
#13347 = LINE('',#13348,#13349);
#13348 = CARTESIAN_POINT('',(6.28318530718,-0.));
#13349 = VECTOR('',#13350,1.);
#13350 = DIRECTION('',(0.,1.));
#13351 = ( GEOMETRIC_REPRESENTATION_CONTEXT(2) 
PARAMETRIC_REPRESENTATION_CONTEXT() REPRESENTATION_CONTEXT('2D SPACE',''
  ) );
#13352 = PCURVE('',#2236,#13353);
#13353 = DEFINITIONAL_REPRESENTATION('',(#13354),#13358);
#13354 = LINE('',#13355,#13356);
#13355 = CARTESIAN_POINT('',(0.,-0.));
#13356 = VECTOR('',#13357,1.);
#13357 = DIRECTION('',(0.,1.));
#13358 = ( GEOMETRIC_REPRESENTATION_CONTEXT(2) 
PARAMETRIC_REPRESENTATION_CONTEXT() REPRESENTATION_CONTEXT('2D SPACE',''
  ) );
#13359 = ORIENTED_EDGE('',*,*,#2215,.T.);
#13360 = ORIENTED_EDGE('',*,*,#13339,.T.);
#13361 = ADVANCED_FACE('',(#13362),#2271,.F.);
#13362 = FACE_BOUND('',#13363,.F.);
#13363 = EDGE_LOOP('',(#13364,#13365,#13386,#13387));
#13364 = ORIENTED_EDGE('',*,*,#8185,.F.);
#13365 = ORIENTED_EDGE('',*,*,#13366,.F.);
#13366 = EDGE_CURVE('',#2251,#8186,#13367,.T.);
#13367 = SEAM_CURVE('',#13368,(#13372,#13379),.PCURVE_S1.);
#13368 = LINE('',#13369,#13370);
#13369 = CARTESIAN_POINT('',(134.84,-111.48,-1.E-02));
#13370 = VECTOR('',#13371,1.);
#13371 = DIRECTION('',(0.,0.,1.));
#13372 = PCURVE('',#2271,#13373);
#13373 = DEFINITIONAL_REPRESENTATION('',(#13374),#13378);
#13374 = LINE('',#13375,#13376);
#13375 = CARTESIAN_POINT('',(6.28318530718,-0.));
#13376 = VECTOR('',#13377,1.);
#13377 = DIRECTION('',(0.,1.));
#13378 = ( GEOMETRIC_REPRESENTATION_CONTEXT(2) 
PARAMETRIC_REPRESENTATION_CONTEXT() REPRESENTATION_CONTEXT('2D SPACE',''
  ) );
#13379 = PCURVE('',#2271,#13380);
#13380 = DEFINITIONAL_REPRESENTATION('',(#13381),#13385);
#13381 = LINE('',#13382,#13383);
#13382 = CARTESIAN_POINT('',(0.,-0.));
#13383 = VECTOR('',#13384,1.);
#13384 = DIRECTION('',(0.,1.));
#13385 = ( GEOMETRIC_REPRESENTATION_CONTEXT(2) 
PARAMETRIC_REPRESENTATION_CONTEXT() REPRESENTATION_CONTEXT('2D SPACE',''
  ) );
#13386 = ORIENTED_EDGE('',*,*,#2250,.T.);
#13387 = ORIENTED_EDGE('',*,*,#13366,.T.);
#13388 = ADVANCED_FACE('',(#13389),#2306,.F.);
#13389 = FACE_BOUND('',#13390,.F.);
#13390 = EDGE_LOOP('',(#13391,#13392,#13413,#13414));
#13391 = ORIENTED_EDGE('',*,*,#8215,.F.);
#13392 = ORIENTED_EDGE('',*,*,#13393,.F.);
#13393 = EDGE_CURVE('',#2286,#8216,#13394,.T.);
#13394 = SEAM_CURVE('',#13395,(#13399,#13406),.PCURVE_S1.);
#13395 = LINE('',#13396,#13397);
#13396 = CARTESIAN_POINT('',(132.3,-111.48,-1.E-02));
#13397 = VECTOR('',#13398,1.);
#13398 = DIRECTION('',(0.,0.,1.));
#13399 = PCURVE('',#2306,#13400);
#13400 = DEFINITIONAL_REPRESENTATION('',(#13401),#13405);
#13401 = LINE('',#13402,#13403);
#13402 = CARTESIAN_POINT('',(6.28318530718,-0.));
#13403 = VECTOR('',#13404,1.);
#13404 = DIRECTION('',(0.,1.));
#13405 = ( GEOMETRIC_REPRESENTATION_CONTEXT(2) 
PARAMETRIC_REPRESENTATION_CONTEXT() REPRESENTATION_CONTEXT('2D SPACE',''
  ) );
#13406 = PCURVE('',#2306,#13407);
#13407 = DEFINITIONAL_REPRESENTATION('',(#13408),#13412);
#13408 = LINE('',#13409,#13410);
#13409 = CARTESIAN_POINT('',(0.,-0.));
#13410 = VECTOR('',#13411,1.);
#13411 = DIRECTION('',(0.,1.));
#13412 = ( GEOMETRIC_REPRESENTATION_CONTEXT(2) 
PARAMETRIC_REPRESENTATION_CONTEXT() REPRESENTATION_CONTEXT('2D SPACE',''
  ) );
#13413 = ORIENTED_EDGE('',*,*,#2285,.T.);
#13414 = ORIENTED_EDGE('',*,*,#13393,.T.);
#13415 = ADVANCED_FACE('',(#13416),#2341,.F.);
#13416 = FACE_BOUND('',#13417,.F.);
#13417 = EDGE_LOOP('',(#13418,#13419,#13440,#13441));
#13418 = ORIENTED_EDGE('',*,*,#8245,.F.);
#13419 = ORIENTED_EDGE('',*,*,#13420,.F.);
#13420 = EDGE_CURVE('',#2321,#8246,#13421,.T.);
#13421 = SEAM_CURVE('',#13422,(#13426,#13433),.PCURVE_S1.);
#13422 = LINE('',#13423,#13424);
#13423 = CARTESIAN_POINT('',(129.76,-119.16,-1.E-02));
#13424 = VECTOR('',#13425,1.);
#13425 = DIRECTION('',(0.,0.,1.));
#13426 = PCURVE('',#2341,#13427);
#13427 = DEFINITIONAL_REPRESENTATION('',(#13428),#13432);
#13428 = LINE('',#13429,#13430);
#13429 = CARTESIAN_POINT('',(6.28318530718,-0.));
#13430 = VECTOR('',#13431,1.);
#13431 = DIRECTION('',(0.,1.));
#13432 = ( GEOMETRIC_REPRESENTATION_CONTEXT(2) 
PARAMETRIC_REPRESENTATION_CONTEXT() REPRESENTATION_CONTEXT('2D SPACE',''
  ) );
#13433 = PCURVE('',#2341,#13434);
#13434 = DEFINITIONAL_REPRESENTATION('',(#13435),#13439);
#13435 = LINE('',#13436,#13437);
#13436 = CARTESIAN_POINT('',(0.,-0.));
#13437 = VECTOR('',#13438,1.);
#13438 = DIRECTION('',(0.,1.));
#13439 = ( GEOMETRIC_REPRESENTATION_CONTEXT(2) 
PARAMETRIC_REPRESENTATION_CONTEXT() REPRESENTATION_CONTEXT('2D SPACE',''
  ) );
#13440 = ORIENTED_EDGE('',*,*,#2320,.T.);
#13441 = ORIENTED_EDGE('',*,*,#13420,.T.);
#13442 = ADVANCED_FACE('',(#13443),#2376,.F.);
#13443 = FACE_BOUND('',#13444,.F.);
#13444 = EDGE_LOOP('',(#13445,#13446,#13467,#13468));
#13445 = ORIENTED_EDGE('',*,*,#8275,.F.);
#13446 = ORIENTED_EDGE('',*,*,#13447,.F.);
#13447 = EDGE_CURVE('',#2356,#8276,#13448,.T.);
#13448 = SEAM_CURVE('',#13449,(#13453,#13460),.PCURVE_S1.);
#13449 = LINE('',#13450,#13451);
#13450 = CARTESIAN_POINT('',(127.22,-119.16,-1.E-02));
#13451 = VECTOR('',#13452,1.);
#13452 = DIRECTION('',(0.,0.,1.));
#13453 = PCURVE('',#2376,#13454);
#13454 = DEFINITIONAL_REPRESENTATION('',(#13455),#13459);
#13455 = LINE('',#13456,#13457);
#13456 = CARTESIAN_POINT('',(6.28318530718,-0.));
#13457 = VECTOR('',#13458,1.);
#13458 = DIRECTION('',(0.,1.));
#13459 = ( GEOMETRIC_REPRESENTATION_CONTEXT(2) 
PARAMETRIC_REPRESENTATION_CONTEXT() REPRESENTATION_CONTEXT('2D SPACE',''
  ) );
#13460 = PCURVE('',#2376,#13461);
#13461 = DEFINITIONAL_REPRESENTATION('',(#13462),#13466);
#13462 = LINE('',#13463,#13464);
#13463 = CARTESIAN_POINT('',(0.,-0.));
#13464 = VECTOR('',#13465,1.);
#13465 = DIRECTION('',(0.,1.));
#13466 = ( GEOMETRIC_REPRESENTATION_CONTEXT(2) 
PARAMETRIC_REPRESENTATION_CONTEXT() REPRESENTATION_CONTEXT('2D SPACE',''
  ) );
#13467 = ORIENTED_EDGE('',*,*,#2355,.T.);
#13468 = ORIENTED_EDGE('',*,*,#13447,.T.);
#13469 = ADVANCED_FACE('',(#13470),#2411,.F.);
#13470 = FACE_BOUND('',#13471,.F.);
#13471 = EDGE_LOOP('',(#13472,#13473,#13494,#13495));
#13472 = ORIENTED_EDGE('',*,*,#8305,.F.);
#13473 = ORIENTED_EDGE('',*,*,#13474,.F.);
#13474 = EDGE_CURVE('',#2391,#8306,#13475,.T.);
#13475 = SEAM_CURVE('',#13476,(#13480,#13487),.PCURVE_S1.);
#13476 = LINE('',#13477,#13478);
#13477 = CARTESIAN_POINT('',(129.76,-116.6,-1.E-02));
#13478 = VECTOR('',#13479,1.);
#13479 = DIRECTION('',(0.,0.,1.));
#13480 = PCURVE('',#2411,#13481);
#13481 = DEFINITIONAL_REPRESENTATION('',(#13482),#13486);
#13482 = LINE('',#13483,#13484);
#13483 = CARTESIAN_POINT('',(6.28318530718,-0.));
#13484 = VECTOR('',#13485,1.);
#13485 = DIRECTION('',(0.,1.));
#13486 = ( GEOMETRIC_REPRESENTATION_CONTEXT(2) 
PARAMETRIC_REPRESENTATION_CONTEXT() REPRESENTATION_CONTEXT('2D SPACE',''
  ) );
#13487 = PCURVE('',#2411,#13488);
#13488 = DEFINITIONAL_REPRESENTATION('',(#13489),#13493);
#13489 = LINE('',#13490,#13491);
#13490 = CARTESIAN_POINT('',(0.,-0.));
#13491 = VECTOR('',#13492,1.);
#13492 = DIRECTION('',(0.,1.));
#13493 = ( GEOMETRIC_REPRESENTATION_CONTEXT(2) 
PARAMETRIC_REPRESENTATION_CONTEXT() REPRESENTATION_CONTEXT('2D SPACE',''
  ) );
#13494 = ORIENTED_EDGE('',*,*,#2390,.T.);
#13495 = ORIENTED_EDGE('',*,*,#13474,.T.);
#13496 = ADVANCED_FACE('',(#13497),#2446,.F.);
#13497 = FACE_BOUND('',#13498,.F.);
#13498 = EDGE_LOOP('',(#13499,#13500,#13521,#13522));
#13499 = ORIENTED_EDGE('',*,*,#8335,.F.);
#13500 = ORIENTED_EDGE('',*,*,#13501,.F.);
#13501 = EDGE_CURVE('',#2426,#8336,#13502,.T.);
#13502 = SEAM_CURVE('',#13503,(#13507,#13514),.PCURVE_S1.);
#13503 = LINE('',#13504,#13505);
#13504 = CARTESIAN_POINT('',(127.22,-116.6,-1.E-02));
#13505 = VECTOR('',#13506,1.);
#13506 = DIRECTION('',(0.,0.,1.));
#13507 = PCURVE('',#2446,#13508);
#13508 = DEFINITIONAL_REPRESENTATION('',(#13509),#13513);
#13509 = LINE('',#13510,#13511);
#13510 = CARTESIAN_POINT('',(6.28318530718,-0.));
#13511 = VECTOR('',#13512,1.);
#13512 = DIRECTION('',(0.,1.));
#13513 = ( GEOMETRIC_REPRESENTATION_CONTEXT(2) 
PARAMETRIC_REPRESENTATION_CONTEXT() REPRESENTATION_CONTEXT('2D SPACE',''
  ) );
#13514 = PCURVE('',#2446,#13515);
#13515 = DEFINITIONAL_REPRESENTATION('',(#13516),#13520);
#13516 = LINE('',#13517,#13518);
#13517 = CARTESIAN_POINT('',(0.,-0.));
#13518 = VECTOR('',#13519,1.);
#13519 = DIRECTION('',(0.,1.));
#13520 = ( GEOMETRIC_REPRESENTATION_CONTEXT(2) 
PARAMETRIC_REPRESENTATION_CONTEXT() REPRESENTATION_CONTEXT('2D SPACE',''
  ) );
#13521 = ORIENTED_EDGE('',*,*,#2425,.T.);
#13522 = ORIENTED_EDGE('',*,*,#13501,.T.);
#13523 = ADVANCED_FACE('',(#13524),#2481,.F.);
#13524 = FACE_BOUND('',#13525,.F.);
#13525 = EDGE_LOOP('',(#13526,#13527,#13548,#13549));
#13526 = ORIENTED_EDGE('',*,*,#8365,.F.);
#13527 = ORIENTED_EDGE('',*,*,#13528,.F.);
#13528 = EDGE_CURVE('',#2461,#8366,#13529,.T.);
#13529 = SEAM_CURVE('',#13530,(#13534,#13541),.PCURVE_S1.);
#13530 = LINE('',#13531,#13532);
#13531 = CARTESIAN_POINT('',(124.68,-119.16,-1.E-02));
#13532 = VECTOR('',#13533,1.);
#13533 = DIRECTION('',(0.,0.,1.));
#13534 = PCURVE('',#2481,#13535);
#13535 = DEFINITIONAL_REPRESENTATION('',(#13536),#13540);
#13536 = LINE('',#13537,#13538);
#13537 = CARTESIAN_POINT('',(6.28318530718,-0.));
#13538 = VECTOR('',#13539,1.);
#13539 = DIRECTION('',(0.,1.));
#13540 = ( GEOMETRIC_REPRESENTATION_CONTEXT(2) 
PARAMETRIC_REPRESENTATION_CONTEXT() REPRESENTATION_CONTEXT('2D SPACE',''
  ) );
#13541 = PCURVE('',#2481,#13542);
#13542 = DEFINITIONAL_REPRESENTATION('',(#13543),#13547);
#13543 = LINE('',#13544,#13545);
#13544 = CARTESIAN_POINT('',(0.,-0.));
#13545 = VECTOR('',#13546,1.);
#13546 = DIRECTION('',(0.,1.));
#13547 = ( GEOMETRIC_REPRESENTATION_CONTEXT(2) 
PARAMETRIC_REPRESENTATION_CONTEXT() REPRESENTATION_CONTEXT('2D SPACE',''
  ) );
#13548 = ORIENTED_EDGE('',*,*,#2460,.T.);
#13549 = ORIENTED_EDGE('',*,*,#13528,.T.);
#13550 = ADVANCED_FACE('',(#13551),#2516,.F.);
#13551 = FACE_BOUND('',#13552,.F.);
#13552 = EDGE_LOOP('',(#13553,#13554,#13575,#13576));
#13553 = ORIENTED_EDGE('',*,*,#8395,.F.);
#13554 = ORIENTED_EDGE('',*,*,#13555,.F.);
#13555 = EDGE_CURVE('',#2496,#8396,#13556,.T.);
#13556 = SEAM_CURVE('',#13557,(#13561,#13568),.PCURVE_S1.);
#13557 = LINE('',#13558,#13559);
#13558 = CARTESIAN_POINT('',(122.14,-119.16,-1.E-02));
#13559 = VECTOR('',#13560,1.);
#13560 = DIRECTION('',(0.,0.,1.));
#13561 = PCURVE('',#2516,#13562);
#13562 = DEFINITIONAL_REPRESENTATION('',(#13563),#13567);
#13563 = LINE('',#13564,#13565);
#13564 = CARTESIAN_POINT('',(6.28318530718,-0.));
#13565 = VECTOR('',#13566,1.);
#13566 = DIRECTION('',(0.,1.));
#13567 = ( GEOMETRIC_REPRESENTATION_CONTEXT(2) 
PARAMETRIC_REPRESENTATION_CONTEXT() REPRESENTATION_CONTEXT('2D SPACE',''
  ) );
#13568 = PCURVE('',#2516,#13569);
#13569 = DEFINITIONAL_REPRESENTATION('',(#13570),#13574);
#13570 = LINE('',#13571,#13572);
#13571 = CARTESIAN_POINT('',(0.,-0.));
#13572 = VECTOR('',#13573,1.);
#13573 = DIRECTION('',(0.,1.));
#13574 = ( GEOMETRIC_REPRESENTATION_CONTEXT(2) 
PARAMETRIC_REPRESENTATION_CONTEXT() REPRESENTATION_CONTEXT('2D SPACE',''
  ) );
#13575 = ORIENTED_EDGE('',*,*,#2495,.T.);
#13576 = ORIENTED_EDGE('',*,*,#13555,.T.);
#13577 = ADVANCED_FACE('',(#13578),#2551,.F.);
#13578 = FACE_BOUND('',#13579,.F.);
#13579 = EDGE_LOOP('',(#13580,#13581,#13602,#13603));
#13580 = ORIENTED_EDGE('',*,*,#8425,.F.);
#13581 = ORIENTED_EDGE('',*,*,#13582,.F.);
#13582 = EDGE_CURVE('',#2531,#8426,#13583,.T.);
#13583 = SEAM_CURVE('',#13584,(#13588,#13595),.PCURVE_S1.);
#13584 = LINE('',#13585,#13586);
#13585 = CARTESIAN_POINT('',(124.68,-116.6,-1.E-02));
#13586 = VECTOR('',#13587,1.);
#13587 = DIRECTION('',(0.,0.,1.));
#13588 = PCURVE('',#2551,#13589);
#13589 = DEFINITIONAL_REPRESENTATION('',(#13590),#13594);
#13590 = LINE('',#13591,#13592);
#13591 = CARTESIAN_POINT('',(6.28318530718,-0.));
#13592 = VECTOR('',#13593,1.);
#13593 = DIRECTION('',(0.,1.));
#13594 = ( GEOMETRIC_REPRESENTATION_CONTEXT(2) 
PARAMETRIC_REPRESENTATION_CONTEXT() REPRESENTATION_CONTEXT('2D SPACE',''
  ) );
#13595 = PCURVE('',#2551,#13596);
#13596 = DEFINITIONAL_REPRESENTATION('',(#13597),#13601);
#13597 = LINE('',#13598,#13599);
#13598 = CARTESIAN_POINT('',(0.,-0.));
#13599 = VECTOR('',#13600,1.);
#13600 = DIRECTION('',(0.,1.));
#13601 = ( GEOMETRIC_REPRESENTATION_CONTEXT(2) 
PARAMETRIC_REPRESENTATION_CONTEXT() REPRESENTATION_CONTEXT('2D SPACE',''
  ) );
#13602 = ORIENTED_EDGE('',*,*,#2530,.T.);
#13603 = ORIENTED_EDGE('',*,*,#13582,.T.);
#13604 = ADVANCED_FACE('',(#13605),#2586,.F.);
#13605 = FACE_BOUND('',#13606,.F.);
#13606 = EDGE_LOOP('',(#13607,#13608,#13629,#13630));
#13607 = ORIENTED_EDGE('',*,*,#8455,.F.);
#13608 = ORIENTED_EDGE('',*,*,#13609,.F.);
#13609 = EDGE_CURVE('',#2566,#8456,#13610,.T.);
#13610 = SEAM_CURVE('',#13611,(#13615,#13622),.PCURVE_S1.);
#13611 = LINE('',#13612,#13613);
#13612 = CARTESIAN_POINT('',(122.14,-116.6,-1.E-02));
#13613 = VECTOR('',#13614,1.);
#13614 = DIRECTION('',(0.,0.,1.));
#13615 = PCURVE('',#2586,#13616);
#13616 = DEFINITIONAL_REPRESENTATION('',(#13617),#13621);
#13617 = LINE('',#13618,#13619);
#13618 = CARTESIAN_POINT('',(6.28318530718,-0.));
#13619 = VECTOR('',#13620,1.);
#13620 = DIRECTION('',(0.,1.));
#13621 = ( GEOMETRIC_REPRESENTATION_CONTEXT(2) 
PARAMETRIC_REPRESENTATION_CONTEXT() REPRESENTATION_CONTEXT('2D SPACE',''
  ) );
#13622 = PCURVE('',#2586,#13623);
#13623 = DEFINITIONAL_REPRESENTATION('',(#13624),#13628);
#13624 = LINE('',#13625,#13626);
#13625 = CARTESIAN_POINT('',(0.,-0.));
#13626 = VECTOR('',#13627,1.);
#13627 = DIRECTION('',(0.,1.));
#13628 = ( GEOMETRIC_REPRESENTATION_CONTEXT(2) 
PARAMETRIC_REPRESENTATION_CONTEXT() REPRESENTATION_CONTEXT('2D SPACE',''
  ) );
#13629 = ORIENTED_EDGE('',*,*,#2565,.T.);
#13630 = ORIENTED_EDGE('',*,*,#13609,.T.);
#13631 = ADVANCED_FACE('',(#13632),#2621,.F.);
#13632 = FACE_BOUND('',#13633,.F.);
#13633 = EDGE_LOOP('',(#13634,#13635,#13656,#13657));
#13634 = ORIENTED_EDGE('',*,*,#8485,.F.);
#13635 = ORIENTED_EDGE('',*,*,#13636,.F.);
#13636 = EDGE_CURVE('',#2601,#8486,#13637,.T.);
#13637 = SEAM_CURVE('',#13638,(#13642,#13649),.PCURVE_S1.);
#13638 = LINE('',#13639,#13640);
#13639 = CARTESIAN_POINT('',(129.76,-114.04,-1.E-02));
#13640 = VECTOR('',#13641,1.);
#13641 = DIRECTION('',(0.,0.,1.));
#13642 = PCURVE('',#2621,#13643);
#13643 = DEFINITIONAL_REPRESENTATION('',(#13644),#13648);
#13644 = LINE('',#13645,#13646);
#13645 = CARTESIAN_POINT('',(6.28318530718,-0.));
#13646 = VECTOR('',#13647,1.);
#13647 = DIRECTION('',(0.,1.));
#13648 = ( GEOMETRIC_REPRESENTATION_CONTEXT(2) 
PARAMETRIC_REPRESENTATION_CONTEXT() REPRESENTATION_CONTEXT('2D SPACE',''
  ) );
#13649 = PCURVE('',#2621,#13650);
#13650 = DEFINITIONAL_REPRESENTATION('',(#13651),#13655);
#13651 = LINE('',#13652,#13653);
#13652 = CARTESIAN_POINT('',(0.,-0.));
#13653 = VECTOR('',#13654,1.);
#13654 = DIRECTION('',(0.,1.));
#13655 = ( GEOMETRIC_REPRESENTATION_CONTEXT(2) 
PARAMETRIC_REPRESENTATION_CONTEXT() REPRESENTATION_CONTEXT('2D SPACE',''
  ) );
#13656 = ORIENTED_EDGE('',*,*,#2600,.T.);
#13657 = ORIENTED_EDGE('',*,*,#13636,.T.);
#13658 = ADVANCED_FACE('',(#13659),#2656,.F.);
#13659 = FACE_BOUND('',#13660,.F.);
#13660 = EDGE_LOOP('',(#13661,#13662,#13683,#13684));
#13661 = ORIENTED_EDGE('',*,*,#8515,.F.);
#13662 = ORIENTED_EDGE('',*,*,#13663,.F.);
#13663 = EDGE_CURVE('',#2636,#8516,#13664,.T.);
#13664 = SEAM_CURVE('',#13665,(#13669,#13676),.PCURVE_S1.);
#13665 = LINE('',#13666,#13667);
#13666 = CARTESIAN_POINT('',(127.22,-114.04,-1.E-02));
#13667 = VECTOR('',#13668,1.);
#13668 = DIRECTION('',(0.,0.,1.));
#13669 = PCURVE('',#2656,#13670);
#13670 = DEFINITIONAL_REPRESENTATION('',(#13671),#13675);
#13671 = LINE('',#13672,#13673);
#13672 = CARTESIAN_POINT('',(6.28318530718,-0.));
#13673 = VECTOR('',#13674,1.);
#13674 = DIRECTION('',(0.,1.));
#13675 = ( GEOMETRIC_REPRESENTATION_CONTEXT(2) 
PARAMETRIC_REPRESENTATION_CONTEXT() REPRESENTATION_CONTEXT('2D SPACE',''
  ) );
#13676 = PCURVE('',#2656,#13677);
#13677 = DEFINITIONAL_REPRESENTATION('',(#13678),#13682);
#13678 = LINE('',#13679,#13680);
#13679 = CARTESIAN_POINT('',(0.,-0.));
#13680 = VECTOR('',#13681,1.);
#13681 = DIRECTION('',(0.,1.));
#13682 = ( GEOMETRIC_REPRESENTATION_CONTEXT(2) 
PARAMETRIC_REPRESENTATION_CONTEXT() REPRESENTATION_CONTEXT('2D SPACE',''
  ) );
#13683 = ORIENTED_EDGE('',*,*,#2635,.T.);
#13684 = ORIENTED_EDGE('',*,*,#13663,.T.);
#13685 = ADVANCED_FACE('',(#13686),#2691,.F.);
#13686 = FACE_BOUND('',#13687,.F.);
#13687 = EDGE_LOOP('',(#13688,#13689,#13710,#13711));
#13688 = ORIENTED_EDGE('',*,*,#8545,.F.);
#13689 = ORIENTED_EDGE('',*,*,#13690,.F.);
#13690 = EDGE_CURVE('',#2671,#8546,#13691,.T.);
#13691 = SEAM_CURVE('',#13692,(#13696,#13703),.PCURVE_S1.);
#13692 = LINE('',#13693,#13694);
#13693 = CARTESIAN_POINT('',(129.76,-111.48,-1.E-02));
#13694 = VECTOR('',#13695,1.);
#13695 = DIRECTION('',(0.,0.,1.));
#13696 = PCURVE('',#2691,#13697);
#13697 = DEFINITIONAL_REPRESENTATION('',(#13698),#13702);
#13698 = LINE('',#13699,#13700);
#13699 = CARTESIAN_POINT('',(6.28318530718,-0.));
#13700 = VECTOR('',#13701,1.);
#13701 = DIRECTION('',(0.,1.));
#13702 = ( GEOMETRIC_REPRESENTATION_CONTEXT(2) 
PARAMETRIC_REPRESENTATION_CONTEXT() REPRESENTATION_CONTEXT('2D SPACE',''
  ) );
#13703 = PCURVE('',#2691,#13704);
#13704 = DEFINITIONAL_REPRESENTATION('',(#13705),#13709);
#13705 = LINE('',#13706,#13707);
#13706 = CARTESIAN_POINT('',(0.,-0.));
#13707 = VECTOR('',#13708,1.);
#13708 = DIRECTION('',(0.,1.));
#13709 = ( GEOMETRIC_REPRESENTATION_CONTEXT(2) 
PARAMETRIC_REPRESENTATION_CONTEXT() REPRESENTATION_CONTEXT('2D SPACE',''
  ) );
#13710 = ORIENTED_EDGE('',*,*,#2670,.T.);
#13711 = ORIENTED_EDGE('',*,*,#13690,.T.);
#13712 = ADVANCED_FACE('',(#13713),#2726,.F.);
#13713 = FACE_BOUND('',#13714,.F.);
#13714 = EDGE_LOOP('',(#13715,#13716,#13737,#13738));
#13715 = ORIENTED_EDGE('',*,*,#8575,.F.);
#13716 = ORIENTED_EDGE('',*,*,#13717,.F.);
#13717 = EDGE_CURVE('',#2706,#8576,#13718,.T.);
#13718 = SEAM_CURVE('',#13719,(#13723,#13730),.PCURVE_S1.);
#13719 = LINE('',#13720,#13721);
#13720 = CARTESIAN_POINT('',(127.22,-111.48,-1.E-02));
#13721 = VECTOR('',#13722,1.);
#13722 = DIRECTION('',(0.,0.,1.));
#13723 = PCURVE('',#2726,#13724);
#13724 = DEFINITIONAL_REPRESENTATION('',(#13725),#13729);
#13725 = LINE('',#13726,#13727);
#13726 = CARTESIAN_POINT('',(6.28318530718,-0.));
#13727 = VECTOR('',#13728,1.);
#13728 = DIRECTION('',(0.,1.));
#13729 = ( GEOMETRIC_REPRESENTATION_CONTEXT(2) 
PARAMETRIC_REPRESENTATION_CONTEXT() REPRESENTATION_CONTEXT('2D SPACE',''
  ) );
#13730 = PCURVE('',#2726,#13731);
#13731 = DEFINITIONAL_REPRESENTATION('',(#13732),#13736);
#13732 = LINE('',#13733,#13734);
#13733 = CARTESIAN_POINT('',(0.,-0.));
#13734 = VECTOR('',#13735,1.);
#13735 = DIRECTION('',(0.,1.));
#13736 = ( GEOMETRIC_REPRESENTATION_CONTEXT(2) 
PARAMETRIC_REPRESENTATION_CONTEXT() REPRESENTATION_CONTEXT('2D SPACE',''
  ) );
#13737 = ORIENTED_EDGE('',*,*,#2705,.T.);
#13738 = ORIENTED_EDGE('',*,*,#13717,.T.);
#13739 = ADVANCED_FACE('',(#13740),#2761,.F.);
#13740 = FACE_BOUND('',#13741,.F.);
#13741 = EDGE_LOOP('',(#13742,#13743,#13764,#13765));
#13742 = ORIENTED_EDGE('',*,*,#8605,.F.);
#13743 = ORIENTED_EDGE('',*,*,#13744,.F.);
#13744 = EDGE_CURVE('',#2741,#8606,#13745,.T.);
#13745 = SEAM_CURVE('',#13746,(#13750,#13757),.PCURVE_S1.);
#13746 = LINE('',#13747,#13748);
#13747 = CARTESIAN_POINT('',(124.68,-114.04,-1.E-02));
#13748 = VECTOR('',#13749,1.);
#13749 = DIRECTION('',(0.,0.,1.));
#13750 = PCURVE('',#2761,#13751);
#13751 = DEFINITIONAL_REPRESENTATION('',(#13752),#13756);
#13752 = LINE('',#13753,#13754);
#13753 = CARTESIAN_POINT('',(6.28318530718,-0.));
#13754 = VECTOR('',#13755,1.);
#13755 = DIRECTION('',(0.,1.));
#13756 = ( GEOMETRIC_REPRESENTATION_CONTEXT(2) 
PARAMETRIC_REPRESENTATION_CONTEXT() REPRESENTATION_CONTEXT('2D SPACE',''
  ) );
#13757 = PCURVE('',#2761,#13758);
#13758 = DEFINITIONAL_REPRESENTATION('',(#13759),#13763);
#13759 = LINE('',#13760,#13761);
#13760 = CARTESIAN_POINT('',(0.,-0.));
#13761 = VECTOR('',#13762,1.);
#13762 = DIRECTION('',(0.,1.));
#13763 = ( GEOMETRIC_REPRESENTATION_CONTEXT(2) 
PARAMETRIC_REPRESENTATION_CONTEXT() REPRESENTATION_CONTEXT('2D SPACE',''
  ) );
#13764 = ORIENTED_EDGE('',*,*,#2740,.T.);
#13765 = ORIENTED_EDGE('',*,*,#13744,.T.);
#13766 = ADVANCED_FACE('',(#13767),#2796,.F.);
#13767 = FACE_BOUND('',#13768,.F.);
#13768 = EDGE_LOOP('',(#13769,#13770,#13791,#13792));
#13769 = ORIENTED_EDGE('',*,*,#8635,.F.);
#13770 = ORIENTED_EDGE('',*,*,#13771,.F.);
#13771 = EDGE_CURVE('',#2776,#8636,#13772,.T.);
#13772 = SEAM_CURVE('',#13773,(#13777,#13784),.PCURVE_S1.);
#13773 = LINE('',#13774,#13775);
#13774 = CARTESIAN_POINT('',(122.14,-114.04,-1.E-02));
#13775 = VECTOR('',#13776,1.);
#13776 = DIRECTION('',(0.,0.,1.));
#13777 = PCURVE('',#2796,#13778);
#13778 = DEFINITIONAL_REPRESENTATION('',(#13779),#13783);
#13779 = LINE('',#13780,#13781);
#13780 = CARTESIAN_POINT('',(6.28318530718,-0.));
#13781 = VECTOR('',#13782,1.);
#13782 = DIRECTION('',(0.,1.));
#13783 = ( GEOMETRIC_REPRESENTATION_CONTEXT(2) 
PARAMETRIC_REPRESENTATION_CONTEXT() REPRESENTATION_CONTEXT('2D SPACE',''
  ) );
#13784 = PCURVE('',#2796,#13785);
#13785 = DEFINITIONAL_REPRESENTATION('',(#13786),#13790);
#13786 = LINE('',#13787,#13788);
#13787 = CARTESIAN_POINT('',(0.,-0.));
#13788 = VECTOR('',#13789,1.);
#13789 = DIRECTION('',(0.,1.));
#13790 = ( GEOMETRIC_REPRESENTATION_CONTEXT(2) 
PARAMETRIC_REPRESENTATION_CONTEXT() REPRESENTATION_CONTEXT('2D SPACE',''
  ) );
#13791 = ORIENTED_EDGE('',*,*,#2775,.T.);
#13792 = ORIENTED_EDGE('',*,*,#13771,.T.);
#13793 = ADVANCED_FACE('',(#13794),#2831,.F.);
#13794 = FACE_BOUND('',#13795,.F.);
#13795 = EDGE_LOOP('',(#13796,#13797,#13818,#13819));
#13796 = ORIENTED_EDGE('',*,*,#8665,.F.);
#13797 = ORIENTED_EDGE('',*,*,#13798,.F.);
#13798 = EDGE_CURVE('',#2811,#8666,#13799,.T.);
#13799 = SEAM_CURVE('',#13800,(#13804,#13811),.PCURVE_S1.);
#13800 = LINE('',#13801,#13802);
#13801 = CARTESIAN_POINT('',(124.68,-111.48,-1.E-02));
#13802 = VECTOR('',#13803,1.);
#13803 = DIRECTION('',(0.,0.,1.));
#13804 = PCURVE('',#2831,#13805);
#13805 = DEFINITIONAL_REPRESENTATION('',(#13806),#13810);
#13806 = LINE('',#13807,#13808);
#13807 = CARTESIAN_POINT('',(6.28318530718,-0.));
#13808 = VECTOR('',#13809,1.);
#13809 = DIRECTION('',(0.,1.));
#13810 = ( GEOMETRIC_REPRESENTATION_CONTEXT(2) 
PARAMETRIC_REPRESENTATION_CONTEXT() REPRESENTATION_CONTEXT('2D SPACE',''
  ) );
#13811 = PCURVE('',#2831,#13812);
#13812 = DEFINITIONAL_REPRESENTATION('',(#13813),#13817);
#13813 = LINE('',#13814,#13815);
#13814 = CARTESIAN_POINT('',(0.,-0.));
#13815 = VECTOR('',#13816,1.);
#13816 = DIRECTION('',(0.,1.));
#13817 = ( GEOMETRIC_REPRESENTATION_CONTEXT(2) 
PARAMETRIC_REPRESENTATION_CONTEXT() REPRESENTATION_CONTEXT('2D SPACE',''
  ) );
#13818 = ORIENTED_EDGE('',*,*,#2810,.T.);
#13819 = ORIENTED_EDGE('',*,*,#13798,.T.);
#13820 = ADVANCED_FACE('',(#13821),#2866,.F.);
#13821 = FACE_BOUND('',#13822,.F.);
#13822 = EDGE_LOOP('',(#13823,#13824,#13845,#13846));
#13823 = ORIENTED_EDGE('',*,*,#8695,.F.);
#13824 = ORIENTED_EDGE('',*,*,#13825,.F.);
#13825 = EDGE_CURVE('',#2846,#8696,#13826,.T.);
#13826 = SEAM_CURVE('',#13827,(#13831,#13838),.PCURVE_S1.);
#13827 = LINE('',#13828,#13829);
#13828 = CARTESIAN_POINT('',(122.14,-111.48,-1.E-02));
#13829 = VECTOR('',#13830,1.);
#13830 = DIRECTION('',(0.,0.,1.));
#13831 = PCURVE('',#2866,#13832);
#13832 = DEFINITIONAL_REPRESENTATION('',(#13833),#13837);
#13833 = LINE('',#13834,#13835);
#13834 = CARTESIAN_POINT('',(6.28318530718,-0.));
#13835 = VECTOR('',#13836,1.);
#13836 = DIRECTION('',(0.,1.));
#13837 = ( GEOMETRIC_REPRESENTATION_CONTEXT(2) 
PARAMETRIC_REPRESENTATION_CONTEXT() REPRESENTATION_CONTEXT('2D SPACE',''
  ) );
#13838 = PCURVE('',#2866,#13839);
#13839 = DEFINITIONAL_REPRESENTATION('',(#13840),#13844);
#13840 = LINE('',#13841,#13842);
#13841 = CARTESIAN_POINT('',(0.,-0.));
#13842 = VECTOR('',#13843,1.);
#13843 = DIRECTION('',(0.,1.));
#13844 = ( GEOMETRIC_REPRESENTATION_CONTEXT(2) 
PARAMETRIC_REPRESENTATION_CONTEXT() REPRESENTATION_CONTEXT('2D SPACE',''
  ) );
#13845 = ORIENTED_EDGE('',*,*,#2845,.T.);
#13846 = ORIENTED_EDGE('',*,*,#13825,.T.);
#13847 = ADVANCED_FACE('',(#13848),#2901,.F.);
#13848 = FACE_BOUND('',#13849,.F.);
#13849 = EDGE_LOOP('',(#13850,#13851,#13872,#13873));
#13850 = ORIENTED_EDGE('',*,*,#8725,.F.);
#13851 = ORIENTED_EDGE('',*,*,#13852,.F.);
#13852 = EDGE_CURVE('',#2881,#8726,#13853,.T.);
#13853 = SEAM_CURVE('',#13854,(#13858,#13865),.PCURVE_S1.);
#13854 = LINE('',#13855,#13856);
#13855 = CARTESIAN_POINT('',(119.6,-119.16,-1.E-02));
#13856 = VECTOR('',#13857,1.);
#13857 = DIRECTION('',(0.,0.,1.));
#13858 = PCURVE('',#2901,#13859);
#13859 = DEFINITIONAL_REPRESENTATION('',(#13860),#13864);
#13860 = LINE('',#13861,#13862);
#13861 = CARTESIAN_POINT('',(6.28318530718,-0.));
#13862 = VECTOR('',#13863,1.);
#13863 = DIRECTION('',(0.,1.));
#13864 = ( GEOMETRIC_REPRESENTATION_CONTEXT(2) 
PARAMETRIC_REPRESENTATION_CONTEXT() REPRESENTATION_CONTEXT('2D SPACE',''
  ) );
#13865 = PCURVE('',#2901,#13866);
#13866 = DEFINITIONAL_REPRESENTATION('',(#13867),#13871);
#13867 = LINE('',#13868,#13869);
#13868 = CARTESIAN_POINT('',(0.,-0.));
#13869 = VECTOR('',#13870,1.);
#13870 = DIRECTION('',(0.,1.));
#13871 = ( GEOMETRIC_REPRESENTATION_CONTEXT(2) 
PARAMETRIC_REPRESENTATION_CONTEXT() REPRESENTATION_CONTEXT('2D SPACE',''
  ) );
#13872 = ORIENTED_EDGE('',*,*,#2880,.T.);
#13873 = ORIENTED_EDGE('',*,*,#13852,.T.);
#13874 = ADVANCED_FACE('',(#13875),#2936,.F.);
#13875 = FACE_BOUND('',#13876,.F.);
#13876 = EDGE_LOOP('',(#13877,#13878,#13899,#13900));
#13877 = ORIENTED_EDGE('',*,*,#8755,.F.);
#13878 = ORIENTED_EDGE('',*,*,#13879,.F.);
#13879 = EDGE_CURVE('',#2916,#8756,#13880,.T.);
#13880 = SEAM_CURVE('',#13881,(#13885,#13892),.PCURVE_S1.);
#13881 = LINE('',#13882,#13883);
#13882 = CARTESIAN_POINT('',(117.06,-119.16,-1.E-02));
#13883 = VECTOR('',#13884,1.);
#13884 = DIRECTION('',(0.,0.,1.));
#13885 = PCURVE('',#2936,#13886);
#13886 = DEFINITIONAL_REPRESENTATION('',(#13887),#13891);
#13887 = LINE('',#13888,#13889);
#13888 = CARTESIAN_POINT('',(6.28318530718,-0.));
#13889 = VECTOR('',#13890,1.);
#13890 = DIRECTION('',(0.,1.));
#13891 = ( GEOMETRIC_REPRESENTATION_CONTEXT(2) 
PARAMETRIC_REPRESENTATION_CONTEXT() REPRESENTATION_CONTEXT('2D SPACE',''
  ) );
#13892 = PCURVE('',#2936,#13893);
#13893 = DEFINITIONAL_REPRESENTATION('',(#13894),#13898);
#13894 = LINE('',#13895,#13896);
#13895 = CARTESIAN_POINT('',(0.,-0.));
#13896 = VECTOR('',#13897,1.);
#13897 = DIRECTION('',(0.,1.));
#13898 = ( GEOMETRIC_REPRESENTATION_CONTEXT(2) 
PARAMETRIC_REPRESENTATION_CONTEXT() REPRESENTATION_CONTEXT('2D SPACE',''
  ) );
#13899 = ORIENTED_EDGE('',*,*,#2915,.T.);
#13900 = ORIENTED_EDGE('',*,*,#13879,.T.);
#13901 = ADVANCED_FACE('',(#13902),#2971,.F.);
#13902 = FACE_BOUND('',#13903,.F.);
#13903 = EDGE_LOOP('',(#13904,#13905,#13926,#13927));
#13904 = ORIENTED_EDGE('',*,*,#8785,.F.);
#13905 = ORIENTED_EDGE('',*,*,#13906,.F.);
#13906 = EDGE_CURVE('',#2951,#8786,#13907,.T.);
#13907 = SEAM_CURVE('',#13908,(#13912,#13919),.PCURVE_S1.);
#13908 = LINE('',#13909,#13910);
#13909 = CARTESIAN_POINT('',(119.6,-116.6,-1.E-02));
#13910 = VECTOR('',#13911,1.);
#13911 = DIRECTION('',(0.,0.,1.));
#13912 = PCURVE('',#2971,#13913);
#13913 = DEFINITIONAL_REPRESENTATION('',(#13914),#13918);
#13914 = LINE('',#13915,#13916);
#13915 = CARTESIAN_POINT('',(6.28318530718,-0.));
#13916 = VECTOR('',#13917,1.);
#13917 = DIRECTION('',(0.,1.));
#13918 = ( GEOMETRIC_REPRESENTATION_CONTEXT(2) 
PARAMETRIC_REPRESENTATION_CONTEXT() REPRESENTATION_CONTEXT('2D SPACE',''
  ) );
#13919 = PCURVE('',#2971,#13920);
#13920 = DEFINITIONAL_REPRESENTATION('',(#13921),#13925);
#13921 = LINE('',#13922,#13923);
#13922 = CARTESIAN_POINT('',(0.,-0.));
#13923 = VECTOR('',#13924,1.);
#13924 = DIRECTION('',(0.,1.));
#13925 = ( GEOMETRIC_REPRESENTATION_CONTEXT(2) 
PARAMETRIC_REPRESENTATION_CONTEXT() REPRESENTATION_CONTEXT('2D SPACE',''
  ) );
#13926 = ORIENTED_EDGE('',*,*,#2950,.T.);
#13927 = ORIENTED_EDGE('',*,*,#13906,.T.);
#13928 = ADVANCED_FACE('',(#13929),#3006,.F.);
#13929 = FACE_BOUND('',#13930,.F.);
#13930 = EDGE_LOOP('',(#13931,#13932,#13953,#13954));
#13931 = ORIENTED_EDGE('',*,*,#8815,.F.);
#13932 = ORIENTED_EDGE('',*,*,#13933,.F.);
#13933 = EDGE_CURVE('',#2986,#8816,#13934,.T.);
#13934 = SEAM_CURVE('',#13935,(#13939,#13946),.PCURVE_S1.);
#13935 = LINE('',#13936,#13937);
#13936 = CARTESIAN_POINT('',(117.06,-116.6,-1.E-02));
#13937 = VECTOR('',#13938,1.);
#13938 = DIRECTION('',(0.,0.,1.));
#13939 = PCURVE('',#3006,#13940);
#13940 = DEFINITIONAL_REPRESENTATION('',(#13941),#13945);
#13941 = LINE('',#13942,#13943);
#13942 = CARTESIAN_POINT('',(6.28318530718,-0.));
#13943 = VECTOR('',#13944,1.);
#13944 = DIRECTION('',(0.,1.));
#13945 = ( GEOMETRIC_REPRESENTATION_CONTEXT(2) 
PARAMETRIC_REPRESENTATION_CONTEXT() REPRESENTATION_CONTEXT('2D SPACE',''
  ) );
#13946 = PCURVE('',#3006,#13947);
#13947 = DEFINITIONAL_REPRESENTATION('',(#13948),#13952);
#13948 = LINE('',#13949,#13950);
#13949 = CARTESIAN_POINT('',(0.,-0.));
#13950 = VECTOR('',#13951,1.);
#13951 = DIRECTION('',(0.,1.));
#13952 = ( GEOMETRIC_REPRESENTATION_CONTEXT(2) 
PARAMETRIC_REPRESENTATION_CONTEXT() REPRESENTATION_CONTEXT('2D SPACE',''
  ) );
#13953 = ORIENTED_EDGE('',*,*,#2985,.T.);
#13954 = ORIENTED_EDGE('',*,*,#13933,.T.);
#13955 = ADVANCED_FACE('',(#13956),#3041,.F.);
#13956 = FACE_BOUND('',#13957,.F.);
#13957 = EDGE_LOOP('',(#13958,#13959,#13980,#13981));
#13958 = ORIENTED_EDGE('',*,*,#8845,.F.);
#13959 = ORIENTED_EDGE('',*,*,#13960,.F.);
#13960 = EDGE_CURVE('',#3021,#8846,#13961,.T.);
#13961 = SEAM_CURVE('',#13962,(#13966,#13973),.PCURVE_S1.);
#13962 = LINE('',#13963,#13964);
#13963 = CARTESIAN_POINT('',(113.25,-119.16,-1.E-02));
#13964 = VECTOR('',#13965,1.);
#13965 = DIRECTION('',(0.,0.,1.));
#13966 = PCURVE('',#3041,#13967);
#13967 = DEFINITIONAL_REPRESENTATION('',(#13968),#13972);
#13968 = LINE('',#13969,#13970);
#13969 = CARTESIAN_POINT('',(6.28318530718,-0.));
#13970 = VECTOR('',#13971,1.);
#13971 = DIRECTION('',(0.,1.));
#13972 = ( GEOMETRIC_REPRESENTATION_CONTEXT(2) 
PARAMETRIC_REPRESENTATION_CONTEXT() REPRESENTATION_CONTEXT('2D SPACE',''
  ) );
#13973 = PCURVE('',#3041,#13974);
#13974 = DEFINITIONAL_REPRESENTATION('',(#13975),#13979);
#13975 = LINE('',#13976,#13977);
#13976 = CARTESIAN_POINT('',(0.,-0.));
#13977 = VECTOR('',#13978,1.);
#13978 = DIRECTION('',(0.,1.));
#13979 = ( GEOMETRIC_REPRESENTATION_CONTEXT(2) 
PARAMETRIC_REPRESENTATION_CONTEXT() REPRESENTATION_CONTEXT('2D SPACE',''
  ) );
#13980 = ORIENTED_EDGE('',*,*,#3020,.T.);
#13981 = ORIENTED_EDGE('',*,*,#13960,.T.);
#13982 = ADVANCED_FACE('',(#13983),#3076,.F.);
#13983 = FACE_BOUND('',#13984,.F.);
#13984 = EDGE_LOOP('',(#13985,#13986,#14007,#14008));
#13985 = ORIENTED_EDGE('',*,*,#8875,.F.);
#13986 = ORIENTED_EDGE('',*,*,#13987,.F.);
#13987 = EDGE_CURVE('',#3056,#8876,#13988,.T.);
#13988 = SEAM_CURVE('',#13989,(#13993,#14000),.PCURVE_S1.);
#13989 = LINE('',#13990,#13991);
#13990 = CARTESIAN_POINT('',(110.71,-119.16,-1.E-02));
#13991 = VECTOR('',#13992,1.);
#13992 = DIRECTION('',(0.,0.,1.));
#13993 = PCURVE('',#3076,#13994);
#13994 = DEFINITIONAL_REPRESENTATION('',(#13995),#13999);
#13995 = LINE('',#13996,#13997);
#13996 = CARTESIAN_POINT('',(6.28318530718,-0.));
#13997 = VECTOR('',#13998,1.);
#13998 = DIRECTION('',(0.,1.));
#13999 = ( GEOMETRIC_REPRESENTATION_CONTEXT(2) 
PARAMETRIC_REPRESENTATION_CONTEXT() REPRESENTATION_CONTEXT('2D SPACE',''
  ) );
#14000 = PCURVE('',#3076,#14001);
#14001 = DEFINITIONAL_REPRESENTATION('',(#14002),#14006);
#14002 = LINE('',#14003,#14004);
#14003 = CARTESIAN_POINT('',(0.,-0.));
#14004 = VECTOR('',#14005,1.);
#14005 = DIRECTION('',(0.,1.));
#14006 = ( GEOMETRIC_REPRESENTATION_CONTEXT(2) 
PARAMETRIC_REPRESENTATION_CONTEXT() REPRESENTATION_CONTEXT('2D SPACE',''
  ) );
#14007 = ORIENTED_EDGE('',*,*,#3055,.T.);
#14008 = ORIENTED_EDGE('',*,*,#13987,.T.);
#14009 = ADVANCED_FACE('',(#14010),#3111,.F.);
#14010 = FACE_BOUND('',#14011,.F.);
#14011 = EDGE_LOOP('',(#14012,#14013,#14034,#14035));
#14012 = ORIENTED_EDGE('',*,*,#8905,.F.);
#14013 = ORIENTED_EDGE('',*,*,#14014,.F.);
#14014 = EDGE_CURVE('',#3091,#8906,#14015,.T.);
#14015 = SEAM_CURVE('',#14016,(#14020,#14027),.PCURVE_S1.);
#14016 = LINE('',#14017,#14018);
#14017 = CARTESIAN_POINT('',(113.25,-116.6,-1.E-02));
#14018 = VECTOR('',#14019,1.);
#14019 = DIRECTION('',(0.,0.,1.));
#14020 = PCURVE('',#3111,#14021);
#14021 = DEFINITIONAL_REPRESENTATION('',(#14022),#14026);
#14022 = LINE('',#14023,#14024);
#14023 = CARTESIAN_POINT('',(6.28318530718,-0.));
#14024 = VECTOR('',#14025,1.);
#14025 = DIRECTION('',(0.,1.));
#14026 = ( GEOMETRIC_REPRESENTATION_CONTEXT(2) 
PARAMETRIC_REPRESENTATION_CONTEXT() REPRESENTATION_CONTEXT('2D SPACE',''
  ) );
#14027 = PCURVE('',#3111,#14028);
#14028 = DEFINITIONAL_REPRESENTATION('',(#14029),#14033);
#14029 = LINE('',#14030,#14031);
#14030 = CARTESIAN_POINT('',(0.,-0.));
#14031 = VECTOR('',#14032,1.);
#14032 = DIRECTION('',(0.,1.));
#14033 = ( GEOMETRIC_REPRESENTATION_CONTEXT(2) 
PARAMETRIC_REPRESENTATION_CONTEXT() REPRESENTATION_CONTEXT('2D SPACE',''
  ) );
#14034 = ORIENTED_EDGE('',*,*,#3090,.T.);
#14035 = ORIENTED_EDGE('',*,*,#14014,.T.);
#14036 = ADVANCED_FACE('',(#14037),#3146,.F.);
#14037 = FACE_BOUND('',#14038,.F.);
#14038 = EDGE_LOOP('',(#14039,#14040,#14061,#14062));
#14039 = ORIENTED_EDGE('',*,*,#8935,.F.);
#14040 = ORIENTED_EDGE('',*,*,#14041,.F.);
#14041 = EDGE_CURVE('',#3126,#8936,#14042,.T.);
#14042 = SEAM_CURVE('',#14043,(#14047,#14054),.PCURVE_S1.);
#14043 = LINE('',#14044,#14045);
#14044 = CARTESIAN_POINT('',(110.71,-116.6,-1.E-02));
#14045 = VECTOR('',#14046,1.);
#14046 = DIRECTION('',(0.,0.,1.));
#14047 = PCURVE('',#3146,#14048);
#14048 = DEFINITIONAL_REPRESENTATION('',(#14049),#14053);
#14049 = LINE('',#14050,#14051);
#14050 = CARTESIAN_POINT('',(6.28318530718,-0.));
#14051 = VECTOR('',#14052,1.);
#14052 = DIRECTION('',(0.,1.));
#14053 = ( GEOMETRIC_REPRESENTATION_CONTEXT(2) 
PARAMETRIC_REPRESENTATION_CONTEXT() REPRESENTATION_CONTEXT('2D SPACE',''
  ) );
#14054 = PCURVE('',#3146,#14055);
#14055 = DEFINITIONAL_REPRESENTATION('',(#14056),#14060);
#14056 = LINE('',#14057,#14058);
#14057 = CARTESIAN_POINT('',(0.,-0.));
#14058 = VECTOR('',#14059,1.);
#14059 = DIRECTION('',(0.,1.));
#14060 = ( GEOMETRIC_REPRESENTATION_CONTEXT(2) 
PARAMETRIC_REPRESENTATION_CONTEXT() REPRESENTATION_CONTEXT('2D SPACE',''
  ) );
#14061 = ORIENTED_EDGE('',*,*,#3125,.T.);
#14062 = ORIENTED_EDGE('',*,*,#14041,.T.);
#14063 = ADVANCED_FACE('',(#14064),#3181,.F.);
#14064 = FACE_BOUND('',#14065,.F.);
#14065 = EDGE_LOOP('',(#14066,#14067,#14088,#14089));
#14066 = ORIENTED_EDGE('',*,*,#8965,.F.);
#14067 = ORIENTED_EDGE('',*,*,#14068,.F.);
#14068 = EDGE_CURVE('',#3161,#8966,#14069,.T.);
#14069 = SEAM_CURVE('',#14070,(#14074,#14081),.PCURVE_S1.);
#14070 = LINE('',#14071,#14072);
#14071 = CARTESIAN_POINT('',(119.6,-114.04,-1.E-02));
#14072 = VECTOR('',#14073,1.);
#14073 = DIRECTION('',(0.,0.,1.));
#14074 = PCURVE('',#3181,#14075);
#14075 = DEFINITIONAL_REPRESENTATION('',(#14076),#14080);
#14076 = LINE('',#14077,#14078);
#14077 = CARTESIAN_POINT('',(6.28318530718,-0.));
#14078 = VECTOR('',#14079,1.);
#14079 = DIRECTION('',(0.,1.));
#14080 = ( GEOMETRIC_REPRESENTATION_CONTEXT(2) 
PARAMETRIC_REPRESENTATION_CONTEXT() REPRESENTATION_CONTEXT('2D SPACE',''
  ) );
#14081 = PCURVE('',#3181,#14082);
#14082 = DEFINITIONAL_REPRESENTATION('',(#14083),#14087);
#14083 = LINE('',#14084,#14085);
#14084 = CARTESIAN_POINT('',(0.,-0.));
#14085 = VECTOR('',#14086,1.);
#14086 = DIRECTION('',(0.,1.));
#14087 = ( GEOMETRIC_REPRESENTATION_CONTEXT(2) 
PARAMETRIC_REPRESENTATION_CONTEXT() REPRESENTATION_CONTEXT('2D SPACE',''
  ) );
#14088 = ORIENTED_EDGE('',*,*,#3160,.T.);
#14089 = ORIENTED_EDGE('',*,*,#14068,.T.);
#14090 = ADVANCED_FACE('',(#14091),#3216,.F.);
#14091 = FACE_BOUND('',#14092,.F.);
#14092 = EDGE_LOOP('',(#14093,#14094,#14115,#14116));
#14093 = ORIENTED_EDGE('',*,*,#8995,.F.);
#14094 = ORIENTED_EDGE('',*,*,#14095,.F.);
#14095 = EDGE_CURVE('',#3196,#8996,#14096,.T.);
#14096 = SEAM_CURVE('',#14097,(#14101,#14108),.PCURVE_S1.);
#14097 = LINE('',#14098,#14099);
#14098 = CARTESIAN_POINT('',(117.06,-114.04,-1.E-02));
#14099 = VECTOR('',#14100,1.);
#14100 = DIRECTION('',(0.,0.,1.));
#14101 = PCURVE('',#3216,#14102);
#14102 = DEFINITIONAL_REPRESENTATION('',(#14103),#14107);
#14103 = LINE('',#14104,#14105);
#14104 = CARTESIAN_POINT('',(6.28318530718,-0.));
#14105 = VECTOR('',#14106,1.);
#14106 = DIRECTION('',(0.,1.));
#14107 = ( GEOMETRIC_REPRESENTATION_CONTEXT(2) 
PARAMETRIC_REPRESENTATION_CONTEXT() REPRESENTATION_CONTEXT('2D SPACE',''
  ) );
#14108 = PCURVE('',#3216,#14109);
#14109 = DEFINITIONAL_REPRESENTATION('',(#14110),#14114);
#14110 = LINE('',#14111,#14112);
#14111 = CARTESIAN_POINT('',(0.,-0.));
#14112 = VECTOR('',#14113,1.);
#14113 = DIRECTION('',(0.,1.));
#14114 = ( GEOMETRIC_REPRESENTATION_CONTEXT(2) 
PARAMETRIC_REPRESENTATION_CONTEXT() REPRESENTATION_CONTEXT('2D SPACE',''
  ) );
#14115 = ORIENTED_EDGE('',*,*,#3195,.T.);
#14116 = ORIENTED_EDGE('',*,*,#14095,.T.);
#14117 = ADVANCED_FACE('',(#14118),#3251,.F.);
#14118 = FACE_BOUND('',#14119,.F.);
#14119 = EDGE_LOOP('',(#14120,#14121,#14142,#14143));
#14120 = ORIENTED_EDGE('',*,*,#9025,.F.);
#14121 = ORIENTED_EDGE('',*,*,#14122,.F.);
#14122 = EDGE_CURVE('',#3231,#9026,#14123,.T.);
#14123 = SEAM_CURVE('',#14124,(#14128,#14135),.PCURVE_S1.);
#14124 = LINE('',#14125,#14126);
#14125 = CARTESIAN_POINT('',(119.6,-111.48,-1.E-02));
#14126 = VECTOR('',#14127,1.);
#14127 = DIRECTION('',(0.,0.,1.));
#14128 = PCURVE('',#3251,#14129);
#14129 = DEFINITIONAL_REPRESENTATION('',(#14130),#14134);
#14130 = LINE('',#14131,#14132);
#14131 = CARTESIAN_POINT('',(6.28318530718,-0.));
#14132 = VECTOR('',#14133,1.);
#14133 = DIRECTION('',(0.,1.));
#14134 = ( GEOMETRIC_REPRESENTATION_CONTEXT(2) 
PARAMETRIC_REPRESENTATION_CONTEXT() REPRESENTATION_CONTEXT('2D SPACE',''
  ) );
#14135 = PCURVE('',#3251,#14136);
#14136 = DEFINITIONAL_REPRESENTATION('',(#14137),#14141);
#14137 = LINE('',#14138,#14139);
#14138 = CARTESIAN_POINT('',(0.,-0.));
#14139 = VECTOR('',#14140,1.);
#14140 = DIRECTION('',(0.,1.));
#14141 = ( GEOMETRIC_REPRESENTATION_CONTEXT(2) 
PARAMETRIC_REPRESENTATION_CONTEXT() REPRESENTATION_CONTEXT('2D SPACE',''
  ) );
#14142 = ORIENTED_EDGE('',*,*,#3230,.T.);
#14143 = ORIENTED_EDGE('',*,*,#14122,.T.);
#14144 = ADVANCED_FACE('',(#14145),#3286,.F.);
#14145 = FACE_BOUND('',#14146,.F.);
#14146 = EDGE_LOOP('',(#14147,#14148,#14169,#14170));
#14147 = ORIENTED_EDGE('',*,*,#9055,.F.);
#14148 = ORIENTED_EDGE('',*,*,#14149,.F.);
#14149 = EDGE_CURVE('',#3266,#9056,#14150,.T.);
#14150 = SEAM_CURVE('',#14151,(#14155,#14162),.PCURVE_S1.);
#14151 = LINE('',#14152,#14153);
#14152 = CARTESIAN_POINT('',(117.06,-111.48,-1.E-02));
#14153 = VECTOR('',#14154,1.);
#14154 = DIRECTION('',(0.,0.,1.));
#14155 = PCURVE('',#3286,#14156);
#14156 = DEFINITIONAL_REPRESENTATION('',(#14157),#14161);
#14157 = LINE('',#14158,#14159);
#14158 = CARTESIAN_POINT('',(6.28318530718,-0.));
#14159 = VECTOR('',#14160,1.);
#14160 = DIRECTION('',(0.,1.));
#14161 = ( GEOMETRIC_REPRESENTATION_CONTEXT(2) 
PARAMETRIC_REPRESENTATION_CONTEXT() REPRESENTATION_CONTEXT('2D SPACE',''
  ) );
#14162 = PCURVE('',#3286,#14163);
#14163 = DEFINITIONAL_REPRESENTATION('',(#14164),#14168);
#14164 = LINE('',#14165,#14166);
#14165 = CARTESIAN_POINT('',(0.,-0.));
#14166 = VECTOR('',#14167,1.);
#14167 = DIRECTION('',(0.,1.));
#14168 = ( GEOMETRIC_REPRESENTATION_CONTEXT(2) 
PARAMETRIC_REPRESENTATION_CONTEXT() REPRESENTATION_CONTEXT('2D SPACE',''
  ) );
#14169 = ORIENTED_EDGE('',*,*,#3265,.T.);
#14170 = ORIENTED_EDGE('',*,*,#14149,.T.);
#14171 = ADVANCED_FACE('',(#14172),#3321,.F.);
#14172 = FACE_BOUND('',#14173,.F.);
#14173 = EDGE_LOOP('',(#14174,#14175,#14196,#14197));
#14174 = ORIENTED_EDGE('',*,*,#9085,.F.);
#14175 = ORIENTED_EDGE('',*,*,#14176,.F.);
#14176 = EDGE_CURVE('',#3301,#9086,#14177,.T.);
#14177 = SEAM_CURVE('',#14178,(#14182,#14189),.PCURVE_S1.);
#14178 = LINE('',#14179,#14180);
#14179 = CARTESIAN_POINT('',(113.25,-114.04,-1.E-02));
#14180 = VECTOR('',#14181,1.);
#14181 = DIRECTION('',(0.,0.,1.));
#14182 = PCURVE('',#3321,#14183);
#14183 = DEFINITIONAL_REPRESENTATION('',(#14184),#14188);
#14184 = LINE('',#14185,#14186);
#14185 = CARTESIAN_POINT('',(6.28318530718,-0.));
#14186 = VECTOR('',#14187,1.);
#14187 = DIRECTION('',(0.,1.));
#14188 = ( GEOMETRIC_REPRESENTATION_CONTEXT(2) 
PARAMETRIC_REPRESENTATION_CONTEXT() REPRESENTATION_CONTEXT('2D SPACE',''
  ) );
#14189 = PCURVE('',#3321,#14190);
#14190 = DEFINITIONAL_REPRESENTATION('',(#14191),#14195);
#14191 = LINE('',#14192,#14193);
#14192 = CARTESIAN_POINT('',(0.,-0.));
#14193 = VECTOR('',#14194,1.);
#14194 = DIRECTION('',(0.,1.));
#14195 = ( GEOMETRIC_REPRESENTATION_CONTEXT(2) 
PARAMETRIC_REPRESENTATION_CONTEXT() REPRESENTATION_CONTEXT('2D SPACE',''
  ) );
#14196 = ORIENTED_EDGE('',*,*,#3300,.T.);
#14197 = ORIENTED_EDGE('',*,*,#14176,.T.);
#14198 = ADVANCED_FACE('',(#14199),#3356,.F.);
#14199 = FACE_BOUND('',#14200,.F.);
#14200 = EDGE_LOOP('',(#14201,#14202,#14223,#14224));
#14201 = ORIENTED_EDGE('',*,*,#9115,.F.);
#14202 = ORIENTED_EDGE('',*,*,#14203,.F.);
#14203 = EDGE_CURVE('',#3336,#9116,#14204,.T.);
#14204 = SEAM_CURVE('',#14205,(#14209,#14216),.PCURVE_S1.);
#14205 = LINE('',#14206,#14207);
#14206 = CARTESIAN_POINT('',(110.71,-114.04,-1.E-02));
#14207 = VECTOR('',#14208,1.);
#14208 = DIRECTION('',(0.,0.,1.));
#14209 = PCURVE('',#3356,#14210);
#14210 = DEFINITIONAL_REPRESENTATION('',(#14211),#14215);
#14211 = LINE('',#14212,#14213);
#14212 = CARTESIAN_POINT('',(6.28318530718,-0.));
#14213 = VECTOR('',#14214,1.);
#14214 = DIRECTION('',(0.,1.));
#14215 = ( GEOMETRIC_REPRESENTATION_CONTEXT(2) 
PARAMETRIC_REPRESENTATION_CONTEXT() REPRESENTATION_CONTEXT('2D SPACE',''
  ) );
#14216 = PCURVE('',#3356,#14217);
#14217 = DEFINITIONAL_REPRESENTATION('',(#14218),#14222);
#14218 = LINE('',#14219,#14220);
#14219 = CARTESIAN_POINT('',(0.,-0.));
#14220 = VECTOR('',#14221,1.);
#14221 = DIRECTION('',(0.,1.));
#14222 = ( GEOMETRIC_REPRESENTATION_CONTEXT(2) 
PARAMETRIC_REPRESENTATION_CONTEXT() REPRESENTATION_CONTEXT('2D SPACE',''
  ) );
#14223 = ORIENTED_EDGE('',*,*,#3335,.T.);
#14224 = ORIENTED_EDGE('',*,*,#14203,.T.);
#14225 = ADVANCED_FACE('',(#14226),#3391,.F.);
#14226 = FACE_BOUND('',#14227,.F.);
#14227 = EDGE_LOOP('',(#14228,#14229,#14250,#14251));
#14228 = ORIENTED_EDGE('',*,*,#9145,.F.);
#14229 = ORIENTED_EDGE('',*,*,#14230,.F.);
#14230 = EDGE_CURVE('',#3371,#9146,#14231,.T.);
#14231 = SEAM_CURVE('',#14232,(#14236,#14243),.PCURVE_S1.);
#14232 = LINE('',#14233,#14234);
#14233 = CARTESIAN_POINT('',(113.25,-111.48,-1.E-02));
#14234 = VECTOR('',#14235,1.);
#14235 = DIRECTION('',(0.,0.,1.));
#14236 = PCURVE('',#3391,#14237);
#14237 = DEFINITIONAL_REPRESENTATION('',(#14238),#14242);
#14238 = LINE('',#14239,#14240);
#14239 = CARTESIAN_POINT('',(6.28318530718,-0.));
#14240 = VECTOR('',#14241,1.);
#14241 = DIRECTION('',(0.,1.));
#14242 = ( GEOMETRIC_REPRESENTATION_CONTEXT(2) 
PARAMETRIC_REPRESENTATION_CONTEXT() REPRESENTATION_CONTEXT('2D SPACE',''
  ) );
#14243 = PCURVE('',#3391,#14244);
#14244 = DEFINITIONAL_REPRESENTATION('',(#14245),#14249);
#14245 = LINE('',#14246,#14247);
#14246 = CARTESIAN_POINT('',(0.,-0.));
#14247 = VECTOR('',#14248,1.);
#14248 = DIRECTION('',(0.,1.));
#14249 = ( GEOMETRIC_REPRESENTATION_CONTEXT(2) 
PARAMETRIC_REPRESENTATION_CONTEXT() REPRESENTATION_CONTEXT('2D SPACE',''
  ) );
#14250 = ORIENTED_EDGE('',*,*,#3370,.T.);
#14251 = ORIENTED_EDGE('',*,*,#14230,.T.);
#14252 = ADVANCED_FACE('',(#14253),#3426,.F.);
#14253 = FACE_BOUND('',#14254,.F.);
#14254 = EDGE_LOOP('',(#14255,#14256,#14277,#14278));
#14255 = ORIENTED_EDGE('',*,*,#9175,.F.);
#14256 = ORIENTED_EDGE('',*,*,#14257,.F.);
#14257 = EDGE_CURVE('',#3406,#9176,#14258,.T.);
#14258 = SEAM_CURVE('',#14259,(#14263,#14270),.PCURVE_S1.);
#14259 = LINE('',#14260,#14261);
#14260 = CARTESIAN_POINT('',(110.71,-111.48,-1.E-02));
#14261 = VECTOR('',#14262,1.);
#14262 = DIRECTION('',(0.,0.,1.));
#14263 = PCURVE('',#3426,#14264);
#14264 = DEFINITIONAL_REPRESENTATION('',(#14265),#14269);
#14265 = LINE('',#14266,#14267);
#14266 = CARTESIAN_POINT('',(6.28318530718,-0.));
#14267 = VECTOR('',#14268,1.);
#14268 = DIRECTION('',(0.,1.));
#14269 = ( GEOMETRIC_REPRESENTATION_CONTEXT(2) 
PARAMETRIC_REPRESENTATION_CONTEXT() REPRESENTATION_CONTEXT('2D SPACE',''
  ) );
#14270 = PCURVE('',#3426,#14271);
#14271 = DEFINITIONAL_REPRESENTATION('',(#14272),#14276);
#14272 = LINE('',#14273,#14274);
#14273 = CARTESIAN_POINT('',(0.,-0.));
#14274 = VECTOR('',#14275,1.);
#14275 = DIRECTION('',(0.,1.));
#14276 = ( GEOMETRIC_REPRESENTATION_CONTEXT(2) 
PARAMETRIC_REPRESENTATION_CONTEXT() REPRESENTATION_CONTEXT('2D SPACE',''
  ) );
#14277 = ORIENTED_EDGE('',*,*,#3405,.T.);
#14278 = ORIENTED_EDGE('',*,*,#14257,.T.);
#14279 = ADVANCED_FACE('',(#14280),#3461,.F.);
#14280 = FACE_BOUND('',#14281,.F.);
#14281 = EDGE_LOOP('',(#14282,#14283,#14304,#14305));
#14282 = ORIENTED_EDGE('',*,*,#9205,.F.);
#14283 = ORIENTED_EDGE('',*,*,#14284,.F.);
#14284 = EDGE_CURVE('',#3441,#9206,#14285,.T.);
#14285 = SEAM_CURVE('',#14286,(#14290,#14297),.PCURVE_S1.);
#14286 = LINE('',#14287,#14288);
#14287 = CARTESIAN_POINT('',(108.17,-119.16,-1.E-02));
#14288 = VECTOR('',#14289,1.);
#14289 = DIRECTION('',(0.,0.,1.));
#14290 = PCURVE('',#3461,#14291);
#14291 = DEFINITIONAL_REPRESENTATION('',(#14292),#14296);
#14292 = LINE('',#14293,#14294);
#14293 = CARTESIAN_POINT('',(6.28318530718,-0.));
#14294 = VECTOR('',#14295,1.);
#14295 = DIRECTION('',(0.,1.));
#14296 = ( GEOMETRIC_REPRESENTATION_CONTEXT(2) 
PARAMETRIC_REPRESENTATION_CONTEXT() REPRESENTATION_CONTEXT('2D SPACE',''
  ) );
#14297 = PCURVE('',#3461,#14298);
#14298 = DEFINITIONAL_REPRESENTATION('',(#14299),#14303);
#14299 = LINE('',#14300,#14301);
#14300 = CARTESIAN_POINT('',(0.,-0.));
#14301 = VECTOR('',#14302,1.);
#14302 = DIRECTION('',(0.,1.));
#14303 = ( GEOMETRIC_REPRESENTATION_CONTEXT(2) 
PARAMETRIC_REPRESENTATION_CONTEXT() REPRESENTATION_CONTEXT('2D SPACE',''
  ) );
#14304 = ORIENTED_EDGE('',*,*,#3440,.T.);
#14305 = ORIENTED_EDGE('',*,*,#14284,.T.);
#14306 = ADVANCED_FACE('',(#14307),#3496,.F.);
#14307 = FACE_BOUND('',#14308,.F.);
#14308 = EDGE_LOOP('',(#14309,#14310,#14331,#14332));
#14309 = ORIENTED_EDGE('',*,*,#9235,.F.);
#14310 = ORIENTED_EDGE('',*,*,#14311,.F.);
#14311 = EDGE_CURVE('',#3476,#9236,#14312,.T.);
#14312 = SEAM_CURVE('',#14313,(#14317,#14324),.PCURVE_S1.);
#14313 = LINE('',#14314,#14315);
#14314 = CARTESIAN_POINT('',(105.63,-119.16,-1.E-02));
#14315 = VECTOR('',#14316,1.);
#14316 = DIRECTION('',(0.,0.,1.));
#14317 = PCURVE('',#3496,#14318);
#14318 = DEFINITIONAL_REPRESENTATION('',(#14319),#14323);
#14319 = LINE('',#14320,#14321);
#14320 = CARTESIAN_POINT('',(6.28318530718,-0.));
#14321 = VECTOR('',#14322,1.);
#14322 = DIRECTION('',(0.,1.));
#14323 = ( GEOMETRIC_REPRESENTATION_CONTEXT(2) 
PARAMETRIC_REPRESENTATION_CONTEXT() REPRESENTATION_CONTEXT('2D SPACE',''
  ) );
#14324 = PCURVE('',#3496,#14325);
#14325 = DEFINITIONAL_REPRESENTATION('',(#14326),#14330);
#14326 = LINE('',#14327,#14328);
#14327 = CARTESIAN_POINT('',(0.,-0.));
#14328 = VECTOR('',#14329,1.);
#14329 = DIRECTION('',(0.,1.));
#14330 = ( GEOMETRIC_REPRESENTATION_CONTEXT(2) 
PARAMETRIC_REPRESENTATION_CONTEXT() REPRESENTATION_CONTEXT('2D SPACE',''
  ) );
#14331 = ORIENTED_EDGE('',*,*,#3475,.T.);
#14332 = ORIENTED_EDGE('',*,*,#14311,.T.);
#14333 = ADVANCED_FACE('',(#14334),#3531,.F.);
#14334 = FACE_BOUND('',#14335,.F.);
#14335 = EDGE_LOOP('',(#14336,#14337,#14358,#14359));
#14336 = ORIENTED_EDGE('',*,*,#9265,.F.);
#14337 = ORIENTED_EDGE('',*,*,#14338,.F.);
#14338 = EDGE_CURVE('',#3511,#9266,#14339,.T.);
#14339 = SEAM_CURVE('',#14340,(#14344,#14351),.PCURVE_S1.);
#14340 = LINE('',#14341,#14342);
#14341 = CARTESIAN_POINT('',(108.17,-116.6,-1.E-02));
#14342 = VECTOR('',#14343,1.);
#14343 = DIRECTION('',(0.,0.,1.));
#14344 = PCURVE('',#3531,#14345);
#14345 = DEFINITIONAL_REPRESENTATION('',(#14346),#14350);
#14346 = LINE('',#14347,#14348);
#14347 = CARTESIAN_POINT('',(6.28318530718,-0.));
#14348 = VECTOR('',#14349,1.);
#14349 = DIRECTION('',(0.,1.));
#14350 = ( GEOMETRIC_REPRESENTATION_CONTEXT(2) 
PARAMETRIC_REPRESENTATION_CONTEXT() REPRESENTATION_CONTEXT('2D SPACE',''
  ) );
#14351 = PCURVE('',#3531,#14352);
#14352 = DEFINITIONAL_REPRESENTATION('',(#14353),#14357);
#14353 = LINE('',#14354,#14355);
#14354 = CARTESIAN_POINT('',(0.,-0.));
#14355 = VECTOR('',#14356,1.);
#14356 = DIRECTION('',(0.,1.));
#14357 = ( GEOMETRIC_REPRESENTATION_CONTEXT(2) 
PARAMETRIC_REPRESENTATION_CONTEXT() REPRESENTATION_CONTEXT('2D SPACE',''
  ) );
#14358 = ORIENTED_EDGE('',*,*,#3510,.T.);
#14359 = ORIENTED_EDGE('',*,*,#14338,.T.);
#14360 = ADVANCED_FACE('',(#14361),#3566,.F.);
#14361 = FACE_BOUND('',#14362,.F.);
#14362 = EDGE_LOOP('',(#14363,#14364,#14385,#14386));
#14363 = ORIENTED_EDGE('',*,*,#9295,.F.);
#14364 = ORIENTED_EDGE('',*,*,#14365,.F.);
#14365 = EDGE_CURVE('',#3546,#9296,#14366,.T.);
#14366 = SEAM_CURVE('',#14367,(#14371,#14378),.PCURVE_S1.);
#14367 = LINE('',#14368,#14369);
#14368 = CARTESIAN_POINT('',(105.63,-116.6,-1.E-02));
#14369 = VECTOR('',#14370,1.);
#14370 = DIRECTION('',(0.,0.,1.));
#14371 = PCURVE('',#3566,#14372);
#14372 = DEFINITIONAL_REPRESENTATION('',(#14373),#14377);
#14373 = LINE('',#14374,#14375);
#14374 = CARTESIAN_POINT('',(6.28318530718,-0.));
#14375 = VECTOR('',#14376,1.);
#14376 = DIRECTION('',(0.,1.));
#14377 = ( GEOMETRIC_REPRESENTATION_CONTEXT(2) 
PARAMETRIC_REPRESENTATION_CONTEXT() REPRESENTATION_CONTEXT('2D SPACE',''
  ) );
#14378 = PCURVE('',#3566,#14379);
#14379 = DEFINITIONAL_REPRESENTATION('',(#14380),#14384);
#14380 = LINE('',#14381,#14382);
#14381 = CARTESIAN_POINT('',(0.,-0.));
#14382 = VECTOR('',#14383,1.);
#14383 = DIRECTION('',(0.,1.));
#14384 = ( GEOMETRIC_REPRESENTATION_CONTEXT(2) 
PARAMETRIC_REPRESENTATION_CONTEXT() REPRESENTATION_CONTEXT('2D SPACE',''
  ) );
#14385 = ORIENTED_EDGE('',*,*,#3545,.T.);
#14386 = ORIENTED_EDGE('',*,*,#14365,.T.);
#14387 = ADVANCED_FACE('',(#14388),#3601,.F.);
#14388 = FACE_BOUND('',#14389,.F.);
#14389 = EDGE_LOOP('',(#14390,#14391,#14412,#14413));
#14390 = ORIENTED_EDGE('',*,*,#9325,.F.);
#14391 = ORIENTED_EDGE('',*,*,#14392,.F.);
#14392 = EDGE_CURVE('',#3581,#9326,#14393,.T.);
#14393 = SEAM_CURVE('',#14394,(#14398,#14405),.PCURVE_S1.);
#14394 = LINE('',#14395,#14396);
#14395 = CARTESIAN_POINT('',(103.09,-119.16,-1.E-02));
#14396 = VECTOR('',#14397,1.);
#14397 = DIRECTION('',(0.,0.,1.));
#14398 = PCURVE('',#3601,#14399);
#14399 = DEFINITIONAL_REPRESENTATION('',(#14400),#14404);
#14400 = LINE('',#14401,#14402);
#14401 = CARTESIAN_POINT('',(6.28318530718,-0.));
#14402 = VECTOR('',#14403,1.);
#14403 = DIRECTION('',(0.,1.));
#14404 = ( GEOMETRIC_REPRESENTATION_CONTEXT(2) 
PARAMETRIC_REPRESENTATION_CONTEXT() REPRESENTATION_CONTEXT('2D SPACE',''
  ) );
#14405 = PCURVE('',#3601,#14406);
#14406 = DEFINITIONAL_REPRESENTATION('',(#14407),#14411);
#14407 = LINE('',#14408,#14409);
#14408 = CARTESIAN_POINT('',(0.,-0.));
#14409 = VECTOR('',#14410,1.);
#14410 = DIRECTION('',(0.,1.));
#14411 = ( GEOMETRIC_REPRESENTATION_CONTEXT(2) 
PARAMETRIC_REPRESENTATION_CONTEXT() REPRESENTATION_CONTEXT('2D SPACE',''
  ) );
#14412 = ORIENTED_EDGE('',*,*,#3580,.T.);
#14413 = ORIENTED_EDGE('',*,*,#14392,.T.);
#14414 = ADVANCED_FACE('',(#14415),#3636,.F.);
#14415 = FACE_BOUND('',#14416,.F.);
#14416 = EDGE_LOOP('',(#14417,#14418,#14439,#14440));
#14417 = ORIENTED_EDGE('',*,*,#9355,.F.);
#14418 = ORIENTED_EDGE('',*,*,#14419,.F.);
#14419 = EDGE_CURVE('',#3616,#9356,#14420,.T.);
#14420 = SEAM_CURVE('',#14421,(#14425,#14432),.PCURVE_S1.);
#14421 = LINE('',#14422,#14423);
#14422 = CARTESIAN_POINT('',(100.55,-119.16,-1.E-02));
#14423 = VECTOR('',#14424,1.);
#14424 = DIRECTION('',(0.,0.,1.));
#14425 = PCURVE('',#3636,#14426);
#14426 = DEFINITIONAL_REPRESENTATION('',(#14427),#14431);
#14427 = LINE('',#14428,#14429);
#14428 = CARTESIAN_POINT('',(6.28318530718,-0.));
#14429 = VECTOR('',#14430,1.);
#14430 = DIRECTION('',(0.,1.));
#14431 = ( GEOMETRIC_REPRESENTATION_CONTEXT(2) 
PARAMETRIC_REPRESENTATION_CONTEXT() REPRESENTATION_CONTEXT('2D SPACE',''
  ) );
#14432 = PCURVE('',#3636,#14433);
#14433 = DEFINITIONAL_REPRESENTATION('',(#14434),#14438);
#14434 = LINE('',#14435,#14436);
#14435 = CARTESIAN_POINT('',(0.,-0.));
#14436 = VECTOR('',#14437,1.);
#14437 = DIRECTION('',(0.,1.));
#14438 = ( GEOMETRIC_REPRESENTATION_CONTEXT(2) 
PARAMETRIC_REPRESENTATION_CONTEXT() REPRESENTATION_CONTEXT('2D SPACE',''
  ) );
#14439 = ORIENTED_EDGE('',*,*,#3615,.T.);
#14440 = ORIENTED_EDGE('',*,*,#14419,.T.);
#14441 = ADVANCED_FACE('',(#14442),#3671,.F.);
#14442 = FACE_BOUND('',#14443,.F.);
#14443 = EDGE_LOOP('',(#14444,#14445,#14466,#14467));
#14444 = ORIENTED_EDGE('',*,*,#9385,.F.);
#14445 = ORIENTED_EDGE('',*,*,#14446,.F.);
#14446 = EDGE_CURVE('',#3651,#9386,#14447,.T.);
#14447 = SEAM_CURVE('',#14448,(#14452,#14459),.PCURVE_S1.);
#14448 = LINE('',#14449,#14450);
#14449 = CARTESIAN_POINT('',(103.09,-116.6,-1.E-02));
#14450 = VECTOR('',#14451,1.);
#14451 = DIRECTION('',(0.,0.,1.));
#14452 = PCURVE('',#3671,#14453);
#14453 = DEFINITIONAL_REPRESENTATION('',(#14454),#14458);
#14454 = LINE('',#14455,#14456);
#14455 = CARTESIAN_POINT('',(6.28318530718,-0.));
#14456 = VECTOR('',#14457,1.);
#14457 = DIRECTION('',(0.,1.));
#14458 = ( GEOMETRIC_REPRESENTATION_CONTEXT(2) 
PARAMETRIC_REPRESENTATION_CONTEXT() REPRESENTATION_CONTEXT('2D SPACE',''
  ) );
#14459 = PCURVE('',#3671,#14460);
#14460 = DEFINITIONAL_REPRESENTATION('',(#14461),#14465);
#14461 = LINE('',#14462,#14463);
#14462 = CARTESIAN_POINT('',(0.,-0.));
#14463 = VECTOR('',#14464,1.);
#14464 = DIRECTION('',(0.,1.));
#14465 = ( GEOMETRIC_REPRESENTATION_CONTEXT(2) 
PARAMETRIC_REPRESENTATION_CONTEXT() REPRESENTATION_CONTEXT('2D SPACE',''
  ) );
#14466 = ORIENTED_EDGE('',*,*,#3650,.T.);
#14467 = ORIENTED_EDGE('',*,*,#14446,.T.);
#14468 = ADVANCED_FACE('',(#14469),#3706,.F.);
#14469 = FACE_BOUND('',#14470,.F.);
#14470 = EDGE_LOOP('',(#14471,#14472,#14493,#14494));
#14471 = ORIENTED_EDGE('',*,*,#9415,.F.);
#14472 = ORIENTED_EDGE('',*,*,#14473,.F.);
#14473 = EDGE_CURVE('',#3686,#9416,#14474,.T.);
#14474 = SEAM_CURVE('',#14475,(#14479,#14486),.PCURVE_S1.);
#14475 = LINE('',#14476,#14477);
#14476 = CARTESIAN_POINT('',(100.55,-116.6,-1.E-02));
#14477 = VECTOR('',#14478,1.);
#14478 = DIRECTION('',(0.,0.,1.));
#14479 = PCURVE('',#3706,#14480);
#14480 = DEFINITIONAL_REPRESENTATION('',(#14481),#14485);
#14481 = LINE('',#14482,#14483);
#14482 = CARTESIAN_POINT('',(6.28318530718,-0.));
#14483 = VECTOR('',#14484,1.);
#14484 = DIRECTION('',(0.,1.));
#14485 = ( GEOMETRIC_REPRESENTATION_CONTEXT(2) 
PARAMETRIC_REPRESENTATION_CONTEXT() REPRESENTATION_CONTEXT('2D SPACE',''
  ) );
#14486 = PCURVE('',#3706,#14487);
#14487 = DEFINITIONAL_REPRESENTATION('',(#14488),#14492);
#14488 = LINE('',#14489,#14490);
#14489 = CARTESIAN_POINT('',(0.,-0.));
#14490 = VECTOR('',#14491,1.);
#14491 = DIRECTION('',(0.,1.));
#14492 = ( GEOMETRIC_REPRESENTATION_CONTEXT(2) 
PARAMETRIC_REPRESENTATION_CONTEXT() REPRESENTATION_CONTEXT('2D SPACE',''
  ) );
#14493 = ORIENTED_EDGE('',*,*,#3685,.T.);
#14494 = ORIENTED_EDGE('',*,*,#14473,.T.);
#14495 = ADVANCED_FACE('',(#14496),#3741,.F.);
#14496 = FACE_BOUND('',#14497,.F.);
#14497 = EDGE_LOOP('',(#14498,#14499,#14520,#14521));
#14498 = ORIENTED_EDGE('',*,*,#9445,.F.);
#14499 = ORIENTED_EDGE('',*,*,#14500,.F.);
#14500 = EDGE_CURVE('',#3721,#9446,#14501,.T.);
#14501 = SEAM_CURVE('',#14502,(#14506,#14513),.PCURVE_S1.);
#14502 = LINE('',#14503,#14504);
#14503 = CARTESIAN_POINT('',(108.17,-114.04,-1.E-02));
#14504 = VECTOR('',#14505,1.);
#14505 = DIRECTION('',(0.,0.,1.));
#14506 = PCURVE('',#3741,#14507);
#14507 = DEFINITIONAL_REPRESENTATION('',(#14508),#14512);
#14508 = LINE('',#14509,#14510);
#14509 = CARTESIAN_POINT('',(6.28318530718,-0.));
#14510 = VECTOR('',#14511,1.);
#14511 = DIRECTION('',(0.,1.));
#14512 = ( GEOMETRIC_REPRESENTATION_CONTEXT(2) 
PARAMETRIC_REPRESENTATION_CONTEXT() REPRESENTATION_CONTEXT('2D SPACE',''
  ) );
#14513 = PCURVE('',#3741,#14514);
#14514 = DEFINITIONAL_REPRESENTATION('',(#14515),#14519);
#14515 = LINE('',#14516,#14517);
#14516 = CARTESIAN_POINT('',(0.,-0.));
#14517 = VECTOR('',#14518,1.);
#14518 = DIRECTION('',(0.,1.));
#14519 = ( GEOMETRIC_REPRESENTATION_CONTEXT(2) 
PARAMETRIC_REPRESENTATION_CONTEXT() REPRESENTATION_CONTEXT('2D SPACE',''
  ) );
#14520 = ORIENTED_EDGE('',*,*,#3720,.T.);
#14521 = ORIENTED_EDGE('',*,*,#14500,.T.);
#14522 = ADVANCED_FACE('',(#14523),#3776,.F.);
#14523 = FACE_BOUND('',#14524,.F.);
#14524 = EDGE_LOOP('',(#14525,#14526,#14547,#14548));
#14525 = ORIENTED_EDGE('',*,*,#9475,.F.);
#14526 = ORIENTED_EDGE('',*,*,#14527,.F.);
#14527 = EDGE_CURVE('',#3756,#9476,#14528,.T.);
#14528 = SEAM_CURVE('',#14529,(#14533,#14540),.PCURVE_S1.);
#14529 = LINE('',#14530,#14531);
#14530 = CARTESIAN_POINT('',(105.63,-114.04,-1.E-02));
#14531 = VECTOR('',#14532,1.);
#14532 = DIRECTION('',(0.,0.,1.));
#14533 = PCURVE('',#3776,#14534);
#14534 = DEFINITIONAL_REPRESENTATION('',(#14535),#14539);
#14535 = LINE('',#14536,#14537);
#14536 = CARTESIAN_POINT('',(6.28318530718,-0.));
#14537 = VECTOR('',#14538,1.);
#14538 = DIRECTION('',(0.,1.));
#14539 = ( GEOMETRIC_REPRESENTATION_CONTEXT(2) 
PARAMETRIC_REPRESENTATION_CONTEXT() REPRESENTATION_CONTEXT('2D SPACE',''
  ) );
#14540 = PCURVE('',#3776,#14541);
#14541 = DEFINITIONAL_REPRESENTATION('',(#14542),#14546);
#14542 = LINE('',#14543,#14544);
#14543 = CARTESIAN_POINT('',(0.,-0.));
#14544 = VECTOR('',#14545,1.);
#14545 = DIRECTION('',(0.,1.));
#14546 = ( GEOMETRIC_REPRESENTATION_CONTEXT(2) 
PARAMETRIC_REPRESENTATION_CONTEXT() REPRESENTATION_CONTEXT('2D SPACE',''
  ) );
#14547 = ORIENTED_EDGE('',*,*,#3755,.T.);
#14548 = ORIENTED_EDGE('',*,*,#14527,.T.);
#14549 = ADVANCED_FACE('',(#14550),#3811,.F.);
#14550 = FACE_BOUND('',#14551,.F.);
#14551 = EDGE_LOOP('',(#14552,#14553,#14574,#14575));
#14552 = ORIENTED_EDGE('',*,*,#9505,.F.);
#14553 = ORIENTED_EDGE('',*,*,#14554,.F.);
#14554 = EDGE_CURVE('',#3791,#9506,#14555,.T.);
#14555 = SEAM_CURVE('',#14556,(#14560,#14567),.PCURVE_S1.);
#14556 = LINE('',#14557,#14558);
#14557 = CARTESIAN_POINT('',(108.17,-111.48,-1.E-02));
#14558 = VECTOR('',#14559,1.);
#14559 = DIRECTION('',(0.,0.,1.));
#14560 = PCURVE('',#3811,#14561);
#14561 = DEFINITIONAL_REPRESENTATION('',(#14562),#14566);
#14562 = LINE('',#14563,#14564);
#14563 = CARTESIAN_POINT('',(6.28318530718,-0.));
#14564 = VECTOR('',#14565,1.);
#14565 = DIRECTION('',(0.,1.));
#14566 = ( GEOMETRIC_REPRESENTATION_CONTEXT(2) 
PARAMETRIC_REPRESENTATION_CONTEXT() REPRESENTATION_CONTEXT('2D SPACE',''
  ) );
#14567 = PCURVE('',#3811,#14568);
#14568 = DEFINITIONAL_REPRESENTATION('',(#14569),#14573);
#14569 = LINE('',#14570,#14571);
#14570 = CARTESIAN_POINT('',(0.,-0.));
#14571 = VECTOR('',#14572,1.);
#14572 = DIRECTION('',(0.,1.));
#14573 = ( GEOMETRIC_REPRESENTATION_CONTEXT(2) 
PARAMETRIC_REPRESENTATION_CONTEXT() REPRESENTATION_CONTEXT('2D SPACE',''
  ) );
#14574 = ORIENTED_EDGE('',*,*,#3790,.T.);
#14575 = ORIENTED_EDGE('',*,*,#14554,.T.);
#14576 = ADVANCED_FACE('',(#14577),#3846,.F.);
#14577 = FACE_BOUND('',#14578,.F.);
#14578 = EDGE_LOOP('',(#14579,#14580,#14601,#14602));
#14579 = ORIENTED_EDGE('',*,*,#9535,.F.);
#14580 = ORIENTED_EDGE('',*,*,#14581,.F.);
#14581 = EDGE_CURVE('',#3826,#9536,#14582,.T.);
#14582 = SEAM_CURVE('',#14583,(#14587,#14594),.PCURVE_S1.);
#14583 = LINE('',#14584,#14585);
#14584 = CARTESIAN_POINT('',(105.63,-111.48,-1.E-02));
#14585 = VECTOR('',#14586,1.);
#14586 = DIRECTION('',(0.,0.,1.));
#14587 = PCURVE('',#3846,#14588);
#14588 = DEFINITIONAL_REPRESENTATION('',(#14589),#14593);
#14589 = LINE('',#14590,#14591);
#14590 = CARTESIAN_POINT('',(6.28318530718,-0.));
#14591 = VECTOR('',#14592,1.);
#14592 = DIRECTION('',(0.,1.));
#14593 = ( GEOMETRIC_REPRESENTATION_CONTEXT(2) 
PARAMETRIC_REPRESENTATION_CONTEXT() REPRESENTATION_CONTEXT('2D SPACE',''
  ) );
#14594 = PCURVE('',#3846,#14595);
#14595 = DEFINITIONAL_REPRESENTATION('',(#14596),#14600);
#14596 = LINE('',#14597,#14598);
#14597 = CARTESIAN_POINT('',(0.,-0.));
#14598 = VECTOR('',#14599,1.);
#14599 = DIRECTION('',(0.,1.));
#14600 = ( GEOMETRIC_REPRESENTATION_CONTEXT(2) 
PARAMETRIC_REPRESENTATION_CONTEXT() REPRESENTATION_CONTEXT('2D SPACE',''
  ) );
#14601 = ORIENTED_EDGE('',*,*,#3825,.T.);
#14602 = ORIENTED_EDGE('',*,*,#14581,.T.);
#14603 = ADVANCED_FACE('',(#14604),#3881,.F.);
#14604 = FACE_BOUND('',#14605,.F.);
#14605 = EDGE_LOOP('',(#14606,#14607,#14628,#14629));
#14606 = ORIENTED_EDGE('',*,*,#9565,.F.);
#14607 = ORIENTED_EDGE('',*,*,#14608,.F.);
#14608 = EDGE_CURVE('',#3861,#9566,#14609,.T.);
#14609 = SEAM_CURVE('',#14610,(#14614,#14621),.PCURVE_S1.);
#14610 = LINE('',#14611,#14612);
#14611 = CARTESIAN_POINT('',(103.09,-114.04,-1.E-02));
#14612 = VECTOR('',#14613,1.);
#14613 = DIRECTION('',(0.,0.,1.));
#14614 = PCURVE('',#3881,#14615);
#14615 = DEFINITIONAL_REPRESENTATION('',(#14616),#14620);
#14616 = LINE('',#14617,#14618);
#14617 = CARTESIAN_POINT('',(6.28318530718,-0.));
#14618 = VECTOR('',#14619,1.);
#14619 = DIRECTION('',(0.,1.));
#14620 = ( GEOMETRIC_REPRESENTATION_CONTEXT(2) 
PARAMETRIC_REPRESENTATION_CONTEXT() REPRESENTATION_CONTEXT('2D SPACE',''
  ) );
#14621 = PCURVE('',#3881,#14622);
#14622 = DEFINITIONAL_REPRESENTATION('',(#14623),#14627);
#14623 = LINE('',#14624,#14625);
#14624 = CARTESIAN_POINT('',(0.,-0.));
#14625 = VECTOR('',#14626,1.);
#14626 = DIRECTION('',(0.,1.));
#14627 = ( GEOMETRIC_REPRESENTATION_CONTEXT(2) 
PARAMETRIC_REPRESENTATION_CONTEXT() REPRESENTATION_CONTEXT('2D SPACE',''
  ) );
#14628 = ORIENTED_EDGE('',*,*,#3860,.T.);
#14629 = ORIENTED_EDGE('',*,*,#14608,.T.);
#14630 = ADVANCED_FACE('',(#14631),#3916,.F.);
#14631 = FACE_BOUND('',#14632,.F.);
#14632 = EDGE_LOOP('',(#14633,#14634,#14655,#14656));
#14633 = ORIENTED_EDGE('',*,*,#9595,.F.);
#14634 = ORIENTED_EDGE('',*,*,#14635,.F.);
#14635 = EDGE_CURVE('',#3896,#9596,#14636,.T.);
#14636 = SEAM_CURVE('',#14637,(#14641,#14648),.PCURVE_S1.);
#14637 = LINE('',#14638,#14639);
#14638 = CARTESIAN_POINT('',(100.55,-114.04,-1.E-02));
#14639 = VECTOR('',#14640,1.);
#14640 = DIRECTION('',(0.,0.,1.));
#14641 = PCURVE('',#3916,#14642);
#14642 = DEFINITIONAL_REPRESENTATION('',(#14643),#14647);
#14643 = LINE('',#14644,#14645);
#14644 = CARTESIAN_POINT('',(6.28318530718,-0.));
#14645 = VECTOR('',#14646,1.);
#14646 = DIRECTION('',(0.,1.));
#14647 = ( GEOMETRIC_REPRESENTATION_CONTEXT(2) 
PARAMETRIC_REPRESENTATION_CONTEXT() REPRESENTATION_CONTEXT('2D SPACE',''
  ) );
#14648 = PCURVE('',#3916,#14649);
#14649 = DEFINITIONAL_REPRESENTATION('',(#14650),#14654);
#14650 = LINE('',#14651,#14652);
#14651 = CARTESIAN_POINT('',(0.,-0.));
#14652 = VECTOR('',#14653,1.);
#14653 = DIRECTION('',(0.,1.));
#14654 = ( GEOMETRIC_REPRESENTATION_CONTEXT(2) 
PARAMETRIC_REPRESENTATION_CONTEXT() REPRESENTATION_CONTEXT('2D SPACE',''
  ) );
#14655 = ORIENTED_EDGE('',*,*,#3895,.T.);
#14656 = ORIENTED_EDGE('',*,*,#14635,.T.);
#14657 = ADVANCED_FACE('',(#14658),#3951,.F.);
#14658 = FACE_BOUND('',#14659,.F.);
#14659 = EDGE_LOOP('',(#14660,#14661,#14682,#14683));
#14660 = ORIENTED_EDGE('',*,*,#9625,.F.);
#14661 = ORIENTED_EDGE('',*,*,#14662,.F.);
#14662 = EDGE_CURVE('',#3931,#9626,#14663,.T.);
#14663 = SEAM_CURVE('',#14664,(#14668,#14675),.PCURVE_S1.);
#14664 = LINE('',#14665,#14666);
#14665 = CARTESIAN_POINT('',(103.09,-111.48,-1.E-02));
#14666 = VECTOR('',#14667,1.);
#14667 = DIRECTION('',(0.,0.,1.));
#14668 = PCURVE('',#3951,#14669);
#14669 = DEFINITIONAL_REPRESENTATION('',(#14670),#14674);
#14670 = LINE('',#14671,#14672);
#14671 = CARTESIAN_POINT('',(6.28318530718,-0.));
#14672 = VECTOR('',#14673,1.);
#14673 = DIRECTION('',(0.,1.));
#14674 = ( GEOMETRIC_REPRESENTATION_CONTEXT(2) 
PARAMETRIC_REPRESENTATION_CONTEXT() REPRESENTATION_CONTEXT('2D SPACE',''
  ) );
#14675 = PCURVE('',#3951,#14676);
#14676 = DEFINITIONAL_REPRESENTATION('',(#14677),#14681);
#14677 = LINE('',#14678,#14679);
#14678 = CARTESIAN_POINT('',(0.,-0.));
#14679 = VECTOR('',#14680,1.);
#14680 = DIRECTION('',(0.,1.));
#14681 = ( GEOMETRIC_REPRESENTATION_CONTEXT(2) 
PARAMETRIC_REPRESENTATION_CONTEXT() REPRESENTATION_CONTEXT('2D SPACE',''
  ) );
#14682 = ORIENTED_EDGE('',*,*,#3930,.T.);
#14683 = ORIENTED_EDGE('',*,*,#14662,.T.);
#14684 = ADVANCED_FACE('',(#14685),#3986,.F.);
#14685 = FACE_BOUND('',#14686,.F.);
#14686 = EDGE_LOOP('',(#14687,#14688,#14709,#14710));
#14687 = ORIENTED_EDGE('',*,*,#9655,.F.);
#14688 = ORIENTED_EDGE('',*,*,#14689,.F.);
#14689 = EDGE_CURVE('',#3966,#9656,#14690,.T.);
#14690 = SEAM_CURVE('',#14691,(#14695,#14702),.PCURVE_S1.);
#14691 = LINE('',#14692,#14693);
#14692 = CARTESIAN_POINT('',(100.55,-111.48,-1.E-02));
#14693 = VECTOR('',#14694,1.);
#14694 = DIRECTION('',(0.,0.,1.));
#14695 = PCURVE('',#3986,#14696);
#14696 = DEFINITIONAL_REPRESENTATION('',(#14697),#14701);
#14697 = LINE('',#14698,#14699);
#14698 = CARTESIAN_POINT('',(6.28318530718,-0.));
#14699 = VECTOR('',#14700,1.);
#14700 = DIRECTION('',(0.,1.));
#14701 = ( GEOMETRIC_REPRESENTATION_CONTEXT(2) 
PARAMETRIC_REPRESENTATION_CONTEXT() REPRESENTATION_CONTEXT('2D SPACE',''
  ) );
#14702 = PCURVE('',#3986,#14703);
#14703 = DEFINITIONAL_REPRESENTATION('',(#14704),#14708);
#14704 = LINE('',#14705,#14706);
#14705 = CARTESIAN_POINT('',(0.,-0.));
#14706 = VECTOR('',#14707,1.);
#14707 = DIRECTION('',(0.,1.));
#14708 = ( GEOMETRIC_REPRESENTATION_CONTEXT(2) 
PARAMETRIC_REPRESENTATION_CONTEXT() REPRESENTATION_CONTEXT('2D SPACE',''
  ) );
#14709 = ORIENTED_EDGE('',*,*,#3965,.T.);
#14710 = ORIENTED_EDGE('',*,*,#14689,.T.);
#14711 = ADVANCED_FACE('',(#14712),#4021,.F.);
#14712 = FACE_BOUND('',#14713,.F.);
#14713 = EDGE_LOOP('',(#14714,#14715,#14736,#14737));
#14714 = ORIENTED_EDGE('',*,*,#9685,.F.);
#14715 = ORIENTED_EDGE('',*,*,#14716,.F.);
#14716 = EDGE_CURVE('',#4001,#9686,#14717,.T.);
#14717 = SEAM_CURVE('',#14718,(#14722,#14729),.PCURVE_S1.);
#14718 = LINE('',#14719,#14720);
#14719 = CARTESIAN_POINT('',(183.38,-83.82,-1.E-02));
#14720 = VECTOR('',#14721,1.);
#14721 = DIRECTION('',(0.,0.,1.));
#14722 = PCURVE('',#4021,#14723);
#14723 = DEFINITIONAL_REPRESENTATION('',(#14724),#14728);
#14724 = LINE('',#14725,#14726);
#14725 = CARTESIAN_POINT('',(6.28318530718,-0.));
#14726 = VECTOR('',#14727,1.);
#14727 = DIRECTION('',(0.,1.));
#14728 = ( GEOMETRIC_REPRESENTATION_CONTEXT(2) 
PARAMETRIC_REPRESENTATION_CONTEXT() REPRESENTATION_CONTEXT('2D SPACE',''
  ) );
#14729 = PCURVE('',#4021,#14730);
#14730 = DEFINITIONAL_REPRESENTATION('',(#14731),#14735);
#14731 = LINE('',#14732,#14733);
#14732 = CARTESIAN_POINT('',(0.,-0.));
#14733 = VECTOR('',#14734,1.);
#14734 = DIRECTION('',(0.,1.));
#14735 = ( GEOMETRIC_REPRESENTATION_CONTEXT(2) 
PARAMETRIC_REPRESENTATION_CONTEXT() REPRESENTATION_CONTEXT('2D SPACE',''
  ) );
#14736 = ORIENTED_EDGE('',*,*,#4000,.T.);
#14737 = ORIENTED_EDGE('',*,*,#14716,.T.);
#14738 = ADVANCED_FACE('',(#14739),#4056,.F.);
#14739 = FACE_BOUND('',#14740,.F.);
#14740 = EDGE_LOOP('',(#14741,#14742,#14763,#14764));
#14741 = ORIENTED_EDGE('',*,*,#9715,.F.);
#14742 = ORIENTED_EDGE('',*,*,#14743,.F.);
#14743 = EDGE_CURVE('',#4036,#9716,#14744,.T.);
#14744 = SEAM_CURVE('',#14745,(#14749,#14756),.PCURVE_S1.);
#14745 = LINE('',#14746,#14747);
#14746 = CARTESIAN_POINT('',(183.38,-81.28,-1.E-02));
#14747 = VECTOR('',#14748,1.);
#14748 = DIRECTION('',(0.,0.,1.));
#14749 = PCURVE('',#4056,#14750);
#14750 = DEFINITIONAL_REPRESENTATION('',(#14751),#14755);
#14751 = LINE('',#14752,#14753);
#14752 = CARTESIAN_POINT('',(6.28318530718,-0.));
#14753 = VECTOR('',#14754,1.);
#14754 = DIRECTION('',(0.,1.));
#14755 = ( GEOMETRIC_REPRESENTATION_CONTEXT(2) 
PARAMETRIC_REPRESENTATION_CONTEXT() REPRESENTATION_CONTEXT('2D SPACE',''
  ) );
#14756 = PCURVE('',#4056,#14757);
#14757 = DEFINITIONAL_REPRESENTATION('',(#14758),#14762);
#14758 = LINE('',#14759,#14760);
#14759 = CARTESIAN_POINT('',(0.,-0.));
#14760 = VECTOR('',#14761,1.);
#14761 = DIRECTION('',(0.,1.));
#14762 = ( GEOMETRIC_REPRESENTATION_CONTEXT(2) 
PARAMETRIC_REPRESENTATION_CONTEXT() REPRESENTATION_CONTEXT('2D SPACE',''
  ) );
#14763 = ORIENTED_EDGE('',*,*,#4035,.T.);
#14764 = ORIENTED_EDGE('',*,*,#14743,.T.);
#14765 = ADVANCED_FACE('',(#14766),#4091,.F.);
#14766 = FACE_BOUND('',#14767,.F.);
#14767 = EDGE_LOOP('',(#14768,#14769,#14790,#14791));
#14768 = ORIENTED_EDGE('',*,*,#9745,.F.);
#14769 = ORIENTED_EDGE('',*,*,#14770,.F.);
#14770 = EDGE_CURVE('',#4071,#9746,#14771,.T.);
#14771 = SEAM_CURVE('',#14772,(#14776,#14783),.PCURVE_S1.);
#14772 = LINE('',#14773,#14774);
#14773 = CARTESIAN_POINT('',(183.38,-78.74,-1.E-02));
#14774 = VECTOR('',#14775,1.);
#14775 = DIRECTION('',(0.,0.,1.));
#14776 = PCURVE('',#4091,#14777);
#14777 = DEFINITIONAL_REPRESENTATION('',(#14778),#14782);
#14778 = LINE('',#14779,#14780);
#14779 = CARTESIAN_POINT('',(6.28318530718,-0.));
#14780 = VECTOR('',#14781,1.);
#14781 = DIRECTION('',(0.,1.));
#14782 = ( GEOMETRIC_REPRESENTATION_CONTEXT(2) 
PARAMETRIC_REPRESENTATION_CONTEXT() REPRESENTATION_CONTEXT('2D SPACE',''
  ) );
#14783 = PCURVE('',#4091,#14784);
#14784 = DEFINITIONAL_REPRESENTATION('',(#14785),#14789);
#14785 = LINE('',#14786,#14787);
#14786 = CARTESIAN_POINT('',(0.,-0.));
#14787 = VECTOR('',#14788,1.);
#14788 = DIRECTION('',(0.,1.));
#14789 = ( GEOMETRIC_REPRESENTATION_CONTEXT(2) 
PARAMETRIC_REPRESENTATION_CONTEXT() REPRESENTATION_CONTEXT('2D SPACE',''
  ) );
#14790 = ORIENTED_EDGE('',*,*,#4070,.T.);
#14791 = ORIENTED_EDGE('',*,*,#14770,.T.);
#14792 = ADVANCED_FACE('',(#14793),#4126,.F.);
#14793 = FACE_BOUND('',#14794,.F.);
#14794 = EDGE_LOOP('',(#14795,#14796,#14817,#14818));
#14795 = ORIENTED_EDGE('',*,*,#9775,.F.);
#14796 = ORIENTED_EDGE('',*,*,#14797,.F.);
#14797 = EDGE_CURVE('',#4106,#9776,#14798,.T.);
#14798 = SEAM_CURVE('',#14799,(#14803,#14810),.PCURVE_S1.);
#14799 = LINE('',#14800,#14801);
#14800 = CARTESIAN_POINT('',(169.41,-85.09,-1.E-02));
#14801 = VECTOR('',#14802,1.);
#14802 = DIRECTION('',(0.,0.,1.));
#14803 = PCURVE('',#4126,#14804);
#14804 = DEFINITIONAL_REPRESENTATION('',(#14805),#14809);
#14805 = LINE('',#14806,#14807);
#14806 = CARTESIAN_POINT('',(6.28318530718,-0.));
#14807 = VECTOR('',#14808,1.);
#14808 = DIRECTION('',(0.,1.));
#14809 = ( GEOMETRIC_REPRESENTATION_CONTEXT(2) 
PARAMETRIC_REPRESENTATION_CONTEXT() REPRESENTATION_CONTEXT('2D SPACE',''
  ) );
#14810 = PCURVE('',#4126,#14811);
#14811 = DEFINITIONAL_REPRESENTATION('',(#14812),#14816);
#14812 = LINE('',#14813,#14814);
#14813 = CARTESIAN_POINT('',(0.,-0.));
#14814 = VECTOR('',#14815,1.);
#14815 = DIRECTION('',(0.,1.));
#14816 = ( GEOMETRIC_REPRESENTATION_CONTEXT(2) 
PARAMETRIC_REPRESENTATION_CONTEXT() REPRESENTATION_CONTEXT('2D SPACE',''
  ) );
#14817 = ORIENTED_EDGE('',*,*,#4105,.T.);
#14818 = ORIENTED_EDGE('',*,*,#14797,.T.);
#14819 = ADVANCED_FACE('',(#14820),#4161,.F.);
#14820 = FACE_BOUND('',#14821,.F.);
#14821 = EDGE_LOOP('',(#14822,#14823,#14844,#14845));
#14822 = ORIENTED_EDGE('',*,*,#9805,.F.);
#14823 = ORIENTED_EDGE('',*,*,#14824,.F.);
#14824 = EDGE_CURVE('',#4141,#9806,#14825,.T.);
#14825 = SEAM_CURVE('',#14826,(#14830,#14837),.PCURVE_S1.);
#14826 = LINE('',#14827,#14828);
#14827 = CARTESIAN_POINT('',(169.41,-82.55,-1.E-02));
#14828 = VECTOR('',#14829,1.);
#14829 = DIRECTION('',(0.,0.,1.));
#14830 = PCURVE('',#4161,#14831);
#14831 = DEFINITIONAL_REPRESENTATION('',(#14832),#14836);
#14832 = LINE('',#14833,#14834);
#14833 = CARTESIAN_POINT('',(6.28318530718,-0.));
#14834 = VECTOR('',#14835,1.);
#14835 = DIRECTION('',(0.,1.));
#14836 = ( GEOMETRIC_REPRESENTATION_CONTEXT(2) 
PARAMETRIC_REPRESENTATION_CONTEXT() REPRESENTATION_CONTEXT('2D SPACE',''
  ) );
#14837 = PCURVE('',#4161,#14838);
#14838 = DEFINITIONAL_REPRESENTATION('',(#14839),#14843);
#14839 = LINE('',#14840,#14841);
#14840 = CARTESIAN_POINT('',(0.,-0.));
#14841 = VECTOR('',#14842,1.);
#14842 = DIRECTION('',(0.,1.));
#14843 = ( GEOMETRIC_REPRESENTATION_CONTEXT(2) 
PARAMETRIC_REPRESENTATION_CONTEXT() REPRESENTATION_CONTEXT('2D SPACE',''
  ) );
#14844 = ORIENTED_EDGE('',*,*,#4140,.T.);
#14845 = ORIENTED_EDGE('',*,*,#14824,.T.);
#14846 = ADVANCED_FACE('',(#14847),#4196,.F.);
#14847 = FACE_BOUND('',#14848,.F.);
#14848 = EDGE_LOOP('',(#14849,#14850,#14871,#14872));
#14849 = ORIENTED_EDGE('',*,*,#9835,.F.);
#14850 = ORIENTED_EDGE('',*,*,#14851,.F.);
#14851 = EDGE_CURVE('',#4176,#9836,#14852,.T.);
#14852 = SEAM_CURVE('',#14853,(#14857,#14864),.PCURVE_S1.);
#14853 = LINE('',#14854,#14855);
#14854 = CARTESIAN_POINT('',(169.41,-80.01,-1.E-02));
#14855 = VECTOR('',#14856,1.);
#14856 = DIRECTION('',(0.,0.,1.));
#14857 = PCURVE('',#4196,#14858);
#14858 = DEFINITIONAL_REPRESENTATION('',(#14859),#14863);
#14859 = LINE('',#14860,#14861);
#14860 = CARTESIAN_POINT('',(6.28318530718,-0.));
#14861 = VECTOR('',#14862,1.);
#14862 = DIRECTION('',(0.,1.));
#14863 = ( GEOMETRIC_REPRESENTATION_CONTEXT(2) 
PARAMETRIC_REPRESENTATION_CONTEXT() REPRESENTATION_CONTEXT('2D SPACE',''
  ) );
#14864 = PCURVE('',#4196,#14865);
#14865 = DEFINITIONAL_REPRESENTATION('',(#14866),#14870);
#14866 = LINE('',#14867,#14868);
#14867 = CARTESIAN_POINT('',(0.,-0.));
#14868 = VECTOR('',#14869,1.);
#14869 = DIRECTION('',(0.,1.));
#14870 = ( GEOMETRIC_REPRESENTATION_CONTEXT(2) 
PARAMETRIC_REPRESENTATION_CONTEXT() REPRESENTATION_CONTEXT('2D SPACE',''
  ) );
#14871 = ORIENTED_EDGE('',*,*,#4175,.T.);
#14872 = ORIENTED_EDGE('',*,*,#14851,.T.);
#14873 = ADVANCED_FACE('',(#14874),#4231,.F.);
#14874 = FACE_BOUND('',#14875,.F.);
#14875 = EDGE_LOOP('',(#14876,#14877,#14898,#14899));
#14876 = ORIENTED_EDGE('',*,*,#9865,.F.);
#14877 = ORIENTED_EDGE('',*,*,#14878,.F.);
#14878 = EDGE_CURVE('',#4211,#9866,#14879,.T.);
#14879 = SEAM_CURVE('',#14880,(#14884,#14891),.PCURVE_S1.);
#14880 = LINE('',#14881,#14882);
#14881 = CARTESIAN_POINT('',(183.38,-76.2,-1.E-02));
#14882 = VECTOR('',#14883,1.);
#14883 = DIRECTION('',(0.,0.,1.));
#14884 = PCURVE('',#4231,#14885);
#14885 = DEFINITIONAL_REPRESENTATION('',(#14886),#14890);
#14886 = LINE('',#14887,#14888);
#14887 = CARTESIAN_POINT('',(6.28318530718,-0.));
#14888 = VECTOR('',#14889,1.);
#14889 = DIRECTION('',(0.,1.));
#14890 = ( GEOMETRIC_REPRESENTATION_CONTEXT(2) 
PARAMETRIC_REPRESENTATION_CONTEXT() REPRESENTATION_CONTEXT('2D SPACE',''
  ) );
#14891 = PCURVE('',#4231,#14892);
#14892 = DEFINITIONAL_REPRESENTATION('',(#14893),#14897);
#14893 = LINE('',#14894,#14895);
#14894 = CARTESIAN_POINT('',(0.,-0.));
#14895 = VECTOR('',#14896,1.);
#14896 = DIRECTION('',(0.,1.));
#14897 = ( GEOMETRIC_REPRESENTATION_CONTEXT(2) 
PARAMETRIC_REPRESENTATION_CONTEXT() REPRESENTATION_CONTEXT('2D SPACE',''
  ) );
#14898 = ORIENTED_EDGE('',*,*,#4210,.T.);
#14899 = ORIENTED_EDGE('',*,*,#14878,.T.);
#14900 = ADVANCED_FACE('',(#14901),#4266,.F.);
#14901 = FACE_BOUND('',#14902,.F.);
#14902 = EDGE_LOOP('',(#14903,#14904,#14925,#14926));
#14903 = ORIENTED_EDGE('',*,*,#9895,.F.);
#14904 = ORIENTED_EDGE('',*,*,#14905,.F.);
#14905 = EDGE_CURVE('',#4246,#9896,#14906,.T.);
#14906 = SEAM_CURVE('',#14907,(#14911,#14918),.PCURVE_S1.);
#14907 = LINE('',#14908,#14909);
#14908 = CARTESIAN_POINT('',(169.41,-77.47,-1.E-02));
#14909 = VECTOR('',#14910,1.);
#14910 = DIRECTION('',(0.,0.,1.));
#14911 = PCURVE('',#4266,#14912);
#14912 = DEFINITIONAL_REPRESENTATION('',(#14913),#14917);
#14913 = LINE('',#14914,#14915);
#14914 = CARTESIAN_POINT('',(6.28318530718,-0.));
#14915 = VECTOR('',#14916,1.);
#14916 = DIRECTION('',(0.,1.));
#14917 = ( GEOMETRIC_REPRESENTATION_CONTEXT(2) 
PARAMETRIC_REPRESENTATION_CONTEXT() REPRESENTATION_CONTEXT('2D SPACE',''
  ) );
#14918 = PCURVE('',#4266,#14919);
#14919 = DEFINITIONAL_REPRESENTATION('',(#14920),#14924);
#14920 = LINE('',#14921,#14922);
#14921 = CARTESIAN_POINT('',(0.,-0.));
#14922 = VECTOR('',#14923,1.);
#14923 = DIRECTION('',(0.,1.));
#14924 = ( GEOMETRIC_REPRESENTATION_CONTEXT(2) 
PARAMETRIC_REPRESENTATION_CONTEXT() REPRESENTATION_CONTEXT('2D SPACE',''
  ) );
#14925 = ORIENTED_EDGE('',*,*,#4245,.T.);
#14926 = ORIENTED_EDGE('',*,*,#14905,.T.);
#14927 = ADVANCED_FACE('',(#14928),#4301,.F.);
#14928 = FACE_BOUND('',#14929,.F.);
#14929 = EDGE_LOOP('',(#14930,#14931,#14952,#14953));
#14930 = ORIENTED_EDGE('',*,*,#9925,.F.);
#14931 = ORIENTED_EDGE('',*,*,#14932,.F.);
#14932 = EDGE_CURVE('',#4281,#9926,#14933,.T.);
#14933 = SEAM_CURVE('',#14934,(#14938,#14945),.PCURVE_S1.);
#14934 = LINE('',#14935,#14936);
#14935 = CARTESIAN_POINT('',(169.41,-74.93,-1.E-02));
#14936 = VECTOR('',#14937,1.);
#14937 = DIRECTION('',(0.,0.,1.));
#14938 = PCURVE('',#4301,#14939);
#14939 = DEFINITIONAL_REPRESENTATION('',(#14940),#14944);
#14940 = LINE('',#14941,#14942);
#14941 = CARTESIAN_POINT('',(6.28318530718,-0.));
#14942 = VECTOR('',#14943,1.);
#14943 = DIRECTION('',(0.,1.));
#14944 = ( GEOMETRIC_REPRESENTATION_CONTEXT(2) 
PARAMETRIC_REPRESENTATION_CONTEXT() REPRESENTATION_CONTEXT('2D SPACE',''
  ) );
#14945 = PCURVE('',#4301,#14946);
#14946 = DEFINITIONAL_REPRESENTATION('',(#14947),#14951);
#14947 = LINE('',#14948,#14949);
#14948 = CARTESIAN_POINT('',(0.,-0.));
#14949 = VECTOR('',#14950,1.);
#14950 = DIRECTION('',(0.,1.));
#14951 = ( GEOMETRIC_REPRESENTATION_CONTEXT(2) 
PARAMETRIC_REPRESENTATION_CONTEXT() REPRESENTATION_CONTEXT('2D SPACE',''
  ) );
#14952 = ORIENTED_EDGE('',*,*,#4280,.T.);
#14953 = ORIENTED_EDGE('',*,*,#14932,.T.);
#14954 = ADVANCED_FACE('',(#14955),#4336,.F.);
#14955 = FACE_BOUND('',#14956,.F.);
#14956 = EDGE_LOOP('',(#14957,#14958,#14979,#14980));
#14957 = ORIENTED_EDGE('',*,*,#9955,.F.);
#14958 = ORIENTED_EDGE('',*,*,#14959,.F.);
#14959 = EDGE_CURVE('',#4316,#9956,#14960,.T.);
#14960 = SEAM_CURVE('',#14961,(#14965,#14972),.PCURVE_S1.);
#14961 = LINE('',#14962,#14963);
#14962 = CARTESIAN_POINT('',(169.41,-72.39,-1.E-02));
#14963 = VECTOR('',#14964,1.);
#14964 = DIRECTION('',(0.,0.,1.));
#14965 = PCURVE('',#4336,#14966);
#14966 = DEFINITIONAL_REPRESENTATION('',(#14967),#14971);
#14967 = LINE('',#14968,#14969);
#14968 = CARTESIAN_POINT('',(6.28318530718,-0.));
#14969 = VECTOR('',#14970,1.);
#14970 = DIRECTION('',(0.,1.));
#14971 = ( GEOMETRIC_REPRESENTATION_CONTEXT(2) 
PARAMETRIC_REPRESENTATION_CONTEXT() REPRESENTATION_CONTEXT('2D SPACE',''
  ) );
#14972 = PCURVE('',#4336,#14973);
#14973 = DEFINITIONAL_REPRESENTATION('',(#14974),#14978);
#14974 = LINE('',#14975,#14976);
#14975 = CARTESIAN_POINT('',(0.,-0.));
#14976 = VECTOR('',#14977,1.);
#14977 = DIRECTION('',(0.,1.));
#14978 = ( GEOMETRIC_REPRESENTATION_CONTEXT(2) 
PARAMETRIC_REPRESENTATION_CONTEXT() REPRESENTATION_CONTEXT('2D SPACE',''
  ) );
#14979 = ORIENTED_EDGE('',*,*,#4315,.T.);
#14980 = ORIENTED_EDGE('',*,*,#14959,.T.);
#14981 = ADVANCED_FACE('',(#14982),#4371,.F.);
#14982 = FACE_BOUND('',#14983,.F.);
#14983 = EDGE_LOOP('',(#14984,#14985,#15006,#15007));
#14984 = ORIENTED_EDGE('',*,*,#9985,.F.);
#14985 = ORIENTED_EDGE('',*,*,#14986,.F.);
#14986 = EDGE_CURVE('',#4351,#9986,#14987,.T.);
#14987 = SEAM_CURVE('',#14988,(#14992,#14999),.PCURVE_S1.);
#14988 = LINE('',#14989,#14990);
#14989 = CARTESIAN_POINT('',(161.79,-85.09,-1.E-02));
#14990 = VECTOR('',#14991,1.);
#14991 = DIRECTION('',(0.,0.,1.));
#14992 = PCURVE('',#4371,#14993);
#14993 = DEFINITIONAL_REPRESENTATION('',(#14994),#14998);
#14994 = LINE('',#14995,#14996);
#14995 = CARTESIAN_POINT('',(6.28318530718,-0.));
#14996 = VECTOR('',#14997,1.);
#14997 = DIRECTION('',(0.,1.));
#14998 = ( GEOMETRIC_REPRESENTATION_CONTEXT(2) 
PARAMETRIC_REPRESENTATION_CONTEXT() REPRESENTATION_CONTEXT('2D SPACE',''
  ) );
#14999 = PCURVE('',#4371,#15000);
#15000 = DEFINITIONAL_REPRESENTATION('',(#15001),#15005);
#15001 = LINE('',#15002,#15003);
#15002 = CARTESIAN_POINT('',(0.,-0.));
#15003 = VECTOR('',#15004,1.);
#15004 = DIRECTION('',(0.,1.));
#15005 = ( GEOMETRIC_REPRESENTATION_CONTEXT(2) 
PARAMETRIC_REPRESENTATION_CONTEXT() REPRESENTATION_CONTEXT('2D SPACE',''
  ) );
#15006 = ORIENTED_EDGE('',*,*,#4350,.T.);
#15007 = ORIENTED_EDGE('',*,*,#14986,.T.);
#15008 = ADVANCED_FACE('',(#15009),#4406,.F.);
#15009 = FACE_BOUND('',#15010,.F.);
#15010 = EDGE_LOOP('',(#15011,#15012,#15033,#15034));
#15011 = ORIENTED_EDGE('',*,*,#10015,.F.);
#15012 = ORIENTED_EDGE('',*,*,#15013,.F.);
#15013 = EDGE_CURVE('',#4386,#10016,#15014,.T.);
#15014 = SEAM_CURVE('',#15015,(#15019,#15026),.PCURVE_S1.);
#15015 = LINE('',#15016,#15017);
#15016 = CARTESIAN_POINT('',(161.79,-82.55,-1.E-02));
#15017 = VECTOR('',#15018,1.);
#15018 = DIRECTION('',(0.,0.,1.));
#15019 = PCURVE('',#4406,#15020);
#15020 = DEFINITIONAL_REPRESENTATION('',(#15021),#15025);
#15021 = LINE('',#15022,#15023);
#15022 = CARTESIAN_POINT('',(6.28318530718,-0.));
#15023 = VECTOR('',#15024,1.);
#15024 = DIRECTION('',(0.,1.));
#15025 = ( GEOMETRIC_REPRESENTATION_CONTEXT(2) 
PARAMETRIC_REPRESENTATION_CONTEXT() REPRESENTATION_CONTEXT('2D SPACE',''
  ) );
#15026 = PCURVE('',#4406,#15027);
#15027 = DEFINITIONAL_REPRESENTATION('',(#15028),#15032);
#15028 = LINE('',#15029,#15030);
#15029 = CARTESIAN_POINT('',(0.,-0.));
#15030 = VECTOR('',#15031,1.);
#15031 = DIRECTION('',(0.,1.));
#15032 = ( GEOMETRIC_REPRESENTATION_CONTEXT(2) 
PARAMETRIC_REPRESENTATION_CONTEXT() REPRESENTATION_CONTEXT('2D SPACE',''
  ) );
#15033 = ORIENTED_EDGE('',*,*,#4385,.T.);
#15034 = ORIENTED_EDGE('',*,*,#15013,.T.);
#15035 = ADVANCED_FACE('',(#15036),#4441,.F.);
#15036 = FACE_BOUND('',#15037,.F.);
#15037 = EDGE_LOOP('',(#15038,#15039,#15060,#15061));
#15038 = ORIENTED_EDGE('',*,*,#10045,.F.);
#15039 = ORIENTED_EDGE('',*,*,#15040,.F.);
#15040 = EDGE_CURVE('',#4421,#10046,#15041,.T.);
#15041 = SEAM_CURVE('',#15042,(#15046,#15053),.PCURVE_S1.);
#15042 = LINE('',#15043,#15044);
#15043 = CARTESIAN_POINT('',(161.79,-80.01,-1.E-02));
#15044 = VECTOR('',#15045,1.);
#15045 = DIRECTION('',(0.,0.,1.));
#15046 = PCURVE('',#4441,#15047);
#15047 = DEFINITIONAL_REPRESENTATION('',(#15048),#15052);
#15048 = LINE('',#15049,#15050);
#15049 = CARTESIAN_POINT('',(6.28318530718,-0.));
#15050 = VECTOR('',#15051,1.);
#15051 = DIRECTION('',(0.,1.));
#15052 = ( GEOMETRIC_REPRESENTATION_CONTEXT(2) 
PARAMETRIC_REPRESENTATION_CONTEXT() REPRESENTATION_CONTEXT('2D SPACE',''
  ) );
#15053 = PCURVE('',#4441,#15054);
#15054 = DEFINITIONAL_REPRESENTATION('',(#15055),#15059);
#15055 = LINE('',#15056,#15057);
#15056 = CARTESIAN_POINT('',(0.,-0.));
#15057 = VECTOR('',#15058,1.);
#15058 = DIRECTION('',(0.,1.));
#15059 = ( GEOMETRIC_REPRESENTATION_CONTEXT(2) 
PARAMETRIC_REPRESENTATION_CONTEXT() REPRESENTATION_CONTEXT('2D SPACE',''
  ) );
#15060 = ORIENTED_EDGE('',*,*,#4420,.T.);
#15061 = ORIENTED_EDGE('',*,*,#15040,.T.);
#15062 = ADVANCED_FACE('',(#15063),#4476,.F.);
#15063 = FACE_BOUND('',#15064,.F.);
#15064 = EDGE_LOOP('',(#15065,#15066,#15087,#15088));
#15065 = ORIENTED_EDGE('',*,*,#10075,.F.);
#15066 = ORIENTED_EDGE('',*,*,#15067,.F.);
#15067 = EDGE_CURVE('',#4456,#10076,#15068,.T.);
#15068 = SEAM_CURVE('',#15069,(#15073,#15080),.PCURVE_S1.);
#15069 = LINE('',#15070,#15071);
#15070 = CARTESIAN_POINT('',(161.79,-77.47,-1.E-02));
#15071 = VECTOR('',#15072,1.);
#15072 = DIRECTION('',(0.,0.,1.));
#15073 = PCURVE('',#4476,#15074);
#15074 = DEFINITIONAL_REPRESENTATION('',(#15075),#15079);
#15075 = LINE('',#15076,#15077);
#15076 = CARTESIAN_POINT('',(6.28318530718,-0.));
#15077 = VECTOR('',#15078,1.);
#15078 = DIRECTION('',(0.,1.));
#15079 = ( GEOMETRIC_REPRESENTATION_CONTEXT(2) 
PARAMETRIC_REPRESENTATION_CONTEXT() REPRESENTATION_CONTEXT('2D SPACE',''
  ) );
#15080 = PCURVE('',#4476,#15081);
#15081 = DEFINITIONAL_REPRESENTATION('',(#15082),#15086);
#15082 = LINE('',#15083,#15084);
#15083 = CARTESIAN_POINT('',(0.,-0.));
#15084 = VECTOR('',#15085,1.);
#15085 = DIRECTION('',(0.,1.));
#15086 = ( GEOMETRIC_REPRESENTATION_CONTEXT(2) 
PARAMETRIC_REPRESENTATION_CONTEXT() REPRESENTATION_CONTEXT('2D SPACE',''
  ) );
#15087 = ORIENTED_EDGE('',*,*,#4455,.T.);
#15088 = ORIENTED_EDGE('',*,*,#15067,.T.);
#15089 = ADVANCED_FACE('',(#15090),#4511,.F.);
#15090 = FACE_BOUND('',#15091,.F.);
#15091 = EDGE_LOOP('',(#15092,#15093,#15114,#15115));
#15092 = ORIENTED_EDGE('',*,*,#10105,.F.);
#15093 = ORIENTED_EDGE('',*,*,#15094,.F.);
#15094 = EDGE_CURVE('',#4491,#10106,#15095,.T.);
#15095 = SEAM_CURVE('',#15096,(#15100,#15107),.PCURVE_S1.);
#15096 = LINE('',#15097,#15098);
#15097 = CARTESIAN_POINT('',(161.79,-74.93,-1.E-02));
#15098 = VECTOR('',#15099,1.);
#15099 = DIRECTION('',(0.,0.,1.));
#15100 = PCURVE('',#4511,#15101);
#15101 = DEFINITIONAL_REPRESENTATION('',(#15102),#15106);
#15102 = LINE('',#15103,#15104);
#15103 = CARTESIAN_POINT('',(6.28318530718,-0.));
#15104 = VECTOR('',#15105,1.);
#15105 = DIRECTION('',(0.,1.));
#15106 = ( GEOMETRIC_REPRESENTATION_CONTEXT(2) 
PARAMETRIC_REPRESENTATION_CONTEXT() REPRESENTATION_CONTEXT('2D SPACE',''
  ) );
#15107 = PCURVE('',#4511,#15108);
#15108 = DEFINITIONAL_REPRESENTATION('',(#15109),#15113);
#15109 = LINE('',#15110,#15111);
#15110 = CARTESIAN_POINT('',(0.,-0.));
#15111 = VECTOR('',#15112,1.);
#15112 = DIRECTION('',(0.,1.));
#15113 = ( GEOMETRIC_REPRESENTATION_CONTEXT(2) 
PARAMETRIC_REPRESENTATION_CONTEXT() REPRESENTATION_CONTEXT('2D SPACE',''
  ) );
#15114 = ORIENTED_EDGE('',*,*,#4490,.T.);
#15115 = ORIENTED_EDGE('',*,*,#15094,.T.);
#15116 = ADVANCED_FACE('',(#15117),#4546,.F.);
#15117 = FACE_BOUND('',#15118,.F.);
#15118 = EDGE_LOOP('',(#15119,#15120,#15141,#15142));
#15119 = ORIENTED_EDGE('',*,*,#10135,.F.);
#15120 = ORIENTED_EDGE('',*,*,#15121,.F.);
#15121 = EDGE_CURVE('',#4526,#10136,#15122,.T.);
#15122 = SEAM_CURVE('',#15123,(#15127,#15134),.PCURVE_S1.);
#15123 = LINE('',#15124,#15125);
#15124 = CARTESIAN_POINT('',(161.79,-72.39,-1.E-02));
#15125 = VECTOR('',#15126,1.);
#15126 = DIRECTION('',(0.,0.,1.));
#15127 = PCURVE('',#4546,#15128);
#15128 = DEFINITIONAL_REPRESENTATION('',(#15129),#15133);
#15129 = LINE('',#15130,#15131);
#15130 = CARTESIAN_POINT('',(6.28318530718,-0.));
#15131 = VECTOR('',#15132,1.);
#15132 = DIRECTION('',(0.,1.));
#15133 = ( GEOMETRIC_REPRESENTATION_CONTEXT(2) 
PARAMETRIC_REPRESENTATION_CONTEXT() REPRESENTATION_CONTEXT('2D SPACE',''
  ) );
#15134 = PCURVE('',#4546,#15135);
#15135 = DEFINITIONAL_REPRESENTATION('',(#15136),#15140);
#15136 = LINE('',#15137,#15138);
#15137 = CARTESIAN_POINT('',(0.,-0.));
#15138 = VECTOR('',#15139,1.);
#15139 = DIRECTION('',(0.,1.));
#15140 = ( GEOMETRIC_REPRESENTATION_CONTEXT(2) 
PARAMETRIC_REPRESENTATION_CONTEXT() REPRESENTATION_CONTEXT('2D SPACE',''
  ) );
#15141 = ORIENTED_EDGE('',*,*,#4525,.T.);
#15142 = ORIENTED_EDGE('',*,*,#15121,.T.);
#15143 = ADVANCED_FACE('',(#15144),#4581,.F.);
#15144 = FACE_BOUND('',#15145,.F.);
#15145 = EDGE_LOOP('',(#15146,#15147,#15168,#15169));
#15146 = ORIENTED_EDGE('',*,*,#10165,.F.);
#15147 = ORIENTED_EDGE('',*,*,#15148,.F.);
#15148 = EDGE_CURVE('',#4561,#10166,#15149,.T.);
#15149 = SEAM_CURVE('',#15150,(#15154,#15161),.PCURVE_S1.);
#15150 = LINE('',#15151,#15152);
#15151 = CARTESIAN_POINT('',(150.08,-60.9,-1.E-02));
#15152 = VECTOR('',#15153,1.);
#15153 = DIRECTION('',(0.,0.,1.));
#15154 = PCURVE('',#4581,#15155);
#15155 = DEFINITIONAL_REPRESENTATION('',(#15156),#15160);
#15156 = LINE('',#15157,#15158);
#15157 = CARTESIAN_POINT('',(6.28318530718,-0.));
#15158 = VECTOR('',#15159,1.);
#15159 = DIRECTION('',(0.,1.));
#15160 = ( GEOMETRIC_REPRESENTATION_CONTEXT(2) 
PARAMETRIC_REPRESENTATION_CONTEXT() REPRESENTATION_CONTEXT('2D SPACE',''
  ) );
#15161 = PCURVE('',#4581,#15162);
#15162 = DEFINITIONAL_REPRESENTATION('',(#15163),#15167);
#15163 = LINE('',#15164,#15165);
#15164 = CARTESIAN_POINT('',(0.,-0.));
#15165 = VECTOR('',#15166,1.);
#15166 = DIRECTION('',(0.,1.));
#15167 = ( GEOMETRIC_REPRESENTATION_CONTEXT(2) 
PARAMETRIC_REPRESENTATION_CONTEXT() REPRESENTATION_CONTEXT('2D SPACE',''
  ) );
#15168 = ORIENTED_EDGE('',*,*,#4560,.T.);
#15169 = ORIENTED_EDGE('',*,*,#15148,.T.);
#15170 = ADVANCED_FACE('',(#15171),#4616,.F.);
#15171 = FACE_BOUND('',#15172,.F.);
#15172 = EDGE_LOOP('',(#15173,#15174,#15195,#15196));
#15173 = ORIENTED_EDGE('',*,*,#10195,.F.);
#15174 = ORIENTED_EDGE('',*,*,#15175,.F.);
#15175 = EDGE_CURVE('',#4596,#10196,#15176,.T.);
#15176 = SEAM_CURVE('',#15177,(#15181,#15188),.PCURVE_S1.);
#15177 = LINE('',#15178,#15179);
#15178 = CARTESIAN_POINT('',(147.54,-60.9,-1.E-02));
#15179 = VECTOR('',#15180,1.);
#15180 = DIRECTION('',(0.,0.,1.));
#15181 = PCURVE('',#4616,#15182);
#15182 = DEFINITIONAL_REPRESENTATION('',(#15183),#15187);
#15183 = LINE('',#15184,#15185);
#15184 = CARTESIAN_POINT('',(6.28318530718,-0.));
#15185 = VECTOR('',#15186,1.);
#15186 = DIRECTION('',(0.,1.));
#15187 = ( GEOMETRIC_REPRESENTATION_CONTEXT(2) 
PARAMETRIC_REPRESENTATION_CONTEXT() REPRESENTATION_CONTEXT('2D SPACE',''
  ) );
#15188 = PCURVE('',#4616,#15189);
#15189 = DEFINITIONAL_REPRESENTATION('',(#15190),#15194);
#15190 = LINE('',#15191,#15192);
#15191 = CARTESIAN_POINT('',(0.,-0.));
#15192 = VECTOR('',#15193,1.);
#15193 = DIRECTION('',(0.,1.));
#15194 = ( GEOMETRIC_REPRESENTATION_CONTEXT(2) 
PARAMETRIC_REPRESENTATION_CONTEXT() REPRESENTATION_CONTEXT('2D SPACE',''
  ) );
#15195 = ORIENTED_EDGE('',*,*,#4595,.T.);
#15196 = ORIENTED_EDGE('',*,*,#15175,.T.);
#15197 = ADVANCED_FACE('',(#15198),#4651,.F.);
#15198 = FACE_BOUND('',#15199,.F.);
#15199 = EDGE_LOOP('',(#15200,#15201,#15222,#15223));
#15200 = ORIENTED_EDGE('',*,*,#10225,.F.);
#15201 = ORIENTED_EDGE('',*,*,#15202,.F.);
#15202 = EDGE_CURVE('',#4631,#10226,#15203,.T.);
#15203 = SEAM_CURVE('',#15204,(#15208,#15215),.PCURVE_S1.);
#15204 = LINE('',#15205,#15206);
#15205 = CARTESIAN_POINT('',(150.08,-58.36,-1.E-02));
#15206 = VECTOR('',#15207,1.);
#15207 = DIRECTION('',(0.,0.,1.));
#15208 = PCURVE('',#4651,#15209);
#15209 = DEFINITIONAL_REPRESENTATION('',(#15210),#15214);
#15210 = LINE('',#15211,#15212);
#15211 = CARTESIAN_POINT('',(6.28318530718,-0.));
#15212 = VECTOR('',#15213,1.);
#15213 = DIRECTION('',(0.,1.));
#15214 = ( GEOMETRIC_REPRESENTATION_CONTEXT(2) 
PARAMETRIC_REPRESENTATION_CONTEXT() REPRESENTATION_CONTEXT('2D SPACE',''
  ) );
#15215 = PCURVE('',#4651,#15216);
#15216 = DEFINITIONAL_REPRESENTATION('',(#15217),#15221);
#15217 = LINE('',#15218,#15219);
#15218 = CARTESIAN_POINT('',(0.,-0.));
#15219 = VECTOR('',#15220,1.);
#15220 = DIRECTION('',(0.,1.));
#15221 = ( GEOMETRIC_REPRESENTATION_CONTEXT(2) 
PARAMETRIC_REPRESENTATION_CONTEXT() REPRESENTATION_CONTEXT('2D SPACE',''
  ) );
#15222 = ORIENTED_EDGE('',*,*,#4630,.T.);
#15223 = ORIENTED_EDGE('',*,*,#15202,.T.);
#15224 = ADVANCED_FACE('',(#15225),#4686,.F.);
#15225 = FACE_BOUND('',#15226,.F.);
#15226 = EDGE_LOOP('',(#15227,#15228,#15249,#15250));
#15227 = ORIENTED_EDGE('',*,*,#10255,.F.);
#15228 = ORIENTED_EDGE('',*,*,#15229,.F.);
#15229 = EDGE_CURVE('',#4666,#10256,#15230,.T.);
#15230 = SEAM_CURVE('',#15231,(#15235,#15242),.PCURVE_S1.);
#15231 = LINE('',#15232,#15233);
#15232 = CARTESIAN_POINT('',(147.54,-58.36,-1.E-02));
#15233 = VECTOR('',#15234,1.);
#15234 = DIRECTION('',(0.,0.,1.));
#15235 = PCURVE('',#4686,#15236);
#15236 = DEFINITIONAL_REPRESENTATION('',(#15237),#15241);
#15237 = LINE('',#15238,#15239);
#15238 = CARTESIAN_POINT('',(6.28318530718,-0.));
#15239 = VECTOR('',#15240,1.);
#15240 = DIRECTION('',(0.,1.));
#15241 = ( GEOMETRIC_REPRESENTATION_CONTEXT(2) 
PARAMETRIC_REPRESENTATION_CONTEXT() REPRESENTATION_CONTEXT('2D SPACE',''
  ) );
#15242 = PCURVE('',#4686,#15243);
#15243 = DEFINITIONAL_REPRESENTATION('',(#15244),#15248);
#15244 = LINE('',#15245,#15246);
#15245 = CARTESIAN_POINT('',(0.,-0.));
#15246 = VECTOR('',#15247,1.);
#15247 = DIRECTION('',(0.,1.));
#15248 = ( GEOMETRIC_REPRESENTATION_CONTEXT(2) 
PARAMETRIC_REPRESENTATION_CONTEXT() REPRESENTATION_CONTEXT('2D SPACE',''
  ) );
#15249 = ORIENTED_EDGE('',*,*,#4665,.T.);
#15250 = ORIENTED_EDGE('',*,*,#15229,.T.);
#15251 = ADVANCED_FACE('',(#15252),#4721,.F.);
#15252 = FACE_BOUND('',#15253,.F.);
#15253 = EDGE_LOOP('',(#15254,#15255,#15276,#15277));
#15254 = ORIENTED_EDGE('',*,*,#10285,.F.);
#15255 = ORIENTED_EDGE('',*,*,#15256,.F.);
#15256 = EDGE_CURVE('',#4701,#10286,#15257,.T.);
#15257 = SEAM_CURVE('',#15258,(#15262,#15269),.PCURVE_S1.);
#15258 = LINE('',#15259,#15260);
#15259 = CARTESIAN_POINT('',(145.,-60.9,-1.E-02));
#15260 = VECTOR('',#15261,1.);
#15261 = DIRECTION('',(0.,0.,1.));
#15262 = PCURVE('',#4721,#15263);
#15263 = DEFINITIONAL_REPRESENTATION('',(#15264),#15268);
#15264 = LINE('',#15265,#15266);
#15265 = CARTESIAN_POINT('',(6.28318530718,-0.));
#15266 = VECTOR('',#15267,1.);
#15267 = DIRECTION('',(0.,1.));
#15268 = ( GEOMETRIC_REPRESENTATION_CONTEXT(2) 
PARAMETRIC_REPRESENTATION_CONTEXT() REPRESENTATION_CONTEXT('2D SPACE',''
  ) );
#15269 = PCURVE('',#4721,#15270);
#15270 = DEFINITIONAL_REPRESENTATION('',(#15271),#15275);
#15271 = LINE('',#15272,#15273);
#15272 = CARTESIAN_POINT('',(0.,-0.));
#15273 = VECTOR('',#15274,1.);
#15274 = DIRECTION('',(0.,1.));
#15275 = ( GEOMETRIC_REPRESENTATION_CONTEXT(2) 
PARAMETRIC_REPRESENTATION_CONTEXT() REPRESENTATION_CONTEXT('2D SPACE',''
  ) );
#15276 = ORIENTED_EDGE('',*,*,#4700,.T.);
#15277 = ORIENTED_EDGE('',*,*,#15256,.T.);
#15278 = ADVANCED_FACE('',(#15279),#4756,.F.);
#15279 = FACE_BOUND('',#15280,.F.);
#15280 = EDGE_LOOP('',(#15281,#15282,#15303,#15304));
#15281 = ORIENTED_EDGE('',*,*,#10315,.F.);
#15282 = ORIENTED_EDGE('',*,*,#15283,.F.);
#15283 = EDGE_CURVE('',#4736,#10316,#15284,.T.);
#15284 = SEAM_CURVE('',#15285,(#15289,#15296),.PCURVE_S1.);
#15285 = LINE('',#15286,#15287);
#15286 = CARTESIAN_POINT('',(142.46,-60.9,-1.E-02));
#15287 = VECTOR('',#15288,1.);
#15288 = DIRECTION('',(0.,0.,1.));
#15289 = PCURVE('',#4756,#15290);
#15290 = DEFINITIONAL_REPRESENTATION('',(#15291),#15295);
#15291 = LINE('',#15292,#15293);
#15292 = CARTESIAN_POINT('',(6.28318530718,-0.));
#15293 = VECTOR('',#15294,1.);
#15294 = DIRECTION('',(0.,1.));
#15295 = ( GEOMETRIC_REPRESENTATION_CONTEXT(2) 
PARAMETRIC_REPRESENTATION_CONTEXT() REPRESENTATION_CONTEXT('2D SPACE',''
  ) );
#15296 = PCURVE('',#4756,#15297);
#15297 = DEFINITIONAL_REPRESENTATION('',(#15298),#15302);
#15298 = LINE('',#15299,#15300);
#15299 = CARTESIAN_POINT('',(0.,-0.));
#15300 = VECTOR('',#15301,1.);
#15301 = DIRECTION('',(0.,1.));
#15302 = ( GEOMETRIC_REPRESENTATION_CONTEXT(2) 
PARAMETRIC_REPRESENTATION_CONTEXT() REPRESENTATION_CONTEXT('2D SPACE',''
  ) );
#15303 = ORIENTED_EDGE('',*,*,#4735,.T.);
#15304 = ORIENTED_EDGE('',*,*,#15283,.T.);
#15305 = ADVANCED_FACE('',(#15306),#4791,.F.);
#15306 = FACE_BOUND('',#15307,.F.);
#15307 = EDGE_LOOP('',(#15308,#15309,#15330,#15331));
#15308 = ORIENTED_EDGE('',*,*,#10345,.F.);
#15309 = ORIENTED_EDGE('',*,*,#15310,.F.);
#15310 = EDGE_CURVE('',#4771,#10346,#15311,.T.);
#15311 = SEAM_CURVE('',#15312,(#15316,#15323),.PCURVE_S1.);
#15312 = LINE('',#15313,#15314);
#15313 = CARTESIAN_POINT('',(145.,-58.36,-1.E-02));
#15314 = VECTOR('',#15315,1.);
#15315 = DIRECTION('',(0.,0.,1.));
#15316 = PCURVE('',#4791,#15317);
#15317 = DEFINITIONAL_REPRESENTATION('',(#15318),#15322);
#15318 = LINE('',#15319,#15320);
#15319 = CARTESIAN_POINT('',(6.28318530718,-0.));
#15320 = VECTOR('',#15321,1.);
#15321 = DIRECTION('',(0.,1.));
#15322 = ( GEOMETRIC_REPRESENTATION_CONTEXT(2) 
PARAMETRIC_REPRESENTATION_CONTEXT() REPRESENTATION_CONTEXT('2D SPACE',''
  ) );
#15323 = PCURVE('',#4791,#15324);
#15324 = DEFINITIONAL_REPRESENTATION('',(#15325),#15329);
#15325 = LINE('',#15326,#15327);
#15326 = CARTESIAN_POINT('',(0.,-0.));
#15327 = VECTOR('',#15328,1.);
#15328 = DIRECTION('',(0.,1.));
#15329 = ( GEOMETRIC_REPRESENTATION_CONTEXT(2) 
PARAMETRIC_REPRESENTATION_CONTEXT() REPRESENTATION_CONTEXT('2D SPACE',''
  ) );
#15330 = ORIENTED_EDGE('',*,*,#4770,.T.);
#15331 = ORIENTED_EDGE('',*,*,#15310,.T.);
#15332 = ADVANCED_FACE('',(#15333),#4826,.F.);
#15333 = FACE_BOUND('',#15334,.F.);
#15334 = EDGE_LOOP('',(#15335,#15336,#15357,#15358));
#15335 = ORIENTED_EDGE('',*,*,#10375,.F.);
#15336 = ORIENTED_EDGE('',*,*,#15337,.F.);
#15337 = EDGE_CURVE('',#4806,#10376,#15338,.T.);
#15338 = SEAM_CURVE('',#15339,(#15343,#15350),.PCURVE_S1.);
#15339 = LINE('',#15340,#15341);
#15340 = CARTESIAN_POINT('',(142.46,-58.36,-1.E-02));
#15341 = VECTOR('',#15342,1.);
#15342 = DIRECTION('',(0.,0.,1.));
#15343 = PCURVE('',#4826,#15344);
#15344 = DEFINITIONAL_REPRESENTATION('',(#15345),#15349);
#15345 = LINE('',#15346,#15347);
#15346 = CARTESIAN_POINT('',(6.28318530718,-0.));
#15347 = VECTOR('',#15348,1.);
#15348 = DIRECTION('',(0.,1.));
#15349 = ( GEOMETRIC_REPRESENTATION_CONTEXT(2) 
PARAMETRIC_REPRESENTATION_CONTEXT() REPRESENTATION_CONTEXT('2D SPACE',''
  ) );
#15350 = PCURVE('',#4826,#15351);
#15351 = DEFINITIONAL_REPRESENTATION('',(#15352),#15356);
#15352 = LINE('',#15353,#15354);
#15353 = CARTESIAN_POINT('',(0.,-0.));
#15354 = VECTOR('',#15355,1.);
#15355 = DIRECTION('',(0.,1.));
#15356 = ( GEOMETRIC_REPRESENTATION_CONTEXT(2) 
PARAMETRIC_REPRESENTATION_CONTEXT() REPRESENTATION_CONTEXT('2D SPACE',''
  ) );
#15357 = ORIENTED_EDGE('',*,*,#4805,.T.);
#15358 = ORIENTED_EDGE('',*,*,#15337,.T.);
#15359 = ADVANCED_FACE('',(#15360),#4861,.F.);
#15360 = FACE_BOUND('',#15361,.F.);
#15361 = EDGE_LOOP('',(#15362,#15363,#15384,#15385));
#15362 = ORIENTED_EDGE('',*,*,#10405,.F.);
#15363 = ORIENTED_EDGE('',*,*,#15364,.F.);
#15364 = EDGE_CURVE('',#4841,#10406,#15365,.T.);
#15365 = SEAM_CURVE('',#15366,(#15370,#15377),.PCURVE_S1.);
#15366 = LINE('',#15367,#15368);
#15367 = CARTESIAN_POINT('',(150.08,-55.82,-1.E-02));
#15368 = VECTOR('',#15369,1.);
#15369 = DIRECTION('',(0.,0.,1.));
#15370 = PCURVE('',#4861,#15371);
#15371 = DEFINITIONAL_REPRESENTATION('',(#15372),#15376);
#15372 = LINE('',#15373,#15374);
#15373 = CARTESIAN_POINT('',(6.28318530718,-0.));
#15374 = VECTOR('',#15375,1.);
#15375 = DIRECTION('',(0.,1.));
#15376 = ( GEOMETRIC_REPRESENTATION_CONTEXT(2) 
PARAMETRIC_REPRESENTATION_CONTEXT() REPRESENTATION_CONTEXT('2D SPACE',''
  ) );
#15377 = PCURVE('',#4861,#15378);
#15378 = DEFINITIONAL_REPRESENTATION('',(#15379),#15383);
#15379 = LINE('',#15380,#15381);
#15380 = CARTESIAN_POINT('',(0.,-0.));
#15381 = VECTOR('',#15382,1.);
#15382 = DIRECTION('',(0.,1.));
#15383 = ( GEOMETRIC_REPRESENTATION_CONTEXT(2) 
PARAMETRIC_REPRESENTATION_CONTEXT() REPRESENTATION_CONTEXT('2D SPACE',''
  ) );
#15384 = ORIENTED_EDGE('',*,*,#4840,.T.);
#15385 = ORIENTED_EDGE('',*,*,#15364,.T.);
#15386 = ADVANCED_FACE('',(#15387),#4896,.F.);
#15387 = FACE_BOUND('',#15388,.F.);
#15388 = EDGE_LOOP('',(#15389,#15390,#15411,#15412));
#15389 = ORIENTED_EDGE('',*,*,#10435,.F.);
#15390 = ORIENTED_EDGE('',*,*,#15391,.F.);
#15391 = EDGE_CURVE('',#4876,#10436,#15392,.T.);
#15392 = SEAM_CURVE('',#15393,(#15397,#15404),.PCURVE_S1.);
#15393 = LINE('',#15394,#15395);
#15394 = CARTESIAN_POINT('',(147.54,-55.82,-1.E-02));
#15395 = VECTOR('',#15396,1.);
#15396 = DIRECTION('',(0.,0.,1.));
#15397 = PCURVE('',#4896,#15398);
#15398 = DEFINITIONAL_REPRESENTATION('',(#15399),#15403);
#15399 = LINE('',#15400,#15401);
#15400 = CARTESIAN_POINT('',(6.28318530718,-0.));
#15401 = VECTOR('',#15402,1.);
#15402 = DIRECTION('',(0.,1.));
#15403 = ( GEOMETRIC_REPRESENTATION_CONTEXT(2) 
PARAMETRIC_REPRESENTATION_CONTEXT() REPRESENTATION_CONTEXT('2D SPACE',''
  ) );
#15404 = PCURVE('',#4896,#15405);
#15405 = DEFINITIONAL_REPRESENTATION('',(#15406),#15410);
#15406 = LINE('',#15407,#15408);
#15407 = CARTESIAN_POINT('',(0.,-0.));
#15408 = VECTOR('',#15409,1.);
#15409 = DIRECTION('',(0.,1.));
#15410 = ( GEOMETRIC_REPRESENTATION_CONTEXT(2) 
PARAMETRIC_REPRESENTATION_CONTEXT() REPRESENTATION_CONTEXT('2D SPACE',''
  ) );
#15411 = ORIENTED_EDGE('',*,*,#4875,.T.);
#15412 = ORIENTED_EDGE('',*,*,#15391,.T.);
#15413 = ADVANCED_FACE('',(#15414),#4931,.F.);
#15414 = FACE_BOUND('',#15415,.F.);
#15415 = EDGE_LOOP('',(#15416,#15417,#15438,#15439));
#15416 = ORIENTED_EDGE('',*,*,#10465,.F.);
#15417 = ORIENTED_EDGE('',*,*,#15418,.F.);
#15418 = EDGE_CURVE('',#4911,#10466,#15419,.T.);
#15419 = SEAM_CURVE('',#15420,(#15424,#15431),.PCURVE_S1.);
#15420 = LINE('',#15421,#15422);
#15421 = CARTESIAN_POINT('',(150.08,-53.28,-1.E-02));
#15422 = VECTOR('',#15423,1.);
#15423 = DIRECTION('',(0.,0.,1.));
#15424 = PCURVE('',#4931,#15425);
#15425 = DEFINITIONAL_REPRESENTATION('',(#15426),#15430);
#15426 = LINE('',#15427,#15428);
#15427 = CARTESIAN_POINT('',(6.28318530718,-0.));
#15428 = VECTOR('',#15429,1.);
#15429 = DIRECTION('',(0.,1.));
#15430 = ( GEOMETRIC_REPRESENTATION_CONTEXT(2) 
PARAMETRIC_REPRESENTATION_CONTEXT() REPRESENTATION_CONTEXT('2D SPACE',''
  ) );
#15431 = PCURVE('',#4931,#15432);
#15432 = DEFINITIONAL_REPRESENTATION('',(#15433),#15437);
#15433 = LINE('',#15434,#15435);
#15434 = CARTESIAN_POINT('',(0.,-0.));
#15435 = VECTOR('',#15436,1.);
#15436 = DIRECTION('',(0.,1.));
#15437 = ( GEOMETRIC_REPRESENTATION_CONTEXT(2) 
PARAMETRIC_REPRESENTATION_CONTEXT() REPRESENTATION_CONTEXT('2D SPACE',''
  ) );
#15438 = ORIENTED_EDGE('',*,*,#4910,.T.);
#15439 = ORIENTED_EDGE('',*,*,#15418,.T.);
#15440 = ADVANCED_FACE('',(#15441),#4966,.F.);
#15441 = FACE_BOUND('',#15442,.F.);
#15442 = EDGE_LOOP('',(#15443,#15444,#15465,#15466));
#15443 = ORIENTED_EDGE('',*,*,#10495,.F.);
#15444 = ORIENTED_EDGE('',*,*,#15445,.F.);
#15445 = EDGE_CURVE('',#4946,#10496,#15446,.T.);
#15446 = SEAM_CURVE('',#15447,(#15451,#15458),.PCURVE_S1.);
#15447 = LINE('',#15448,#15449);
#15448 = CARTESIAN_POINT('',(147.54,-53.28,-1.E-02));
#15449 = VECTOR('',#15450,1.);
#15450 = DIRECTION('',(0.,0.,1.));
#15451 = PCURVE('',#4966,#15452);
#15452 = DEFINITIONAL_REPRESENTATION('',(#15453),#15457);
#15453 = LINE('',#15454,#15455);
#15454 = CARTESIAN_POINT('',(6.28318530718,-0.));
#15455 = VECTOR('',#15456,1.);
#15456 = DIRECTION('',(0.,1.));
#15457 = ( GEOMETRIC_REPRESENTATION_CONTEXT(2) 
PARAMETRIC_REPRESENTATION_CONTEXT() REPRESENTATION_CONTEXT('2D SPACE',''
  ) );
#15458 = PCURVE('',#4966,#15459);
#15459 = DEFINITIONAL_REPRESENTATION('',(#15460),#15464);
#15460 = LINE('',#15461,#15462);
#15461 = CARTESIAN_POINT('',(0.,-0.));
#15462 = VECTOR('',#15463,1.);
#15463 = DIRECTION('',(0.,1.));
#15464 = ( GEOMETRIC_REPRESENTATION_CONTEXT(2) 
PARAMETRIC_REPRESENTATION_CONTEXT() REPRESENTATION_CONTEXT('2D SPACE',''
  ) );
#15465 = ORIENTED_EDGE('',*,*,#4945,.T.);
#15466 = ORIENTED_EDGE('',*,*,#15445,.T.);
#15467 = ADVANCED_FACE('',(#15468),#5001,.F.);
#15468 = FACE_BOUND('',#15469,.F.);
#15469 = EDGE_LOOP('',(#15470,#15471,#15492,#15493));
#15470 = ORIENTED_EDGE('',*,*,#10525,.F.);
#15471 = ORIENTED_EDGE('',*,*,#15472,.F.);
#15472 = EDGE_CURVE('',#4981,#10526,#15473,.T.);
#15473 = SEAM_CURVE('',#15474,(#15478,#15485),.PCURVE_S1.);
#15474 = LINE('',#15475,#15476);
#15475 = CARTESIAN_POINT('',(145.,-55.82,-1.E-02));
#15476 = VECTOR('',#15477,1.);
#15477 = DIRECTION('',(0.,0.,1.));
#15478 = PCURVE('',#5001,#15479);
#15479 = DEFINITIONAL_REPRESENTATION('',(#15480),#15484);
#15480 = LINE('',#15481,#15482);
#15481 = CARTESIAN_POINT('',(6.28318530718,-0.));
#15482 = VECTOR('',#15483,1.);
#15483 = DIRECTION('',(0.,1.));
#15484 = ( GEOMETRIC_REPRESENTATION_CONTEXT(2) 
PARAMETRIC_REPRESENTATION_CONTEXT() REPRESENTATION_CONTEXT('2D SPACE',''
  ) );
#15485 = PCURVE('',#5001,#15486);
#15486 = DEFINITIONAL_REPRESENTATION('',(#15487),#15491);
#15487 = LINE('',#15488,#15489);
#15488 = CARTESIAN_POINT('',(0.,-0.));
#15489 = VECTOR('',#15490,1.);
#15490 = DIRECTION('',(0.,1.));
#15491 = ( GEOMETRIC_REPRESENTATION_CONTEXT(2) 
PARAMETRIC_REPRESENTATION_CONTEXT() REPRESENTATION_CONTEXT('2D SPACE',''
  ) );
#15492 = ORIENTED_EDGE('',*,*,#4980,.T.);
#15493 = ORIENTED_EDGE('',*,*,#15472,.T.);
#15494 = ADVANCED_FACE('',(#15495),#5036,.F.);
#15495 = FACE_BOUND('',#15496,.F.);
#15496 = EDGE_LOOP('',(#15497,#15498,#15519,#15520));
#15497 = ORIENTED_EDGE('',*,*,#10555,.F.);
#15498 = ORIENTED_EDGE('',*,*,#15499,.F.);
#15499 = EDGE_CURVE('',#5016,#10556,#15500,.T.);
#15500 = SEAM_CURVE('',#15501,(#15505,#15512),.PCURVE_S1.);
#15501 = LINE('',#15502,#15503);
#15502 = CARTESIAN_POINT('',(142.46,-55.82,-1.E-02));
#15503 = VECTOR('',#15504,1.);
#15504 = DIRECTION('',(0.,0.,1.));
#15505 = PCURVE('',#5036,#15506);
#15506 = DEFINITIONAL_REPRESENTATION('',(#15507),#15511);
#15507 = LINE('',#15508,#15509);
#15508 = CARTESIAN_POINT('',(6.28318530718,-0.));
#15509 = VECTOR('',#15510,1.);
#15510 = DIRECTION('',(0.,1.));
#15511 = ( GEOMETRIC_REPRESENTATION_CONTEXT(2) 
PARAMETRIC_REPRESENTATION_CONTEXT() REPRESENTATION_CONTEXT('2D SPACE',''
  ) );
#15512 = PCURVE('',#5036,#15513);
#15513 = DEFINITIONAL_REPRESENTATION('',(#15514),#15518);
#15514 = LINE('',#15515,#15516);
#15515 = CARTESIAN_POINT('',(0.,-0.));
#15516 = VECTOR('',#15517,1.);
#15517 = DIRECTION('',(0.,1.));
#15518 = ( GEOMETRIC_REPRESENTATION_CONTEXT(2) 
PARAMETRIC_REPRESENTATION_CONTEXT() REPRESENTATION_CONTEXT('2D SPACE',''
  ) );
#15519 = ORIENTED_EDGE('',*,*,#5015,.T.);
#15520 = ORIENTED_EDGE('',*,*,#15499,.T.);
#15521 = ADVANCED_FACE('',(#15522),#5071,.F.);
#15522 = FACE_BOUND('',#15523,.F.);
#15523 = EDGE_LOOP('',(#15524,#15525,#15546,#15547));
#15524 = ORIENTED_EDGE('',*,*,#10585,.F.);
#15525 = ORIENTED_EDGE('',*,*,#15526,.F.);
#15526 = EDGE_CURVE('',#5051,#10586,#15527,.T.);
#15527 = SEAM_CURVE('',#15528,(#15532,#15539),.PCURVE_S1.);
#15528 = LINE('',#15529,#15530);
#15529 = CARTESIAN_POINT('',(145.,-53.28,-1.E-02));
#15530 = VECTOR('',#15531,1.);
#15531 = DIRECTION('',(0.,0.,1.));
#15532 = PCURVE('',#5071,#15533);
#15533 = DEFINITIONAL_REPRESENTATION('',(#15534),#15538);
#15534 = LINE('',#15535,#15536);
#15535 = CARTESIAN_POINT('',(6.28318530718,-0.));
#15536 = VECTOR('',#15537,1.);
#15537 = DIRECTION('',(0.,1.));
#15538 = ( GEOMETRIC_REPRESENTATION_CONTEXT(2) 
PARAMETRIC_REPRESENTATION_CONTEXT() REPRESENTATION_CONTEXT('2D SPACE',''
  ) );
#15539 = PCURVE('',#5071,#15540);
#15540 = DEFINITIONAL_REPRESENTATION('',(#15541),#15545);
#15541 = LINE('',#15542,#15543);
#15542 = CARTESIAN_POINT('',(0.,-0.));
#15543 = VECTOR('',#15544,1.);
#15544 = DIRECTION('',(0.,1.));
#15545 = ( GEOMETRIC_REPRESENTATION_CONTEXT(2) 
PARAMETRIC_REPRESENTATION_CONTEXT() REPRESENTATION_CONTEXT('2D SPACE',''
  ) );
#15546 = ORIENTED_EDGE('',*,*,#5050,.T.);
#15547 = ORIENTED_EDGE('',*,*,#15526,.T.);
#15548 = ADVANCED_FACE('',(#15549),#5106,.F.);
#15549 = FACE_BOUND('',#15550,.F.);
#15550 = EDGE_LOOP('',(#15551,#15552,#15573,#15574));
#15551 = ORIENTED_EDGE('',*,*,#10615,.F.);
#15552 = ORIENTED_EDGE('',*,*,#15553,.F.);
#15553 = EDGE_CURVE('',#5086,#10616,#15554,.T.);
#15554 = SEAM_CURVE('',#15555,(#15559,#15566),.PCURVE_S1.);
#15555 = LINE('',#15556,#15557);
#15556 = CARTESIAN_POINT('',(142.46,-53.28,-1.E-02));
#15557 = VECTOR('',#15558,1.);
#15558 = DIRECTION('',(0.,0.,1.));
#15559 = PCURVE('',#5106,#15560);
#15560 = DEFINITIONAL_REPRESENTATION('',(#15561),#15565);
#15561 = LINE('',#15562,#15563);
#15562 = CARTESIAN_POINT('',(6.28318530718,-0.));
#15563 = VECTOR('',#15564,1.);
#15564 = DIRECTION('',(0.,1.));
#15565 = ( GEOMETRIC_REPRESENTATION_CONTEXT(2) 
PARAMETRIC_REPRESENTATION_CONTEXT() REPRESENTATION_CONTEXT('2D SPACE',''
  ) );
#15566 = PCURVE('',#5106,#15567);
#15567 = DEFINITIONAL_REPRESENTATION('',(#15568),#15572);
#15568 = LINE('',#15569,#15570);
#15569 = CARTESIAN_POINT('',(0.,-0.));
#15570 = VECTOR('',#15571,1.);
#15571 = DIRECTION('',(0.,1.));
#15572 = ( GEOMETRIC_REPRESENTATION_CONTEXT(2) 
PARAMETRIC_REPRESENTATION_CONTEXT() REPRESENTATION_CONTEXT('2D SPACE',''
  ) );
#15573 = ORIENTED_EDGE('',*,*,#5085,.T.);
#15574 = ORIENTED_EDGE('',*,*,#15553,.T.);
#15575 = ADVANCED_FACE('',(#15576),#5141,.F.);
#15576 = FACE_BOUND('',#15577,.F.);
#15577 = EDGE_LOOP('',(#15578,#15579,#15600,#15601));
#15578 = ORIENTED_EDGE('',*,*,#10645,.F.);
#15579 = ORIENTED_EDGE('',*,*,#15580,.F.);
#15580 = EDGE_CURVE('',#5121,#10646,#15581,.T.);
#15581 = SEAM_CURVE('',#15582,(#15586,#15593),.PCURVE_S1.);
#15582 = LINE('',#15583,#15584);
#15583 = CARTESIAN_POINT('',(139.92,-60.9,-1.E-02));
#15584 = VECTOR('',#15585,1.);
#15585 = DIRECTION('',(0.,0.,1.));
#15586 = PCURVE('',#5141,#15587);
#15587 = DEFINITIONAL_REPRESENTATION('',(#15588),#15592);
#15588 = LINE('',#15589,#15590);
#15589 = CARTESIAN_POINT('',(6.28318530718,-0.));
#15590 = VECTOR('',#15591,1.);
#15591 = DIRECTION('',(0.,1.));
#15592 = ( GEOMETRIC_REPRESENTATION_CONTEXT(2) 
PARAMETRIC_REPRESENTATION_CONTEXT() REPRESENTATION_CONTEXT('2D SPACE',''
  ) );
#15593 = PCURVE('',#5141,#15594);
#15594 = DEFINITIONAL_REPRESENTATION('',(#15595),#15599);
#15595 = LINE('',#15596,#15597);
#15596 = CARTESIAN_POINT('',(0.,-0.));
#15597 = VECTOR('',#15598,1.);
#15598 = DIRECTION('',(0.,1.));
#15599 = ( GEOMETRIC_REPRESENTATION_CONTEXT(2) 
PARAMETRIC_REPRESENTATION_CONTEXT() REPRESENTATION_CONTEXT('2D SPACE',''
  ) );
#15600 = ORIENTED_EDGE('',*,*,#5120,.T.);
#15601 = ORIENTED_EDGE('',*,*,#15580,.T.);
#15602 = ADVANCED_FACE('',(#15603),#5176,.F.);
#15603 = FACE_BOUND('',#15604,.F.);
#15604 = EDGE_LOOP('',(#15605,#15606,#15627,#15628));
#15605 = ORIENTED_EDGE('',*,*,#10675,.F.);
#15606 = ORIENTED_EDGE('',*,*,#15607,.F.);
#15607 = EDGE_CURVE('',#5156,#10676,#15608,.T.);
#15608 = SEAM_CURVE('',#15609,(#15613,#15620),.PCURVE_S1.);
#15609 = LINE('',#15610,#15611);
#15610 = CARTESIAN_POINT('',(137.38,-60.9,-1.E-02));
#15611 = VECTOR('',#15612,1.);
#15612 = DIRECTION('',(0.,0.,1.));
#15613 = PCURVE('',#5176,#15614);
#15614 = DEFINITIONAL_REPRESENTATION('',(#15615),#15619);
#15615 = LINE('',#15616,#15617);
#15616 = CARTESIAN_POINT('',(6.28318530718,-0.));
#15617 = VECTOR('',#15618,1.);
#15618 = DIRECTION('',(0.,1.));
#15619 = ( GEOMETRIC_REPRESENTATION_CONTEXT(2) 
PARAMETRIC_REPRESENTATION_CONTEXT() REPRESENTATION_CONTEXT('2D SPACE',''
  ) );
#15620 = PCURVE('',#5176,#15621);
#15621 = DEFINITIONAL_REPRESENTATION('',(#15622),#15626);
#15622 = LINE('',#15623,#15624);
#15623 = CARTESIAN_POINT('',(0.,-0.));
#15624 = VECTOR('',#15625,1.);
#15625 = DIRECTION('',(0.,1.));
#15626 = ( GEOMETRIC_REPRESENTATION_CONTEXT(2) 
PARAMETRIC_REPRESENTATION_CONTEXT() REPRESENTATION_CONTEXT('2D SPACE',''
  ) );
#15627 = ORIENTED_EDGE('',*,*,#5155,.T.);
#15628 = ORIENTED_EDGE('',*,*,#15607,.T.);
#15629 = ADVANCED_FACE('',(#15630),#5211,.F.);
#15630 = FACE_BOUND('',#15631,.F.);
#15631 = EDGE_LOOP('',(#15632,#15633,#15654,#15655));
#15632 = ORIENTED_EDGE('',*,*,#10705,.F.);
#15633 = ORIENTED_EDGE('',*,*,#15634,.F.);
#15634 = EDGE_CURVE('',#5191,#10706,#15635,.T.);
#15635 = SEAM_CURVE('',#15636,(#15640,#15647),.PCURVE_S1.);
#15636 = LINE('',#15637,#15638);
#15637 = CARTESIAN_POINT('',(139.92,-58.36,-1.E-02));
#15638 = VECTOR('',#15639,1.);
#15639 = DIRECTION('',(0.,0.,1.));
#15640 = PCURVE('',#5211,#15641);
#15641 = DEFINITIONAL_REPRESENTATION('',(#15642),#15646);
#15642 = LINE('',#15643,#15644);
#15643 = CARTESIAN_POINT('',(6.28318530718,-0.));
#15644 = VECTOR('',#15645,1.);
#15645 = DIRECTION('',(0.,1.));
#15646 = ( GEOMETRIC_REPRESENTATION_CONTEXT(2) 
PARAMETRIC_REPRESENTATION_CONTEXT() REPRESENTATION_CONTEXT('2D SPACE',''
  ) );
#15647 = PCURVE('',#5211,#15648);
#15648 = DEFINITIONAL_REPRESENTATION('',(#15649),#15653);
#15649 = LINE('',#15650,#15651);
#15650 = CARTESIAN_POINT('',(0.,-0.));
#15651 = VECTOR('',#15652,1.);
#15652 = DIRECTION('',(0.,1.));
#15653 = ( GEOMETRIC_REPRESENTATION_CONTEXT(2) 
PARAMETRIC_REPRESENTATION_CONTEXT() REPRESENTATION_CONTEXT('2D SPACE',''
  ) );
#15654 = ORIENTED_EDGE('',*,*,#5190,.T.);
#15655 = ORIENTED_EDGE('',*,*,#15634,.T.);
#15656 = ADVANCED_FACE('',(#15657),#5246,.F.);
#15657 = FACE_BOUND('',#15658,.F.);
#15658 = EDGE_LOOP('',(#15659,#15660,#15681,#15682));
#15659 = ORIENTED_EDGE('',*,*,#10735,.F.);
#15660 = ORIENTED_EDGE('',*,*,#15661,.F.);
#15661 = EDGE_CURVE('',#5226,#10736,#15662,.T.);
#15662 = SEAM_CURVE('',#15663,(#15667,#15674),.PCURVE_S1.);
#15663 = LINE('',#15664,#15665);
#15664 = CARTESIAN_POINT('',(137.38,-58.36,-1.E-02));
#15665 = VECTOR('',#15666,1.);
#15666 = DIRECTION('',(0.,0.,1.));
#15667 = PCURVE('',#5246,#15668);
#15668 = DEFINITIONAL_REPRESENTATION('',(#15669),#15673);
#15669 = LINE('',#15670,#15671);
#15670 = CARTESIAN_POINT('',(6.28318530718,-0.));
#15671 = VECTOR('',#15672,1.);
#15672 = DIRECTION('',(0.,1.));
#15673 = ( GEOMETRIC_REPRESENTATION_CONTEXT(2) 
PARAMETRIC_REPRESENTATION_CONTEXT() REPRESENTATION_CONTEXT('2D SPACE',''
  ) );
#15674 = PCURVE('',#5246,#15675);
#15675 = DEFINITIONAL_REPRESENTATION('',(#15676),#15680);
#15676 = LINE('',#15677,#15678);
#15677 = CARTESIAN_POINT('',(0.,-0.));
#15678 = VECTOR('',#15679,1.);
#15679 = DIRECTION('',(0.,1.));
#15680 = ( GEOMETRIC_REPRESENTATION_CONTEXT(2) 
PARAMETRIC_REPRESENTATION_CONTEXT() REPRESENTATION_CONTEXT('2D SPACE',''
  ) );
#15681 = ORIENTED_EDGE('',*,*,#5225,.T.);
#15682 = ORIENTED_EDGE('',*,*,#15661,.T.);
#15683 = ADVANCED_FACE('',(#15684),#5281,.F.);
#15684 = FACE_BOUND('',#15685,.F.);
#15685 = EDGE_LOOP('',(#15686,#15687,#15708,#15709));
#15686 = ORIENTED_EDGE('',*,*,#10765,.F.);
#15687 = ORIENTED_EDGE('',*,*,#15688,.F.);
#15688 = EDGE_CURVE('',#5261,#10766,#15689,.T.);
#15689 = SEAM_CURVE('',#15690,(#15694,#15701),.PCURVE_S1.);
#15690 = LINE('',#15691,#15692);
#15691 = CARTESIAN_POINT('',(134.84,-60.9,-1.E-02));
#15692 = VECTOR('',#15693,1.);
#15693 = DIRECTION('',(0.,0.,1.));
#15694 = PCURVE('',#5281,#15695);
#15695 = DEFINITIONAL_REPRESENTATION('',(#15696),#15700);
#15696 = LINE('',#15697,#15698);
#15697 = CARTESIAN_POINT('',(6.28318530718,-0.));
#15698 = VECTOR('',#15699,1.);
#15699 = DIRECTION('',(0.,1.));
#15700 = ( GEOMETRIC_REPRESENTATION_CONTEXT(2) 
PARAMETRIC_REPRESENTATION_CONTEXT() REPRESENTATION_CONTEXT('2D SPACE',''
  ) );
#15701 = PCURVE('',#5281,#15702);
#15702 = DEFINITIONAL_REPRESENTATION('',(#15703),#15707);
#15703 = LINE('',#15704,#15705);
#15704 = CARTESIAN_POINT('',(0.,-0.));
#15705 = VECTOR('',#15706,1.);
#15706 = DIRECTION('',(0.,1.));
#15707 = ( GEOMETRIC_REPRESENTATION_CONTEXT(2) 
PARAMETRIC_REPRESENTATION_CONTEXT() REPRESENTATION_CONTEXT('2D SPACE',''
  ) );
#15708 = ORIENTED_EDGE('',*,*,#5260,.T.);
#15709 = ORIENTED_EDGE('',*,*,#15688,.T.);
#15710 = ADVANCED_FACE('',(#15711),#5316,.F.);
#15711 = FACE_BOUND('',#15712,.F.);
#15712 = EDGE_LOOP('',(#15713,#15714,#15735,#15736));
#15713 = ORIENTED_EDGE('',*,*,#10795,.F.);
#15714 = ORIENTED_EDGE('',*,*,#15715,.F.);
#15715 = EDGE_CURVE('',#5296,#10796,#15716,.T.);
#15716 = SEAM_CURVE('',#15717,(#15721,#15728),.PCURVE_S1.);
#15717 = LINE('',#15718,#15719);
#15718 = CARTESIAN_POINT('',(132.3,-60.9,-1.E-02));
#15719 = VECTOR('',#15720,1.);
#15720 = DIRECTION('',(0.,0.,1.));
#15721 = PCURVE('',#5316,#15722);
#15722 = DEFINITIONAL_REPRESENTATION('',(#15723),#15727);
#15723 = LINE('',#15724,#15725);
#15724 = CARTESIAN_POINT('',(6.28318530718,-0.));
#15725 = VECTOR('',#15726,1.);
#15726 = DIRECTION('',(0.,1.));
#15727 = ( GEOMETRIC_REPRESENTATION_CONTEXT(2) 
PARAMETRIC_REPRESENTATION_CONTEXT() REPRESENTATION_CONTEXT('2D SPACE',''
  ) );
#15728 = PCURVE('',#5316,#15729);
#15729 = DEFINITIONAL_REPRESENTATION('',(#15730),#15734);
#15730 = LINE('',#15731,#15732);
#15731 = CARTESIAN_POINT('',(0.,-0.));
#15732 = VECTOR('',#15733,1.);
#15733 = DIRECTION('',(0.,1.));
#15734 = ( GEOMETRIC_REPRESENTATION_CONTEXT(2) 
PARAMETRIC_REPRESENTATION_CONTEXT() REPRESENTATION_CONTEXT('2D SPACE',''
  ) );
#15735 = ORIENTED_EDGE('',*,*,#5295,.T.);
#15736 = ORIENTED_EDGE('',*,*,#15715,.T.);
#15737 = ADVANCED_FACE('',(#15738),#5351,.F.);
#15738 = FACE_BOUND('',#15739,.F.);
#15739 = EDGE_LOOP('',(#15740,#15741,#15762,#15763));
#15740 = ORIENTED_EDGE('',*,*,#10825,.F.);
#15741 = ORIENTED_EDGE('',*,*,#15742,.F.);
#15742 = EDGE_CURVE('',#5331,#10826,#15743,.T.);
#15743 = SEAM_CURVE('',#15744,(#15748,#15755),.PCURVE_S1.);
#15744 = LINE('',#15745,#15746);
#15745 = CARTESIAN_POINT('',(134.84,-58.36,-1.E-02));
#15746 = VECTOR('',#15747,1.);
#15747 = DIRECTION('',(0.,0.,1.));
#15748 = PCURVE('',#5351,#15749);
#15749 = DEFINITIONAL_REPRESENTATION('',(#15750),#15754);
#15750 = LINE('',#15751,#15752);
#15751 = CARTESIAN_POINT('',(6.28318530718,-0.));
#15752 = VECTOR('',#15753,1.);
#15753 = DIRECTION('',(0.,1.));
#15754 = ( GEOMETRIC_REPRESENTATION_CONTEXT(2) 
PARAMETRIC_REPRESENTATION_CONTEXT() REPRESENTATION_CONTEXT('2D SPACE',''
  ) );
#15755 = PCURVE('',#5351,#15756);
#15756 = DEFINITIONAL_REPRESENTATION('',(#15757),#15761);
#15757 = LINE('',#15758,#15759);
#15758 = CARTESIAN_POINT('',(0.,-0.));
#15759 = VECTOR('',#15760,1.);
#15760 = DIRECTION('',(0.,1.));
#15761 = ( GEOMETRIC_REPRESENTATION_CONTEXT(2) 
PARAMETRIC_REPRESENTATION_CONTEXT() REPRESENTATION_CONTEXT('2D SPACE',''
  ) );
#15762 = ORIENTED_EDGE('',*,*,#5330,.T.);
#15763 = ORIENTED_EDGE('',*,*,#15742,.T.);
#15764 = ADVANCED_FACE('',(#15765),#5386,.F.);
#15765 = FACE_BOUND('',#15766,.F.);
#15766 = EDGE_LOOP('',(#15767,#15768,#15789,#15790));
#15767 = ORIENTED_EDGE('',*,*,#10855,.F.);
#15768 = ORIENTED_EDGE('',*,*,#15769,.F.);
#15769 = EDGE_CURVE('',#5366,#10856,#15770,.T.);
#15770 = SEAM_CURVE('',#15771,(#15775,#15782),.PCURVE_S1.);
#15771 = LINE('',#15772,#15773);
#15772 = CARTESIAN_POINT('',(132.3,-58.36,-1.E-02));
#15773 = VECTOR('',#15774,1.);
#15774 = DIRECTION('',(0.,0.,1.));
#15775 = PCURVE('',#5386,#15776);
#15776 = DEFINITIONAL_REPRESENTATION('',(#15777),#15781);
#15777 = LINE('',#15778,#15779);
#15778 = CARTESIAN_POINT('',(6.28318530718,-0.));
#15779 = VECTOR('',#15780,1.);
#15780 = DIRECTION('',(0.,1.));
#15781 = ( GEOMETRIC_REPRESENTATION_CONTEXT(2) 
PARAMETRIC_REPRESENTATION_CONTEXT() REPRESENTATION_CONTEXT('2D SPACE',''
  ) );
#15782 = PCURVE('',#5386,#15783);
#15783 = DEFINITIONAL_REPRESENTATION('',(#15784),#15788);
#15784 = LINE('',#15785,#15786);
#15785 = CARTESIAN_POINT('',(0.,-0.));
#15786 = VECTOR('',#15787,1.);
#15787 = DIRECTION('',(0.,1.));
#15788 = ( GEOMETRIC_REPRESENTATION_CONTEXT(2) 
PARAMETRIC_REPRESENTATION_CONTEXT() REPRESENTATION_CONTEXT('2D SPACE',''
  ) );
#15789 = ORIENTED_EDGE('',*,*,#5365,.T.);
#15790 = ORIENTED_EDGE('',*,*,#15769,.T.);
#15791 = ADVANCED_FACE('',(#15792),#5421,.F.);
#15792 = FACE_BOUND('',#15793,.F.);
#15793 = EDGE_LOOP('',(#15794,#15795,#15816,#15817));
#15794 = ORIENTED_EDGE('',*,*,#10885,.F.);
#15795 = ORIENTED_EDGE('',*,*,#15796,.F.);
#15796 = EDGE_CURVE('',#5401,#10886,#15797,.T.);
#15797 = SEAM_CURVE('',#15798,(#15802,#15809),.PCURVE_S1.);
#15798 = LINE('',#15799,#15800);
#15799 = CARTESIAN_POINT('',(139.92,-55.82,-1.E-02));
#15800 = VECTOR('',#15801,1.);
#15801 = DIRECTION('',(0.,0.,1.));
#15802 = PCURVE('',#5421,#15803);
#15803 = DEFINITIONAL_REPRESENTATION('',(#15804),#15808);
#15804 = LINE('',#15805,#15806);
#15805 = CARTESIAN_POINT('',(6.28318530718,-0.));
#15806 = VECTOR('',#15807,1.);
#15807 = DIRECTION('',(0.,1.));
#15808 = ( GEOMETRIC_REPRESENTATION_CONTEXT(2) 
PARAMETRIC_REPRESENTATION_CONTEXT() REPRESENTATION_CONTEXT('2D SPACE',''
  ) );
#15809 = PCURVE('',#5421,#15810);
#15810 = DEFINITIONAL_REPRESENTATION('',(#15811),#15815);
#15811 = LINE('',#15812,#15813);
#15812 = CARTESIAN_POINT('',(0.,-0.));
#15813 = VECTOR('',#15814,1.);
#15814 = DIRECTION('',(0.,1.));
#15815 = ( GEOMETRIC_REPRESENTATION_CONTEXT(2) 
PARAMETRIC_REPRESENTATION_CONTEXT() REPRESENTATION_CONTEXT('2D SPACE',''
  ) );
#15816 = ORIENTED_EDGE('',*,*,#5400,.T.);
#15817 = ORIENTED_EDGE('',*,*,#15796,.T.);
#15818 = ADVANCED_FACE('',(#15819),#5456,.F.);
#15819 = FACE_BOUND('',#15820,.F.);
#15820 = EDGE_LOOP('',(#15821,#15822,#15843,#15844));
#15821 = ORIENTED_EDGE('',*,*,#10915,.F.);
#15822 = ORIENTED_EDGE('',*,*,#15823,.F.);
#15823 = EDGE_CURVE('',#5436,#10916,#15824,.T.);
#15824 = SEAM_CURVE('',#15825,(#15829,#15836),.PCURVE_S1.);
#15825 = LINE('',#15826,#15827);
#15826 = CARTESIAN_POINT('',(137.38,-55.82,-1.E-02));
#15827 = VECTOR('',#15828,1.);
#15828 = DIRECTION('',(0.,0.,1.));
#15829 = PCURVE('',#5456,#15830);
#15830 = DEFINITIONAL_REPRESENTATION('',(#15831),#15835);
#15831 = LINE('',#15832,#15833);
#15832 = CARTESIAN_POINT('',(6.28318530718,-0.));
#15833 = VECTOR('',#15834,1.);
#15834 = DIRECTION('',(0.,1.));
#15835 = ( GEOMETRIC_REPRESENTATION_CONTEXT(2) 
PARAMETRIC_REPRESENTATION_CONTEXT() REPRESENTATION_CONTEXT('2D SPACE',''
  ) );
#15836 = PCURVE('',#5456,#15837);
#15837 = DEFINITIONAL_REPRESENTATION('',(#15838),#15842);
#15838 = LINE('',#15839,#15840);
#15839 = CARTESIAN_POINT('',(0.,-0.));
#15840 = VECTOR('',#15841,1.);
#15841 = DIRECTION('',(0.,1.));
#15842 = ( GEOMETRIC_REPRESENTATION_CONTEXT(2) 
PARAMETRIC_REPRESENTATION_CONTEXT() REPRESENTATION_CONTEXT('2D SPACE',''
  ) );
#15843 = ORIENTED_EDGE('',*,*,#5435,.T.);
#15844 = ORIENTED_EDGE('',*,*,#15823,.T.);
#15845 = ADVANCED_FACE('',(#15846),#5491,.F.);
#15846 = FACE_BOUND('',#15847,.F.);
#15847 = EDGE_LOOP('',(#15848,#15849,#15870,#15871));
#15848 = ORIENTED_EDGE('',*,*,#10945,.F.);
#15849 = ORIENTED_EDGE('',*,*,#15850,.F.);
#15850 = EDGE_CURVE('',#5471,#10946,#15851,.T.);
#15851 = SEAM_CURVE('',#15852,(#15856,#15863),.PCURVE_S1.);
#15852 = LINE('',#15853,#15854);
#15853 = CARTESIAN_POINT('',(139.92,-53.28,-1.E-02));
#15854 = VECTOR('',#15855,1.);
#15855 = DIRECTION('',(0.,0.,1.));
#15856 = PCURVE('',#5491,#15857);
#15857 = DEFINITIONAL_REPRESENTATION('',(#15858),#15862);
#15858 = LINE('',#15859,#15860);
#15859 = CARTESIAN_POINT('',(6.28318530718,-0.));
#15860 = VECTOR('',#15861,1.);
#15861 = DIRECTION('',(0.,1.));
#15862 = ( GEOMETRIC_REPRESENTATION_CONTEXT(2) 
PARAMETRIC_REPRESENTATION_CONTEXT() REPRESENTATION_CONTEXT('2D SPACE',''
  ) );
#15863 = PCURVE('',#5491,#15864);
#15864 = DEFINITIONAL_REPRESENTATION('',(#15865),#15869);
#15865 = LINE('',#15866,#15867);
#15866 = CARTESIAN_POINT('',(0.,-0.));
#15867 = VECTOR('',#15868,1.);
#15868 = DIRECTION('',(0.,1.));
#15869 = ( GEOMETRIC_REPRESENTATION_CONTEXT(2) 
PARAMETRIC_REPRESENTATION_CONTEXT() REPRESENTATION_CONTEXT('2D SPACE',''
  ) );
#15870 = ORIENTED_EDGE('',*,*,#5470,.T.);
#15871 = ORIENTED_EDGE('',*,*,#15850,.T.);
#15872 = ADVANCED_FACE('',(#15873),#5526,.F.);
#15873 = FACE_BOUND('',#15874,.F.);
#15874 = EDGE_LOOP('',(#15875,#15876,#15897,#15898));
#15875 = ORIENTED_EDGE('',*,*,#10975,.F.);
#15876 = ORIENTED_EDGE('',*,*,#15877,.F.);
#15877 = EDGE_CURVE('',#5506,#10976,#15878,.T.);
#15878 = SEAM_CURVE('',#15879,(#15883,#15890),.PCURVE_S1.);
#15879 = LINE('',#15880,#15881);
#15880 = CARTESIAN_POINT('',(137.38,-53.28,-1.E-02));
#15881 = VECTOR('',#15882,1.);
#15882 = DIRECTION('',(0.,0.,1.));
#15883 = PCURVE('',#5526,#15884);
#15884 = DEFINITIONAL_REPRESENTATION('',(#15885),#15889);
#15885 = LINE('',#15886,#15887);
#15886 = CARTESIAN_POINT('',(6.28318530718,-0.));
#15887 = VECTOR('',#15888,1.);
#15888 = DIRECTION('',(0.,1.));
#15889 = ( GEOMETRIC_REPRESENTATION_CONTEXT(2) 
PARAMETRIC_REPRESENTATION_CONTEXT() REPRESENTATION_CONTEXT('2D SPACE',''
  ) );
#15890 = PCURVE('',#5526,#15891);
#15891 = DEFINITIONAL_REPRESENTATION('',(#15892),#15896);
#15892 = LINE('',#15893,#15894);
#15893 = CARTESIAN_POINT('',(0.,-0.));
#15894 = VECTOR('',#15895,1.);
#15895 = DIRECTION('',(0.,1.));
#15896 = ( GEOMETRIC_REPRESENTATION_CONTEXT(2) 
PARAMETRIC_REPRESENTATION_CONTEXT() REPRESENTATION_CONTEXT('2D SPACE',''
  ) );
#15897 = ORIENTED_EDGE('',*,*,#5505,.T.);
#15898 = ORIENTED_EDGE('',*,*,#15877,.T.);
#15899 = ADVANCED_FACE('',(#15900),#5561,.F.);
#15900 = FACE_BOUND('',#15901,.F.);
#15901 = EDGE_LOOP('',(#15902,#15903,#15924,#15925));
#15902 = ORIENTED_EDGE('',*,*,#11005,.F.);
#15903 = ORIENTED_EDGE('',*,*,#15904,.F.);
#15904 = EDGE_CURVE('',#5541,#11006,#15905,.T.);
#15905 = SEAM_CURVE('',#15906,(#15910,#15917),.PCURVE_S1.);
#15906 = LINE('',#15907,#15908);
#15907 = CARTESIAN_POINT('',(134.84,-55.82,-1.E-02));
#15908 = VECTOR('',#15909,1.);
#15909 = DIRECTION('',(0.,0.,1.));
#15910 = PCURVE('',#5561,#15911);
#15911 = DEFINITIONAL_REPRESENTATION('',(#15912),#15916);
#15912 = LINE('',#15913,#15914);
#15913 = CARTESIAN_POINT('',(6.28318530718,-0.));
#15914 = VECTOR('',#15915,1.);
#15915 = DIRECTION('',(0.,1.));
#15916 = ( GEOMETRIC_REPRESENTATION_CONTEXT(2) 
PARAMETRIC_REPRESENTATION_CONTEXT() REPRESENTATION_CONTEXT('2D SPACE',''
  ) );
#15917 = PCURVE('',#5561,#15918);
#15918 = DEFINITIONAL_REPRESENTATION('',(#15919),#15923);
#15919 = LINE('',#15920,#15921);
#15920 = CARTESIAN_POINT('',(0.,-0.));
#15921 = VECTOR('',#15922,1.);
#15922 = DIRECTION('',(0.,1.));
#15923 = ( GEOMETRIC_REPRESENTATION_CONTEXT(2) 
PARAMETRIC_REPRESENTATION_CONTEXT() REPRESENTATION_CONTEXT('2D SPACE',''
  ) );
#15924 = ORIENTED_EDGE('',*,*,#5540,.T.);
#15925 = ORIENTED_EDGE('',*,*,#15904,.T.);
#15926 = ADVANCED_FACE('',(#15927),#5596,.F.);
#15927 = FACE_BOUND('',#15928,.F.);
#15928 = EDGE_LOOP('',(#15929,#15930,#15951,#15952));
#15929 = ORIENTED_EDGE('',*,*,#11035,.F.);
#15930 = ORIENTED_EDGE('',*,*,#15931,.F.);
#15931 = EDGE_CURVE('',#5576,#11036,#15932,.T.);
#15932 = SEAM_CURVE('',#15933,(#15937,#15944),.PCURVE_S1.);
#15933 = LINE('',#15934,#15935);
#15934 = CARTESIAN_POINT('',(132.3,-55.82,-1.E-02));
#15935 = VECTOR('',#15936,1.);
#15936 = DIRECTION('',(0.,0.,1.));
#15937 = PCURVE('',#5596,#15938);
#15938 = DEFINITIONAL_REPRESENTATION('',(#15939),#15943);
#15939 = LINE('',#15940,#15941);
#15940 = CARTESIAN_POINT('',(6.28318530718,-0.));
#15941 = VECTOR('',#15942,1.);
#15942 = DIRECTION('',(0.,1.));
#15943 = ( GEOMETRIC_REPRESENTATION_CONTEXT(2) 
PARAMETRIC_REPRESENTATION_CONTEXT() REPRESENTATION_CONTEXT('2D SPACE',''
  ) );
#15944 = PCURVE('',#5596,#15945);
#15945 = DEFINITIONAL_REPRESENTATION('',(#15946),#15950);
#15946 = LINE('',#15947,#15948);
#15947 = CARTESIAN_POINT('',(0.,-0.));
#15948 = VECTOR('',#15949,1.);
#15949 = DIRECTION('',(0.,1.));
#15950 = ( GEOMETRIC_REPRESENTATION_CONTEXT(2) 
PARAMETRIC_REPRESENTATION_CONTEXT() REPRESENTATION_CONTEXT('2D SPACE',''
  ) );
#15951 = ORIENTED_EDGE('',*,*,#5575,.T.);
#15952 = ORIENTED_EDGE('',*,*,#15931,.T.);
#15953 = ADVANCED_FACE('',(#15954),#5631,.F.);
#15954 = FACE_BOUND('',#15955,.F.);
#15955 = EDGE_LOOP('',(#15956,#15957,#15978,#15979));
#15956 = ORIENTED_EDGE('',*,*,#11065,.F.);
#15957 = ORIENTED_EDGE('',*,*,#15958,.F.);
#15958 = EDGE_CURVE('',#5611,#11066,#15959,.T.);
#15959 = SEAM_CURVE('',#15960,(#15964,#15971),.PCURVE_S1.);
#15960 = LINE('',#15961,#15962);
#15961 = CARTESIAN_POINT('',(134.84,-53.28,-1.E-02));
#15962 = VECTOR('',#15963,1.);
#15963 = DIRECTION('',(0.,0.,1.));
#15964 = PCURVE('',#5631,#15965);
#15965 = DEFINITIONAL_REPRESENTATION('',(#15966),#15970);
#15966 = LINE('',#15967,#15968);
#15967 = CARTESIAN_POINT('',(6.28318530718,-0.));
#15968 = VECTOR('',#15969,1.);
#15969 = DIRECTION('',(0.,1.));
#15970 = ( GEOMETRIC_REPRESENTATION_CONTEXT(2) 
PARAMETRIC_REPRESENTATION_CONTEXT() REPRESENTATION_CONTEXT('2D SPACE',''
  ) );
#15971 = PCURVE('',#5631,#15972);
#15972 = DEFINITIONAL_REPRESENTATION('',(#15973),#15977);
#15973 = LINE('',#15974,#15975);
#15974 = CARTESIAN_POINT('',(0.,-0.));
#15975 = VECTOR('',#15976,1.);
#15976 = DIRECTION('',(0.,1.));
#15977 = ( GEOMETRIC_REPRESENTATION_CONTEXT(2) 
PARAMETRIC_REPRESENTATION_CONTEXT() REPRESENTATION_CONTEXT('2D SPACE',''
  ) );
#15978 = ORIENTED_EDGE('',*,*,#5610,.T.);
#15979 = ORIENTED_EDGE('',*,*,#15958,.T.);
#15980 = ADVANCED_FACE('',(#15981),#5666,.F.);
#15981 = FACE_BOUND('',#15982,.F.);
#15982 = EDGE_LOOP('',(#15983,#15984,#16005,#16006));
#15983 = ORIENTED_EDGE('',*,*,#11095,.F.);
#15984 = ORIENTED_EDGE('',*,*,#15985,.F.);
#15985 = EDGE_CURVE('',#5646,#11096,#15986,.T.);
#15986 = SEAM_CURVE('',#15987,(#15991,#15998),.PCURVE_S1.);
#15987 = LINE('',#15988,#15989);
#15988 = CARTESIAN_POINT('',(132.3,-53.28,-1.E-02));
#15989 = VECTOR('',#15990,1.);
#15990 = DIRECTION('',(0.,0.,1.));
#15991 = PCURVE('',#5666,#15992);
#15992 = DEFINITIONAL_REPRESENTATION('',(#15993),#15997);
#15993 = LINE('',#15994,#15995);
#15994 = CARTESIAN_POINT('',(6.28318530718,-0.));
#15995 = VECTOR('',#15996,1.);
#15996 = DIRECTION('',(0.,1.));
#15997 = ( GEOMETRIC_REPRESENTATION_CONTEXT(2) 
PARAMETRIC_REPRESENTATION_CONTEXT() REPRESENTATION_CONTEXT('2D SPACE',''
  ) );
#15998 = PCURVE('',#5666,#15999);
#15999 = DEFINITIONAL_REPRESENTATION('',(#16000),#16004);
#16000 = LINE('',#16001,#16002);
#16001 = CARTESIAN_POINT('',(0.,-0.));
#16002 = VECTOR('',#16003,1.);
#16003 = DIRECTION('',(0.,1.));
#16004 = ( GEOMETRIC_REPRESENTATION_CONTEXT(2) 
PARAMETRIC_REPRESENTATION_CONTEXT() REPRESENTATION_CONTEXT('2D SPACE',''
  ) );
#16005 = ORIENTED_EDGE('',*,*,#5645,.T.);
#16006 = ORIENTED_EDGE('',*,*,#15985,.T.);
#16007 = ADVANCED_FACE('',(#16008),#5701,.F.);
#16008 = FACE_BOUND('',#16009,.F.);
#16009 = EDGE_LOOP('',(#16010,#16011,#16032,#16033));
#16010 = ORIENTED_EDGE('',*,*,#11125,.F.);
#16011 = ORIENTED_EDGE('',*,*,#16012,.F.);
#16012 = EDGE_CURVE('',#5681,#11126,#16013,.T.);
#16013 = SEAM_CURVE('',#16014,(#16018,#16025),.PCURVE_S1.);
#16014 = LINE('',#16015,#16016);
#16015 = CARTESIAN_POINT('',(129.76,-60.9,-1.E-02));
#16016 = VECTOR('',#16017,1.);
#16017 = DIRECTION('',(0.,0.,1.));
#16018 = PCURVE('',#5701,#16019);
#16019 = DEFINITIONAL_REPRESENTATION('',(#16020),#16024);
#16020 = LINE('',#16021,#16022);
#16021 = CARTESIAN_POINT('',(6.28318530718,-0.));
#16022 = VECTOR('',#16023,1.);
#16023 = DIRECTION('',(0.,1.));
#16024 = ( GEOMETRIC_REPRESENTATION_CONTEXT(2) 
PARAMETRIC_REPRESENTATION_CONTEXT() REPRESENTATION_CONTEXT('2D SPACE',''
  ) );
#16025 = PCURVE('',#5701,#16026);
#16026 = DEFINITIONAL_REPRESENTATION('',(#16027),#16031);
#16027 = LINE('',#16028,#16029);
#16028 = CARTESIAN_POINT('',(0.,-0.));
#16029 = VECTOR('',#16030,1.);
#16030 = DIRECTION('',(0.,1.));
#16031 = ( GEOMETRIC_REPRESENTATION_CONTEXT(2) 
PARAMETRIC_REPRESENTATION_CONTEXT() REPRESENTATION_CONTEXT('2D SPACE',''
  ) );
#16032 = ORIENTED_EDGE('',*,*,#5680,.T.);
#16033 = ORIENTED_EDGE('',*,*,#16012,.T.);
#16034 = ADVANCED_FACE('',(#16035),#5736,.F.);
#16035 = FACE_BOUND('',#16036,.F.);
#16036 = EDGE_LOOP('',(#16037,#16038,#16059,#16060));
#16037 = ORIENTED_EDGE('',*,*,#11155,.F.);
#16038 = ORIENTED_EDGE('',*,*,#16039,.F.);
#16039 = EDGE_CURVE('',#5716,#11156,#16040,.T.);
#16040 = SEAM_CURVE('',#16041,(#16045,#16052),.PCURVE_S1.);
#16041 = LINE('',#16042,#16043);
#16042 = CARTESIAN_POINT('',(127.22,-60.9,-1.E-02));
#16043 = VECTOR('',#16044,1.);
#16044 = DIRECTION('',(0.,0.,1.));
#16045 = PCURVE('',#5736,#16046);
#16046 = DEFINITIONAL_REPRESENTATION('',(#16047),#16051);
#16047 = LINE('',#16048,#16049);
#16048 = CARTESIAN_POINT('',(6.28318530718,-0.));
#16049 = VECTOR('',#16050,1.);
#16050 = DIRECTION('',(0.,1.));
#16051 = ( GEOMETRIC_REPRESENTATION_CONTEXT(2) 
PARAMETRIC_REPRESENTATION_CONTEXT() REPRESENTATION_CONTEXT('2D SPACE',''
  ) );
#16052 = PCURVE('',#5736,#16053);
#16053 = DEFINITIONAL_REPRESENTATION('',(#16054),#16058);
#16054 = LINE('',#16055,#16056);
#16055 = CARTESIAN_POINT('',(0.,-0.));
#16056 = VECTOR('',#16057,1.);
#16057 = DIRECTION('',(0.,1.));
#16058 = ( GEOMETRIC_REPRESENTATION_CONTEXT(2) 
PARAMETRIC_REPRESENTATION_CONTEXT() REPRESENTATION_CONTEXT('2D SPACE',''
  ) );
#16059 = ORIENTED_EDGE('',*,*,#5715,.T.);
#16060 = ORIENTED_EDGE('',*,*,#16039,.T.);
#16061 = ADVANCED_FACE('',(#16062),#5771,.F.);
#16062 = FACE_BOUND('',#16063,.F.);
#16063 = EDGE_LOOP('',(#16064,#16065,#16086,#16087));
#16064 = ORIENTED_EDGE('',*,*,#11185,.F.);
#16065 = ORIENTED_EDGE('',*,*,#16066,.F.);
#16066 = EDGE_CURVE('',#5751,#11186,#16067,.T.);
#16067 = SEAM_CURVE('',#16068,(#16072,#16079),.PCURVE_S1.);
#16068 = LINE('',#16069,#16070);
#16069 = CARTESIAN_POINT('',(129.76,-58.36,-1.E-02));
#16070 = VECTOR('',#16071,1.);
#16071 = DIRECTION('',(0.,0.,1.));
#16072 = PCURVE('',#5771,#16073);
#16073 = DEFINITIONAL_REPRESENTATION('',(#16074),#16078);
#16074 = LINE('',#16075,#16076);
#16075 = CARTESIAN_POINT('',(6.28318530718,-0.));
#16076 = VECTOR('',#16077,1.);
#16077 = DIRECTION('',(0.,1.));
#16078 = ( GEOMETRIC_REPRESENTATION_CONTEXT(2) 
PARAMETRIC_REPRESENTATION_CONTEXT() REPRESENTATION_CONTEXT('2D SPACE',''
  ) );
#16079 = PCURVE('',#5771,#16080);
#16080 = DEFINITIONAL_REPRESENTATION('',(#16081),#16085);
#16081 = LINE('',#16082,#16083);
#16082 = CARTESIAN_POINT('',(0.,-0.));
#16083 = VECTOR('',#16084,1.);
#16084 = DIRECTION('',(0.,1.));
#16085 = ( GEOMETRIC_REPRESENTATION_CONTEXT(2) 
PARAMETRIC_REPRESENTATION_CONTEXT() REPRESENTATION_CONTEXT('2D SPACE',''
  ) );
#16086 = ORIENTED_EDGE('',*,*,#5750,.T.);
#16087 = ORIENTED_EDGE('',*,*,#16066,.T.);
#16088 = ADVANCED_FACE('',(#16089),#5806,.F.);
#16089 = FACE_BOUND('',#16090,.F.);
#16090 = EDGE_LOOP('',(#16091,#16092,#16113,#16114));
#16091 = ORIENTED_EDGE('',*,*,#11215,.F.);
#16092 = ORIENTED_EDGE('',*,*,#16093,.F.);
#16093 = EDGE_CURVE('',#5786,#11216,#16094,.T.);
#16094 = SEAM_CURVE('',#16095,(#16099,#16106),.PCURVE_S1.);
#16095 = LINE('',#16096,#16097);
#16096 = CARTESIAN_POINT('',(127.22,-58.36,-1.E-02));
#16097 = VECTOR('',#16098,1.);
#16098 = DIRECTION('',(0.,0.,1.));
#16099 = PCURVE('',#5806,#16100);
#16100 = DEFINITIONAL_REPRESENTATION('',(#16101),#16105);
#16101 = LINE('',#16102,#16103);
#16102 = CARTESIAN_POINT('',(6.28318530718,-0.));
#16103 = VECTOR('',#16104,1.);
#16104 = DIRECTION('',(0.,1.));
#16105 = ( GEOMETRIC_REPRESENTATION_CONTEXT(2) 
PARAMETRIC_REPRESENTATION_CONTEXT() REPRESENTATION_CONTEXT('2D SPACE',''
  ) );
#16106 = PCURVE('',#5806,#16107);
#16107 = DEFINITIONAL_REPRESENTATION('',(#16108),#16112);
#16108 = LINE('',#16109,#16110);
#16109 = CARTESIAN_POINT('',(0.,-0.));
#16110 = VECTOR('',#16111,1.);
#16111 = DIRECTION('',(0.,1.));
#16112 = ( GEOMETRIC_REPRESENTATION_CONTEXT(2) 
PARAMETRIC_REPRESENTATION_CONTEXT() REPRESENTATION_CONTEXT('2D SPACE',''
  ) );
#16113 = ORIENTED_EDGE('',*,*,#5785,.T.);
#16114 = ORIENTED_EDGE('',*,*,#16093,.T.);
#16115 = ADVANCED_FACE('',(#16116),#5841,.F.);
#16116 = FACE_BOUND('',#16117,.F.);
#16117 = EDGE_LOOP('',(#16118,#16119,#16140,#16141));
#16118 = ORIENTED_EDGE('',*,*,#11245,.F.);
#16119 = ORIENTED_EDGE('',*,*,#16120,.F.);
#16120 = EDGE_CURVE('',#5821,#11246,#16121,.T.);
#16121 = SEAM_CURVE('',#16122,(#16126,#16133),.PCURVE_S1.);
#16122 = LINE('',#16123,#16124);
#16123 = CARTESIAN_POINT('',(124.68,-60.9,-1.E-02));
#16124 = VECTOR('',#16125,1.);
#16125 = DIRECTION('',(0.,0.,1.));
#16126 = PCURVE('',#5841,#16127);
#16127 = DEFINITIONAL_REPRESENTATION('',(#16128),#16132);
#16128 = LINE('',#16129,#16130);
#16129 = CARTESIAN_POINT('',(6.28318530718,-0.));
#16130 = VECTOR('',#16131,1.);
#16131 = DIRECTION('',(0.,1.));
#16132 = ( GEOMETRIC_REPRESENTATION_CONTEXT(2) 
PARAMETRIC_REPRESENTATION_CONTEXT() REPRESENTATION_CONTEXT('2D SPACE',''
  ) );
#16133 = PCURVE('',#5841,#16134);
#16134 = DEFINITIONAL_REPRESENTATION('',(#16135),#16139);
#16135 = LINE('',#16136,#16137);
#16136 = CARTESIAN_POINT('',(0.,-0.));
#16137 = VECTOR('',#16138,1.);
#16138 = DIRECTION('',(0.,1.));
#16139 = ( GEOMETRIC_REPRESENTATION_CONTEXT(2) 
PARAMETRIC_REPRESENTATION_CONTEXT() REPRESENTATION_CONTEXT('2D SPACE',''
  ) );
#16140 = ORIENTED_EDGE('',*,*,#5820,.T.);
#16141 = ORIENTED_EDGE('',*,*,#16120,.T.);
#16142 = ADVANCED_FACE('',(#16143),#5876,.F.);
#16143 = FACE_BOUND('',#16144,.F.);
#16144 = EDGE_LOOP('',(#16145,#16146,#16167,#16168));
#16145 = ORIENTED_EDGE('',*,*,#11275,.F.);
#16146 = ORIENTED_EDGE('',*,*,#16147,.F.);
#16147 = EDGE_CURVE('',#5856,#11276,#16148,.T.);
#16148 = SEAM_CURVE('',#16149,(#16153,#16160),.PCURVE_S1.);
#16149 = LINE('',#16150,#16151);
#16150 = CARTESIAN_POINT('',(122.14,-60.9,-1.E-02));
#16151 = VECTOR('',#16152,1.);
#16152 = DIRECTION('',(0.,0.,1.));
#16153 = PCURVE('',#5876,#16154);
#16154 = DEFINITIONAL_REPRESENTATION('',(#16155),#16159);
#16155 = LINE('',#16156,#16157);
#16156 = CARTESIAN_POINT('',(6.28318530718,-0.));
#16157 = VECTOR('',#16158,1.);
#16158 = DIRECTION('',(0.,1.));
#16159 = ( GEOMETRIC_REPRESENTATION_CONTEXT(2) 
PARAMETRIC_REPRESENTATION_CONTEXT() REPRESENTATION_CONTEXT('2D SPACE',''
  ) );
#16160 = PCURVE('',#5876,#16161);
#16161 = DEFINITIONAL_REPRESENTATION('',(#16162),#16166);
#16162 = LINE('',#16163,#16164);
#16163 = CARTESIAN_POINT('',(0.,-0.));
#16164 = VECTOR('',#16165,1.);
#16165 = DIRECTION('',(0.,1.));
#16166 = ( GEOMETRIC_REPRESENTATION_CONTEXT(2) 
PARAMETRIC_REPRESENTATION_CONTEXT() REPRESENTATION_CONTEXT('2D SPACE',''
  ) );
#16167 = ORIENTED_EDGE('',*,*,#5855,.T.);
#16168 = ORIENTED_EDGE('',*,*,#16147,.T.);
#16169 = ADVANCED_FACE('',(#16170),#5911,.F.);
#16170 = FACE_BOUND('',#16171,.F.);
#16171 = EDGE_LOOP('',(#16172,#16173,#16194,#16195));
#16172 = ORIENTED_EDGE('',*,*,#11305,.F.);
#16173 = ORIENTED_EDGE('',*,*,#16174,.F.);
#16174 = EDGE_CURVE('',#5891,#11306,#16175,.T.);
#16175 = SEAM_CURVE('',#16176,(#16180,#16187),.PCURVE_S1.);
#16176 = LINE('',#16177,#16178);
#16177 = CARTESIAN_POINT('',(124.68,-58.36,-1.E-02));
#16178 = VECTOR('',#16179,1.);
#16179 = DIRECTION('',(0.,0.,1.));
#16180 = PCURVE('',#5911,#16181);
#16181 = DEFINITIONAL_REPRESENTATION('',(#16182),#16186);
#16182 = LINE('',#16183,#16184);
#16183 = CARTESIAN_POINT('',(6.28318530718,-0.));
#16184 = VECTOR('',#16185,1.);
#16185 = DIRECTION('',(0.,1.));
#16186 = ( GEOMETRIC_REPRESENTATION_CONTEXT(2) 
PARAMETRIC_REPRESENTATION_CONTEXT() REPRESENTATION_CONTEXT('2D SPACE',''
  ) );
#16187 = PCURVE('',#5911,#16188);
#16188 = DEFINITIONAL_REPRESENTATION('',(#16189),#16193);
#16189 = LINE('',#16190,#16191);
#16190 = CARTESIAN_POINT('',(0.,-0.));
#16191 = VECTOR('',#16192,1.);
#16192 = DIRECTION('',(0.,1.));
#16193 = ( GEOMETRIC_REPRESENTATION_CONTEXT(2) 
PARAMETRIC_REPRESENTATION_CONTEXT() REPRESENTATION_CONTEXT('2D SPACE',''
  ) );
#16194 = ORIENTED_EDGE('',*,*,#5890,.T.);
#16195 = ORIENTED_EDGE('',*,*,#16174,.T.);
#16196 = ADVANCED_FACE('',(#16197),#5946,.F.);
#16197 = FACE_BOUND('',#16198,.F.);
#16198 = EDGE_LOOP('',(#16199,#16200,#16221,#16222));
#16199 = ORIENTED_EDGE('',*,*,#11335,.F.);
#16200 = ORIENTED_EDGE('',*,*,#16201,.F.);
#16201 = EDGE_CURVE('',#5926,#11336,#16202,.T.);
#16202 = SEAM_CURVE('',#16203,(#16207,#16214),.PCURVE_S1.);
#16203 = LINE('',#16204,#16205);
#16204 = CARTESIAN_POINT('',(122.14,-58.36,-1.E-02));
#16205 = VECTOR('',#16206,1.);
#16206 = DIRECTION('',(0.,0.,1.));
#16207 = PCURVE('',#5946,#16208);
#16208 = DEFINITIONAL_REPRESENTATION('',(#16209),#16213);
#16209 = LINE('',#16210,#16211);
#16210 = CARTESIAN_POINT('',(6.28318530718,-0.));
#16211 = VECTOR('',#16212,1.);
#16212 = DIRECTION('',(0.,1.));
#16213 = ( GEOMETRIC_REPRESENTATION_CONTEXT(2) 
PARAMETRIC_REPRESENTATION_CONTEXT() REPRESENTATION_CONTEXT('2D SPACE',''
  ) );
#16214 = PCURVE('',#5946,#16215);
#16215 = DEFINITIONAL_REPRESENTATION('',(#16216),#16220);
#16216 = LINE('',#16217,#16218);
#16217 = CARTESIAN_POINT('',(0.,-0.));
#16218 = VECTOR('',#16219,1.);
#16219 = DIRECTION('',(0.,1.));
#16220 = ( GEOMETRIC_REPRESENTATION_CONTEXT(2) 
PARAMETRIC_REPRESENTATION_CONTEXT() REPRESENTATION_CONTEXT('2D SPACE',''
  ) );
#16221 = ORIENTED_EDGE('',*,*,#5925,.T.);
#16222 = ORIENTED_EDGE('',*,*,#16201,.T.);
#16223 = ADVANCED_FACE('',(#16224),#5981,.F.);
#16224 = FACE_BOUND('',#16225,.F.);
#16225 = EDGE_LOOP('',(#16226,#16227,#16248,#16249));
#16226 = ORIENTED_EDGE('',*,*,#11365,.F.);
#16227 = ORIENTED_EDGE('',*,*,#16228,.F.);
#16228 = EDGE_CURVE('',#5961,#11366,#16229,.T.);
#16229 = SEAM_CURVE('',#16230,(#16234,#16241),.PCURVE_S1.);
#16230 = LINE('',#16231,#16232);
#16231 = CARTESIAN_POINT('',(129.76,-55.82,-1.E-02));
#16232 = VECTOR('',#16233,1.);
#16233 = DIRECTION('',(0.,0.,1.));
#16234 = PCURVE('',#5981,#16235);
#16235 = DEFINITIONAL_REPRESENTATION('',(#16236),#16240);
#16236 = LINE('',#16237,#16238);
#16237 = CARTESIAN_POINT('',(6.28318530718,-0.));
#16238 = VECTOR('',#16239,1.);
#16239 = DIRECTION('',(0.,1.));
#16240 = ( GEOMETRIC_REPRESENTATION_CONTEXT(2) 
PARAMETRIC_REPRESENTATION_CONTEXT() REPRESENTATION_CONTEXT('2D SPACE',''
  ) );
#16241 = PCURVE('',#5981,#16242);
#16242 = DEFINITIONAL_REPRESENTATION('',(#16243),#16247);
#16243 = LINE('',#16244,#16245);
#16244 = CARTESIAN_POINT('',(0.,-0.));
#16245 = VECTOR('',#16246,1.);
#16246 = DIRECTION('',(0.,1.));
#16247 = ( GEOMETRIC_REPRESENTATION_CONTEXT(2) 
PARAMETRIC_REPRESENTATION_CONTEXT() REPRESENTATION_CONTEXT('2D SPACE',''
  ) );
#16248 = ORIENTED_EDGE('',*,*,#5960,.T.);
#16249 = ORIENTED_EDGE('',*,*,#16228,.T.);
#16250 = ADVANCED_FACE('',(#16251),#6016,.F.);
#16251 = FACE_BOUND('',#16252,.F.);
#16252 = EDGE_LOOP('',(#16253,#16254,#16275,#16276));
#16253 = ORIENTED_EDGE('',*,*,#11395,.F.);
#16254 = ORIENTED_EDGE('',*,*,#16255,.F.);
#16255 = EDGE_CURVE('',#5996,#11396,#16256,.T.);
#16256 = SEAM_CURVE('',#16257,(#16261,#16268),.PCURVE_S1.);
#16257 = LINE('',#16258,#16259);
#16258 = CARTESIAN_POINT('',(127.22,-55.82,-1.E-02));
#16259 = VECTOR('',#16260,1.);
#16260 = DIRECTION('',(0.,0.,1.));
#16261 = PCURVE('',#6016,#16262);
#16262 = DEFINITIONAL_REPRESENTATION('',(#16263),#16267);
#16263 = LINE('',#16264,#16265);
#16264 = CARTESIAN_POINT('',(6.28318530718,-0.));
#16265 = VECTOR('',#16266,1.);
#16266 = DIRECTION('',(0.,1.));
#16267 = ( GEOMETRIC_REPRESENTATION_CONTEXT(2) 
PARAMETRIC_REPRESENTATION_CONTEXT() REPRESENTATION_CONTEXT('2D SPACE',''
  ) );
#16268 = PCURVE('',#6016,#16269);
#16269 = DEFINITIONAL_REPRESENTATION('',(#16270),#16274);
#16270 = LINE('',#16271,#16272);
#16271 = CARTESIAN_POINT('',(0.,-0.));
#16272 = VECTOR('',#16273,1.);
#16273 = DIRECTION('',(0.,1.));
#16274 = ( GEOMETRIC_REPRESENTATION_CONTEXT(2) 
PARAMETRIC_REPRESENTATION_CONTEXT() REPRESENTATION_CONTEXT('2D SPACE',''
  ) );
#16275 = ORIENTED_EDGE('',*,*,#5995,.T.);
#16276 = ORIENTED_EDGE('',*,*,#16255,.T.);
#16277 = ADVANCED_FACE('',(#16278),#6051,.F.);
#16278 = FACE_BOUND('',#16279,.F.);
#16279 = EDGE_LOOP('',(#16280,#16281,#16302,#16303));
#16280 = ORIENTED_EDGE('',*,*,#11425,.F.);
#16281 = ORIENTED_EDGE('',*,*,#16282,.F.);
#16282 = EDGE_CURVE('',#6031,#11426,#16283,.T.);
#16283 = SEAM_CURVE('',#16284,(#16288,#16295),.PCURVE_S1.);
#16284 = LINE('',#16285,#16286);
#16285 = CARTESIAN_POINT('',(129.76,-53.28,-1.E-02));
#16286 = VECTOR('',#16287,1.);
#16287 = DIRECTION('',(0.,0.,1.));
#16288 = PCURVE('',#6051,#16289);
#16289 = DEFINITIONAL_REPRESENTATION('',(#16290),#16294);
#16290 = LINE('',#16291,#16292);
#16291 = CARTESIAN_POINT('',(6.28318530718,-0.));
#16292 = VECTOR('',#16293,1.);
#16293 = DIRECTION('',(0.,1.));
#16294 = ( GEOMETRIC_REPRESENTATION_CONTEXT(2) 
PARAMETRIC_REPRESENTATION_CONTEXT() REPRESENTATION_CONTEXT('2D SPACE',''
  ) );
#16295 = PCURVE('',#6051,#16296);
#16296 = DEFINITIONAL_REPRESENTATION('',(#16297),#16301);
#16297 = LINE('',#16298,#16299);
#16298 = CARTESIAN_POINT('',(0.,-0.));
#16299 = VECTOR('',#16300,1.);
#16300 = DIRECTION('',(0.,1.));
#16301 = ( GEOMETRIC_REPRESENTATION_CONTEXT(2) 
PARAMETRIC_REPRESENTATION_CONTEXT() REPRESENTATION_CONTEXT('2D SPACE',''
  ) );
#16302 = ORIENTED_EDGE('',*,*,#6030,.T.);
#16303 = ORIENTED_EDGE('',*,*,#16282,.T.);
#16304 = ADVANCED_FACE('',(#16305),#6086,.F.);
#16305 = FACE_BOUND('',#16306,.F.);
#16306 = EDGE_LOOP('',(#16307,#16308,#16329,#16330));
#16307 = ORIENTED_EDGE('',*,*,#11455,.F.);
#16308 = ORIENTED_EDGE('',*,*,#16309,.F.);
#16309 = EDGE_CURVE('',#6066,#11456,#16310,.T.);
#16310 = SEAM_CURVE('',#16311,(#16315,#16322),.PCURVE_S1.);
#16311 = LINE('',#16312,#16313);
#16312 = CARTESIAN_POINT('',(127.22,-53.28,-1.E-02));
#16313 = VECTOR('',#16314,1.);
#16314 = DIRECTION('',(0.,0.,1.));
#16315 = PCURVE('',#6086,#16316);
#16316 = DEFINITIONAL_REPRESENTATION('',(#16317),#16321);
#16317 = LINE('',#16318,#16319);
#16318 = CARTESIAN_POINT('',(6.28318530718,-0.));
#16319 = VECTOR('',#16320,1.);
#16320 = DIRECTION('',(0.,1.));
#16321 = ( GEOMETRIC_REPRESENTATION_CONTEXT(2) 
PARAMETRIC_REPRESENTATION_CONTEXT() REPRESENTATION_CONTEXT('2D SPACE',''
  ) );
#16322 = PCURVE('',#6086,#16323);
#16323 = DEFINITIONAL_REPRESENTATION('',(#16324),#16328);
#16324 = LINE('',#16325,#16326);
#16325 = CARTESIAN_POINT('',(0.,-0.));
#16326 = VECTOR('',#16327,1.);
#16327 = DIRECTION('',(0.,1.));
#16328 = ( GEOMETRIC_REPRESENTATION_CONTEXT(2) 
PARAMETRIC_REPRESENTATION_CONTEXT() REPRESENTATION_CONTEXT('2D SPACE',''
  ) );
#16329 = ORIENTED_EDGE('',*,*,#6065,.T.);
#16330 = ORIENTED_EDGE('',*,*,#16309,.T.);
#16331 = ADVANCED_FACE('',(#16332),#6121,.F.);
#16332 = FACE_BOUND('',#16333,.F.);
#16333 = EDGE_LOOP('',(#16334,#16335,#16356,#16357));
#16334 = ORIENTED_EDGE('',*,*,#11485,.F.);
#16335 = ORIENTED_EDGE('',*,*,#16336,.F.);
#16336 = EDGE_CURVE('',#6101,#11486,#16337,.T.);
#16337 = SEAM_CURVE('',#16338,(#16342,#16349),.PCURVE_S1.);
#16338 = LINE('',#16339,#16340);
#16339 = CARTESIAN_POINT('',(124.68,-55.82,-1.E-02));
#16340 = VECTOR('',#16341,1.);
#16341 = DIRECTION('',(0.,0.,1.));
#16342 = PCURVE('',#6121,#16343);
#16343 = DEFINITIONAL_REPRESENTATION('',(#16344),#16348);
#16344 = LINE('',#16345,#16346);
#16345 = CARTESIAN_POINT('',(6.28318530718,-0.));
#16346 = VECTOR('',#16347,1.);
#16347 = DIRECTION('',(0.,1.));
#16348 = ( GEOMETRIC_REPRESENTATION_CONTEXT(2) 
PARAMETRIC_REPRESENTATION_CONTEXT() REPRESENTATION_CONTEXT('2D SPACE',''
  ) );
#16349 = PCURVE('',#6121,#16350);
#16350 = DEFINITIONAL_REPRESENTATION('',(#16351),#16355);
#16351 = LINE('',#16352,#16353);
#16352 = CARTESIAN_POINT('',(0.,-0.));
#16353 = VECTOR('',#16354,1.);
#16354 = DIRECTION('',(0.,1.));
#16355 = ( GEOMETRIC_REPRESENTATION_CONTEXT(2) 
PARAMETRIC_REPRESENTATION_CONTEXT() REPRESENTATION_CONTEXT('2D SPACE',''
  ) );
#16356 = ORIENTED_EDGE('',*,*,#6100,.T.);
#16357 = ORIENTED_EDGE('',*,*,#16336,.T.);
#16358 = ADVANCED_FACE('',(#16359),#6156,.F.);
#16359 = FACE_BOUND('',#16360,.F.);
#16360 = EDGE_LOOP('',(#16361,#16362,#16383,#16384));
#16361 = ORIENTED_EDGE('',*,*,#11515,.F.);
#16362 = ORIENTED_EDGE('',*,*,#16363,.F.);
#16363 = EDGE_CURVE('',#6136,#11516,#16364,.T.);
#16364 = SEAM_CURVE('',#16365,(#16369,#16376),.PCURVE_S1.);
#16365 = LINE('',#16366,#16367);
#16366 = CARTESIAN_POINT('',(122.14,-55.82,-1.E-02));
#16367 = VECTOR('',#16368,1.);
#16368 = DIRECTION('',(0.,0.,1.));
#16369 = PCURVE('',#6156,#16370);
#16370 = DEFINITIONAL_REPRESENTATION('',(#16371),#16375);
#16371 = LINE('',#16372,#16373);
#16372 = CARTESIAN_POINT('',(6.28318530718,-0.));
#16373 = VECTOR('',#16374,1.);
#16374 = DIRECTION('',(0.,1.));
#16375 = ( GEOMETRIC_REPRESENTATION_CONTEXT(2) 
PARAMETRIC_REPRESENTATION_CONTEXT() REPRESENTATION_CONTEXT('2D SPACE',''
  ) );
#16376 = PCURVE('',#6156,#16377);
#16377 = DEFINITIONAL_REPRESENTATION('',(#16378),#16382);
#16378 = LINE('',#16379,#16380);
#16379 = CARTESIAN_POINT('',(0.,-0.));
#16380 = VECTOR('',#16381,1.);
#16381 = DIRECTION('',(0.,1.));
#16382 = ( GEOMETRIC_REPRESENTATION_CONTEXT(2) 
PARAMETRIC_REPRESENTATION_CONTEXT() REPRESENTATION_CONTEXT('2D SPACE',''
  ) );
#16383 = ORIENTED_EDGE('',*,*,#6135,.T.);
#16384 = ORIENTED_EDGE('',*,*,#16363,.T.);
#16385 = ADVANCED_FACE('',(#16386),#6191,.F.);
#16386 = FACE_BOUND('',#16387,.F.);
#16387 = EDGE_LOOP('',(#16388,#16389,#16410,#16411));
#16388 = ORIENTED_EDGE('',*,*,#11545,.F.);
#16389 = ORIENTED_EDGE('',*,*,#16390,.F.);
#16390 = EDGE_CURVE('',#6171,#11546,#16391,.T.);
#16391 = SEAM_CURVE('',#16392,(#16396,#16403),.PCURVE_S1.);
#16392 = LINE('',#16393,#16394);
#16393 = CARTESIAN_POINT('',(124.68,-53.28,-1.E-02));
#16394 = VECTOR('',#16395,1.);
#16395 = DIRECTION('',(0.,0.,1.));
#16396 = PCURVE('',#6191,#16397);
#16397 = DEFINITIONAL_REPRESENTATION('',(#16398),#16402);
#16398 = LINE('',#16399,#16400);
#16399 = CARTESIAN_POINT('',(6.28318530718,-0.));
#16400 = VECTOR('',#16401,1.);
#16401 = DIRECTION('',(0.,1.));
#16402 = ( GEOMETRIC_REPRESENTATION_CONTEXT(2) 
PARAMETRIC_REPRESENTATION_CONTEXT() REPRESENTATION_CONTEXT('2D SPACE',''
  ) );
#16403 = PCURVE('',#6191,#16404);
#16404 = DEFINITIONAL_REPRESENTATION('',(#16405),#16409);
#16405 = LINE('',#16406,#16407);
#16406 = CARTESIAN_POINT('',(0.,-0.));
#16407 = VECTOR('',#16408,1.);
#16408 = DIRECTION('',(0.,1.));
#16409 = ( GEOMETRIC_REPRESENTATION_CONTEXT(2) 
PARAMETRIC_REPRESENTATION_CONTEXT() REPRESENTATION_CONTEXT('2D SPACE',''
  ) );
#16410 = ORIENTED_EDGE('',*,*,#6170,.T.);
#16411 = ORIENTED_EDGE('',*,*,#16390,.T.);
#16412 = ADVANCED_FACE('',(#16413),#6226,.F.);
#16413 = FACE_BOUND('',#16414,.F.);
#16414 = EDGE_LOOP('',(#16415,#16416,#16437,#16438));
#16415 = ORIENTED_EDGE('',*,*,#11575,.F.);
#16416 = ORIENTED_EDGE('',*,*,#16417,.F.);
#16417 = EDGE_CURVE('',#6206,#11576,#16418,.T.);
#16418 = SEAM_CURVE('',#16419,(#16423,#16430),.PCURVE_S1.);
#16419 = LINE('',#16420,#16421);
#16420 = CARTESIAN_POINT('',(122.14,-53.28,-1.E-02));
#16421 = VECTOR('',#16422,1.);
#16422 = DIRECTION('',(0.,0.,1.));
#16423 = PCURVE('',#6226,#16424);
#16424 = DEFINITIONAL_REPRESENTATION('',(#16425),#16429);
#16425 = LINE('',#16426,#16427);
#16426 = CARTESIAN_POINT('',(6.28318530718,-0.));
#16427 = VECTOR('',#16428,1.);
#16428 = DIRECTION('',(0.,1.));
#16429 = ( GEOMETRIC_REPRESENTATION_CONTEXT(2) 
PARAMETRIC_REPRESENTATION_CONTEXT() REPRESENTATION_CONTEXT('2D SPACE',''
  ) );
#16430 = PCURVE('',#6226,#16431);
#16431 = DEFINITIONAL_REPRESENTATION('',(#16432),#16436);
#16432 = LINE('',#16433,#16434);
#16433 = CARTESIAN_POINT('',(0.,-0.));
#16434 = VECTOR('',#16435,1.);
#16435 = DIRECTION('',(0.,1.));
#16436 = ( GEOMETRIC_REPRESENTATION_CONTEXT(2) 
PARAMETRIC_REPRESENTATION_CONTEXT() REPRESENTATION_CONTEXT('2D SPACE',''
  ) );
#16437 = ORIENTED_EDGE('',*,*,#6205,.T.);
#16438 = ORIENTED_EDGE('',*,*,#16417,.T.);
#16439 = ADVANCED_FACE('',(#16440),#6261,.F.);
#16440 = FACE_BOUND('',#16441,.F.);
#16441 = EDGE_LOOP('',(#16442,#16443,#16464,#16465));
#16442 = ORIENTED_EDGE('',*,*,#11605,.F.);
#16443 = ORIENTED_EDGE('',*,*,#16444,.F.);
#16444 = EDGE_CURVE('',#6241,#11606,#16445,.T.);
#16445 = SEAM_CURVE('',#16446,(#16450,#16457),.PCURVE_S1.);
#16446 = LINE('',#16447,#16448);
#16447 = CARTESIAN_POINT('',(119.6,-60.9,-1.E-02));
#16448 = VECTOR('',#16449,1.);
#16449 = DIRECTION('',(0.,0.,1.));
#16450 = PCURVE('',#6261,#16451);
#16451 = DEFINITIONAL_REPRESENTATION('',(#16452),#16456);
#16452 = LINE('',#16453,#16454);
#16453 = CARTESIAN_POINT('',(6.28318530718,-0.));
#16454 = VECTOR('',#16455,1.);
#16455 = DIRECTION('',(0.,1.));
#16456 = ( GEOMETRIC_REPRESENTATION_CONTEXT(2) 
PARAMETRIC_REPRESENTATION_CONTEXT() REPRESENTATION_CONTEXT('2D SPACE',''
  ) );
#16457 = PCURVE('',#6261,#16458);
#16458 = DEFINITIONAL_REPRESENTATION('',(#16459),#16463);
#16459 = LINE('',#16460,#16461);
#16460 = CARTESIAN_POINT('',(0.,-0.));
#16461 = VECTOR('',#16462,1.);
#16462 = DIRECTION('',(0.,1.));
#16463 = ( GEOMETRIC_REPRESENTATION_CONTEXT(2) 
PARAMETRIC_REPRESENTATION_CONTEXT() REPRESENTATION_CONTEXT('2D SPACE',''
  ) );
#16464 = ORIENTED_EDGE('',*,*,#6240,.T.);
#16465 = ORIENTED_EDGE('',*,*,#16444,.T.);
#16466 = ADVANCED_FACE('',(#16467),#6296,.F.);
#16467 = FACE_BOUND('',#16468,.F.);
#16468 = EDGE_LOOP('',(#16469,#16470,#16491,#16492));
#16469 = ORIENTED_EDGE('',*,*,#11635,.F.);
#16470 = ORIENTED_EDGE('',*,*,#16471,.F.);
#16471 = EDGE_CURVE('',#6276,#11636,#16472,.T.);
#16472 = SEAM_CURVE('',#16473,(#16477,#16484),.PCURVE_S1.);
#16473 = LINE('',#16474,#16475);
#16474 = CARTESIAN_POINT('',(117.06,-60.9,-1.E-02));
#16475 = VECTOR('',#16476,1.);
#16476 = DIRECTION('',(0.,0.,1.));
#16477 = PCURVE('',#6296,#16478);
#16478 = DEFINITIONAL_REPRESENTATION('',(#16479),#16483);
#16479 = LINE('',#16480,#16481);
#16480 = CARTESIAN_POINT('',(6.28318530718,-0.));
#16481 = VECTOR('',#16482,1.);
#16482 = DIRECTION('',(0.,1.));
#16483 = ( GEOMETRIC_REPRESENTATION_CONTEXT(2) 
PARAMETRIC_REPRESENTATION_CONTEXT() REPRESENTATION_CONTEXT('2D SPACE',''
  ) );
#16484 = PCURVE('',#6296,#16485);
#16485 = DEFINITIONAL_REPRESENTATION('',(#16486),#16490);
#16486 = LINE('',#16487,#16488);
#16487 = CARTESIAN_POINT('',(0.,-0.));
#16488 = VECTOR('',#16489,1.);
#16489 = DIRECTION('',(0.,1.));
#16490 = ( GEOMETRIC_REPRESENTATION_CONTEXT(2) 
PARAMETRIC_REPRESENTATION_CONTEXT() REPRESENTATION_CONTEXT('2D SPACE',''
  ) );
#16491 = ORIENTED_EDGE('',*,*,#6275,.T.);
#16492 = ORIENTED_EDGE('',*,*,#16471,.T.);
#16493 = ADVANCED_FACE('',(#16494),#6331,.F.);
#16494 = FACE_BOUND('',#16495,.F.);
#16495 = EDGE_LOOP('',(#16496,#16497,#16518,#16519));
#16496 = ORIENTED_EDGE('',*,*,#11665,.F.);
#16497 = ORIENTED_EDGE('',*,*,#16498,.F.);
#16498 = EDGE_CURVE('',#6311,#11666,#16499,.T.);
#16499 = SEAM_CURVE('',#16500,(#16504,#16511),.PCURVE_S1.);
#16500 = LINE('',#16501,#16502);
#16501 = CARTESIAN_POINT('',(119.6,-58.36,-1.E-02));
#16502 = VECTOR('',#16503,1.);
#16503 = DIRECTION('',(0.,0.,1.));
#16504 = PCURVE('',#6331,#16505);
#16505 = DEFINITIONAL_REPRESENTATION('',(#16506),#16510);
#16506 = LINE('',#16507,#16508);
#16507 = CARTESIAN_POINT('',(6.28318530718,-0.));
#16508 = VECTOR('',#16509,1.);
#16509 = DIRECTION('',(0.,1.));
#16510 = ( GEOMETRIC_REPRESENTATION_CONTEXT(2) 
PARAMETRIC_REPRESENTATION_CONTEXT() REPRESENTATION_CONTEXT('2D SPACE',''
  ) );
#16511 = PCURVE('',#6331,#16512);
#16512 = DEFINITIONAL_REPRESENTATION('',(#16513),#16517);
#16513 = LINE('',#16514,#16515);
#16514 = CARTESIAN_POINT('',(0.,-0.));
#16515 = VECTOR('',#16516,1.);
#16516 = DIRECTION('',(0.,1.));
#16517 = ( GEOMETRIC_REPRESENTATION_CONTEXT(2) 
PARAMETRIC_REPRESENTATION_CONTEXT() REPRESENTATION_CONTEXT('2D SPACE',''
  ) );
#16518 = ORIENTED_EDGE('',*,*,#6310,.T.);
#16519 = ORIENTED_EDGE('',*,*,#16498,.T.);
#16520 = ADVANCED_FACE('',(#16521),#6366,.F.);
#16521 = FACE_BOUND('',#16522,.F.);
#16522 = EDGE_LOOP('',(#16523,#16524,#16545,#16546));
#16523 = ORIENTED_EDGE('',*,*,#11695,.F.);
#16524 = ORIENTED_EDGE('',*,*,#16525,.F.);
#16525 = EDGE_CURVE('',#6346,#11696,#16526,.T.);
#16526 = SEAM_CURVE('',#16527,(#16531,#16538),.PCURVE_S1.);
#16527 = LINE('',#16528,#16529);
#16528 = CARTESIAN_POINT('',(117.06,-58.36,-1.E-02));
#16529 = VECTOR('',#16530,1.);
#16530 = DIRECTION('',(0.,0.,1.));
#16531 = PCURVE('',#6366,#16532);
#16532 = DEFINITIONAL_REPRESENTATION('',(#16533),#16537);
#16533 = LINE('',#16534,#16535);
#16534 = CARTESIAN_POINT('',(6.28318530718,-0.));
#16535 = VECTOR('',#16536,1.);
#16536 = DIRECTION('',(0.,1.));
#16537 = ( GEOMETRIC_REPRESENTATION_CONTEXT(2) 
PARAMETRIC_REPRESENTATION_CONTEXT() REPRESENTATION_CONTEXT('2D SPACE',''
  ) );
#16538 = PCURVE('',#6366,#16539);
#16539 = DEFINITIONAL_REPRESENTATION('',(#16540),#16544);
#16540 = LINE('',#16541,#16542);
#16541 = CARTESIAN_POINT('',(0.,-0.));
#16542 = VECTOR('',#16543,1.);
#16543 = DIRECTION('',(0.,1.));
#16544 = ( GEOMETRIC_REPRESENTATION_CONTEXT(2) 
PARAMETRIC_REPRESENTATION_CONTEXT() REPRESENTATION_CONTEXT('2D SPACE',''
  ) );
#16545 = ORIENTED_EDGE('',*,*,#6345,.T.);
#16546 = ORIENTED_EDGE('',*,*,#16525,.T.);
#16547 = ADVANCED_FACE('',(#16548),#6401,.F.);
#16548 = FACE_BOUND('',#16549,.F.);
#16549 = EDGE_LOOP('',(#16550,#16551,#16572,#16573));
#16550 = ORIENTED_EDGE('',*,*,#11725,.F.);
#16551 = ORIENTED_EDGE('',*,*,#16552,.F.);
#16552 = EDGE_CURVE('',#6381,#11726,#16553,.T.);
#16553 = SEAM_CURVE('',#16554,(#16558,#16565),.PCURVE_S1.);
#16554 = LINE('',#16555,#16556);
#16555 = CARTESIAN_POINT('',(119.6,-55.82,-1.E-02));
#16556 = VECTOR('',#16557,1.);
#16557 = DIRECTION('',(0.,0.,1.));
#16558 = PCURVE('',#6401,#16559);
#16559 = DEFINITIONAL_REPRESENTATION('',(#16560),#16564);
#16560 = LINE('',#16561,#16562);
#16561 = CARTESIAN_POINT('',(6.28318530718,-0.));
#16562 = VECTOR('',#16563,1.);
#16563 = DIRECTION('',(0.,1.));
#16564 = ( GEOMETRIC_REPRESENTATION_CONTEXT(2) 
PARAMETRIC_REPRESENTATION_CONTEXT() REPRESENTATION_CONTEXT('2D SPACE',''
  ) );
#16565 = PCURVE('',#6401,#16566);
#16566 = DEFINITIONAL_REPRESENTATION('',(#16567),#16571);
#16567 = LINE('',#16568,#16569);
#16568 = CARTESIAN_POINT('',(0.,-0.));
#16569 = VECTOR('',#16570,1.);
#16570 = DIRECTION('',(0.,1.));
#16571 = ( GEOMETRIC_REPRESENTATION_CONTEXT(2) 
PARAMETRIC_REPRESENTATION_CONTEXT() REPRESENTATION_CONTEXT('2D SPACE',''
  ) );
#16572 = ORIENTED_EDGE('',*,*,#6380,.T.);
#16573 = ORIENTED_EDGE('',*,*,#16552,.T.);
#16574 = ADVANCED_FACE('',(#16575),#6436,.F.);
#16575 = FACE_BOUND('',#16576,.F.);
#16576 = EDGE_LOOP('',(#16577,#16578,#16599,#16600));
#16577 = ORIENTED_EDGE('',*,*,#11755,.F.);
#16578 = ORIENTED_EDGE('',*,*,#16579,.F.);
#16579 = EDGE_CURVE('',#6416,#11756,#16580,.T.);
#16580 = SEAM_CURVE('',#16581,(#16585,#16592),.PCURVE_S1.);
#16581 = LINE('',#16582,#16583);
#16582 = CARTESIAN_POINT('',(117.06,-55.82,-1.E-02));
#16583 = VECTOR('',#16584,1.);
#16584 = DIRECTION('',(0.,0.,1.));
#16585 = PCURVE('',#6436,#16586);
#16586 = DEFINITIONAL_REPRESENTATION('',(#16587),#16591);
#16587 = LINE('',#16588,#16589);
#16588 = CARTESIAN_POINT('',(6.28318530718,-0.));
#16589 = VECTOR('',#16590,1.);
#16590 = DIRECTION('',(0.,1.));
#16591 = ( GEOMETRIC_REPRESENTATION_CONTEXT(2) 
PARAMETRIC_REPRESENTATION_CONTEXT() REPRESENTATION_CONTEXT('2D SPACE',''
  ) );
#16592 = PCURVE('',#6436,#16593);
#16593 = DEFINITIONAL_REPRESENTATION('',(#16594),#16598);
#16594 = LINE('',#16595,#16596);
#16595 = CARTESIAN_POINT('',(0.,-0.));
#16596 = VECTOR('',#16597,1.);
#16597 = DIRECTION('',(0.,1.));
#16598 = ( GEOMETRIC_REPRESENTATION_CONTEXT(2) 
PARAMETRIC_REPRESENTATION_CONTEXT() REPRESENTATION_CONTEXT('2D SPACE',''
  ) );
#16599 = ORIENTED_EDGE('',*,*,#6415,.T.);
#16600 = ORIENTED_EDGE('',*,*,#16579,.T.);
#16601 = ADVANCED_FACE('',(#16602),#6471,.F.);
#16602 = FACE_BOUND('',#16603,.F.);
#16603 = EDGE_LOOP('',(#16604,#16605,#16626,#16627));
#16604 = ORIENTED_EDGE('',*,*,#11785,.F.);
#16605 = ORIENTED_EDGE('',*,*,#16606,.F.);
#16606 = EDGE_CURVE('',#6451,#11786,#16607,.T.);
#16607 = SEAM_CURVE('',#16608,(#16612,#16619),.PCURVE_S1.);
#16608 = LINE('',#16609,#16610);
#16609 = CARTESIAN_POINT('',(119.6,-53.28,-1.E-02));
#16610 = VECTOR('',#16611,1.);
#16611 = DIRECTION('',(0.,0.,1.));
#16612 = PCURVE('',#6471,#16613);
#16613 = DEFINITIONAL_REPRESENTATION('',(#16614),#16618);
#16614 = LINE('',#16615,#16616);
#16615 = CARTESIAN_POINT('',(6.28318530718,-0.));
#16616 = VECTOR('',#16617,1.);
#16617 = DIRECTION('',(0.,1.));
#16618 = ( GEOMETRIC_REPRESENTATION_CONTEXT(2) 
PARAMETRIC_REPRESENTATION_CONTEXT() REPRESENTATION_CONTEXT('2D SPACE',''
  ) );
#16619 = PCURVE('',#6471,#16620);
#16620 = DEFINITIONAL_REPRESENTATION('',(#16621),#16625);
#16621 = LINE('',#16622,#16623);
#16622 = CARTESIAN_POINT('',(0.,-0.));
#16623 = VECTOR('',#16624,1.);
#16624 = DIRECTION('',(0.,1.));
#16625 = ( GEOMETRIC_REPRESENTATION_CONTEXT(2) 
PARAMETRIC_REPRESENTATION_CONTEXT() REPRESENTATION_CONTEXT('2D SPACE',''
  ) );
#16626 = ORIENTED_EDGE('',*,*,#6450,.T.);
#16627 = ORIENTED_EDGE('',*,*,#16606,.T.);
#16628 = ADVANCED_FACE('',(#16629),#6506,.F.);
#16629 = FACE_BOUND('',#16630,.F.);
#16630 = EDGE_LOOP('',(#16631,#16632,#16653,#16654));
#16631 = ORIENTED_EDGE('',*,*,#11815,.F.);
#16632 = ORIENTED_EDGE('',*,*,#16633,.F.);
#16633 = EDGE_CURVE('',#6486,#11816,#16634,.T.);
#16634 = SEAM_CURVE('',#16635,(#16639,#16646),.PCURVE_S1.);
#16635 = LINE('',#16636,#16637);
#16636 = CARTESIAN_POINT('',(117.06,-53.28,-1.E-02));
#16637 = VECTOR('',#16638,1.);
#16638 = DIRECTION('',(0.,0.,1.));
#16639 = PCURVE('',#6506,#16640);
#16640 = DEFINITIONAL_REPRESENTATION('',(#16641),#16645);
#16641 = LINE('',#16642,#16643);
#16642 = CARTESIAN_POINT('',(6.28318530718,-0.));
#16643 = VECTOR('',#16644,1.);
#16644 = DIRECTION('',(0.,1.));
#16645 = ( GEOMETRIC_REPRESENTATION_CONTEXT(2) 
PARAMETRIC_REPRESENTATION_CONTEXT() REPRESENTATION_CONTEXT('2D SPACE',''
  ) );
#16646 = PCURVE('',#6506,#16647);
#16647 = DEFINITIONAL_REPRESENTATION('',(#16648),#16652);
#16648 = LINE('',#16649,#16650);
#16649 = CARTESIAN_POINT('',(0.,-0.));
#16650 = VECTOR('',#16651,1.);
#16651 = DIRECTION('',(0.,1.));
#16652 = ( GEOMETRIC_REPRESENTATION_CONTEXT(2) 
PARAMETRIC_REPRESENTATION_CONTEXT() REPRESENTATION_CONTEXT('2D SPACE',''
  ) );
#16653 = ORIENTED_EDGE('',*,*,#6485,.T.);
#16654 = ORIENTED_EDGE('',*,*,#16633,.T.);
#16655 = ( GEOMETRIC_REPRESENTATION_CONTEXT(3) 
GLOBAL_UNCERTAINTY_ASSIGNED_CONTEXT((#16659)) 
GLOBAL_UNIT_ASSIGNED_CONTEXT((#16656,#16657,#16658)) 
REPRESENTATION_CONTEXT('Context #1',
  '3D Context with UNIT and UNCERTAINTY') );
#16656 = ( LENGTH_UNIT() NAMED_UNIT(*) SI_UNIT(.MILLI.,.METRE.) );
#16657 = ( NAMED_UNIT(*) PLANE_ANGLE_UNIT() SI_UNIT($,.RADIAN.) );
#16658 = ( NAMED_UNIT(*) SI_UNIT($,.STERADIAN.) SOLID_ANGLE_UNIT() );
#16659 = UNCERTAINTY_MEASURE_WITH_UNIT(LENGTH_MEASURE(1.E-07),#16656,
  'distance_accuracy_value','confusion accuracy');
#16660 = CONTEXT_DEPENDENT_SHAPE_REPRESENTATION(#16661,#16663);
#16661 = ( REPRESENTATION_RELATIONSHIP('','',#32,#10) 
REPRESENTATION_RELATIONSHIP_WITH_TRANSFORMATION(#16662) 
SHAPE_REPRESENTATION_RELATIONSHIP() );
#16662 = ITEM_DEFINED_TRANSFORMATION('','',#11,#15);
#16663 = PRODUCT_DEFINITION_SHAPE('Placement','Placement of an item',
  #16664);
#16664 = NEXT_ASSEMBLY_USAGE_OCCURRENCE('1','=>[0:1:1:2]','',#5,#27,$);
#16665 = PRODUCT_RELATED_PRODUCT_CATEGORY('part',$,(#29));
#16666 = SHAPE_DEFINITION_REPRESENTATION(#16663,#16667);
#16667 = SHAPE_REPRESENTATION('',(#15),#16655);
#16668 = MECHANICAL_DESIGN_GEOMETRIC_PRESENTATION_REPRESENTATION('',(
    #16669,#16677),#16655);
#16669 = STYLED_ITEM('color',(#16670),#33);
#16670 = PRESENTATION_STYLE_ASSIGNMENT((#16671));
#16671 = SURFACE_STYLE_USAGE(.BOTH.,#16672);
#16672 = SURFACE_SIDE_STYLE('',(#16673));
#16673 = SURFACE_STYLE_FILL_AREA(#16674);
#16674 = FILL_AREA_STYLE('',(#16675));
#16675 = FILL_AREA_STYLE_COLOUR('',#16676);
#16676 = COLOUR_RGB('',0.313304153717,0.484529207832,0.410020903123);
#16677 = OVER_RIDING_STYLED_ITEM('overriding color',(#16678),#33,#16669
  );
#16678 = PRESENTATION_STYLE_BY_CONTEXT((#16679),#16667);
#16679 = SURFACE_STYLE_USAGE(.BOTH.,#16680);
#16680 = SURFACE_SIDE_STYLE('',(#16681));
#16681 = SURFACE_STYLE_FILL_AREA(#16682);
#16682 = FILL_AREA_STYLE('',(#16683));
#16683 = FILL_AREA_STYLE_COLOUR('',#16684);
#16684 = COLOUR_RGB('',0.313304153717,0.484529207832,0.410020903123);
ENDSEC;
END-ISO-10303-21;
